row_id,tier,source_key,source_citation,source_doi,source_table,source_case_id,origin_refs,origin_citations,paper_split,split,perveance_uperv,rw_mm,C,theta_cone_deg,theta_source,theta_ann_panahi_deg,theta_iterative_deg,theta_noniterative_deg,theta_modified_noniter_deg,beam_type,rc_mm,Rc_mm,derived_fields,generator_mre_pct,generator_envelope,orig_units,notes
SYN-00001,B_synthetic,project_physics_generator,"Generated by this project's implementation of the classical Pierce synthesis physics. Validated against Panahi et al. 2025 Table 2 over the C >= 8 envelope: MAE 0.85 deg, MRE 2.80% across 23 published cases. NOT experimental data.",,generated,,,,,train,3.0000,0.6200,207.6000,70.1580,physics_generator,,70.1580,,,pencil,8.9332,9.4970,theta_cone_deg;theta_iterative_deg;rc_mm;Rc_mm,2.80,C >= 8,P in microperv; rw in mm; C dimensionless; angles in degrees,"SYNTHETIC - physics model output, not a measurement. Aperture-lens coefficient c=0.62. anchor at the inputs of real case 1"
SYN-00002,B_synthetic,project_physics_generator,"Generated by this project's implementation of the classical Pierce synthesis physics. Validated against Panahi et al. 2025 Table 2 over the C >= 8 envelope: MAE 0.85 deg, MRE 2.80% across 23 published cases. NOT experimental data.",,generated,,,,,train,2.2000,0.5100,306.3000,59.5783,physics_generator,,59.5783,,,pencil,8.9257,10.3508,theta_cone_deg;theta_iterative_deg;rc_mm;Rc_mm,2.80,C >= 8,P in microperv; rw in mm; C dimensionless; angles in degrees,"SYNTHETIC - physics model output, not a measurement. Aperture-lens coefficient c=0.62. anchor at the inputs of real case 2"
SYN-00003,B_synthetic,project_physics_generator,"Generated by this project's implementation of the classical Pierce synthesis physics. Validated against Panahi et al. 2025 Table 2 over the C >= 8 envelope: MAE 0.85 deg, MRE 2.80% across 23 published cases. NOT experimental data.",,generated,,,,,train,2.2900,2.3500,18.1100,38.9152,physics_generator,,38.9152,,,pencil,10.0006,15.9203,theta_cone_deg;theta_iterative_deg;rc_mm;Rc_mm,2.80,C >= 8,P in microperv; rw in mm; C dimensionless; angles in degrees,"SYNTHETIC - physics model output, not a measurement. Aperture-lens coefficient c=0.62. anchor at the inputs of real case 5"
SYN-00004,B_synthetic,project_physics_generator,"Generated by this project's implementation of the classical Pierce synthesis physics. Validated against Panahi et al. 2025 Table 2 over the C >= 8 envelope: MAE 0.85 deg, MRE 2.80% across 23 published cases. NOT experimental data.",,generated,,,,,train,2.3300,3.2300,9.5900,32.9421,physics_generator,,32.9421,,,pencil,10.0026,18.3941,theta_cone_deg;theta_iterative_deg;rc_mm;Rc_mm,2.80,C >= 8,P in microperv; rw in mm; C dimensionless; angles in degrees,"SYNTHETIC - physics model output, not a measurement. Aperture-lens coefficient c=0.62. anchor at the inputs of real case 8"
SYN-00005,B_synthetic,project_physics_generator,"Generated by this project's implementation of the classical Pierce synthesis physics. Validated against Panahi et al. 2025 Table 2 over the C >= 8 envelope: MAE 0.85 deg, MRE 2.80% across 23 published cases. NOT experimental data.",,generated,,,,,train,1.9000,1.3500,35.5500,40.2756,physics_generator,,40.2756,,,pencil,8.0492,12.4511,theta_cone_deg;theta_iterative_deg;rc_mm;Rc_mm,2.80,C >= 8,P in microperv; rw in mm; C dimensionless; angles in degrees,"SYNTHETIC - physics model output, not a measurement. Aperture-lens coefficient c=0.62. anchor at the inputs of real case 9"
SYN-00006,B_synthetic,project_physics_generator,"Generated by this project's implementation of the classical Pierce synthesis physics. Validated against Panahi et al. 2025 Table 2 over the C >= 8 envelope: MAE 0.85 deg, MRE 2.80% across 23 published cases. NOT experimental data.",,generated,,,,,train,1.3200,1.4100,50.3000,34.9893,physics_generator,,34.9893,,,pencil,10.0001,17.4392,theta_cone_deg;theta_iterative_deg;rc_mm;Rc_mm,2.80,C >= 8,P in microperv; rw in mm; C dimensionless; angles in degrees,"SYNTHETIC - physics model output, not a measurement. Aperture-lens coefficient c=0.62. anchor at the inputs of real case 11"
SYN-00007,B_synthetic,project_physics_generator,"Generated by this project's implementation of the classical Pierce synthesis physics. Validated against Panahi et al. 2025 Table 2 over the C >= 8 envelope: MAE 0.85 deg, MRE 2.80% across 23 published cases. NOT experimental data.",,generated,,,,,train,1.5200,2.8100,12.6600,28.6900,physics_generator,,28.6900,,,pencil,9.9982,20.8266,theta_cone_deg;theta_iterative_deg;rc_mm;Rc_mm,2.80,C >= 8,P in microperv; rw in mm; C dimensionless; angles in degrees,"SYNTHETIC - physics model output, not a measurement. Aperture-lens coefficient c=0.62. anchor at the inputs of real case 13"
SYN-00008,B_synthetic,project_physics_generator,"Generated by this project's implementation of the classical Pierce synthesis physics. Validated against Panahi et al. 2025 Table 2 over the C >= 8 envelope: MAE 0.85 deg, MRE 2.80% across 23 published cases. NOT experimental data.",,generated,,,,,train,1.3400,1.9500,26.3000,31.6345,physics_generator,,31.6345,,,pencil,10.0003,19.0664,theta_cone_deg;theta_iterative_deg;rc_mm;Rc_mm,2.80,C >= 8,P in microperv; rw in mm; C dimensionless; angles in degrees,"SYNTHETIC - physics model output, not a measurement. Aperture-lens coefficient c=0.62. anchor at the inputs of real case 14"
SYN-00009,B_synthetic,project_physics_generator,"Generated by this project's implementation of the classical Pierce synthesis physics. Validated against Panahi et al. 2025 Table 2 over the C >= 8 envelope: MAE 0.85 deg, MRE 2.80% across 23 published cases. NOT experimental data.",,generated,,,,,train,1.3200,2.9300,11.6500,26.0703,physics_generator,,26.0703,,,pencil,10.0007,22.7561,theta_cone_deg;theta_iterative_deg;rc_mm;Rc_mm,2.80,C >= 8,P in microperv; rw in mm; C dimensionless; angles in degrees,"SYNTHETIC - physics model output, not a measurement. Aperture-lens coefficient c=0.62. anchor at the inputs of real case 16"
SYN-00010,B_synthetic,project_physics_generator,"Generated by this project's implementation of the classical Pierce synthesis physics. Validated against Panahi et al. 2025 Table 2 over the C >= 8 envelope: MAE 0.85 deg, MRE 2.80% across 23 published cases. NOT experimental data.",,generated,,,,,train,0.7900,2.0300,24.2700,23.6830,physics_generator,,23.6830,,,pencil,10.0007,24.8975,theta_cone_deg;theta_iterative_deg;rc_mm;Rc_mm,2.80,C >= 8,P in microperv; rw in mm; C dimensionless; angles in degrees,"SYNTHETIC - physics model output, not a measurement. Aperture-lens coefficient c=0.62. anchor at the inputs of real case 20"
SYN-00011,B_synthetic,project_physics_generator,"Generated by this project's implementation of the classical Pierce synthesis physics. Validated against Panahi et al. 2025 Table 2 over the C >= 8 envelope: MAE 0.85 deg, MRE 2.80% across 23 published cases. NOT experimental data.",,generated,,,,,train,0.7700,1.8300,29.8600,24.2610,physics_generator,,24.2610,,,pencil,9.9999,24.3370,theta_cone_deg;theta_iterative_deg;rc_mm;Rc_mm,2.80,C >= 8,P in microperv; rw in mm; C dimensionless; angles in degrees,"SYNTHETIC - physics model output, not a measurement. Aperture-lens coefficient c=0.62. anchor at the inputs of real case 21"
SYN-00012,B_synthetic,project_physics_generator,"Generated by this project's implementation of the classical Pierce synthesis physics. Validated against Panahi et al. 2025 Table 2 over the C >= 8 envelope: MAE 0.85 deg, MRE 2.80% across 23 published cases. NOT experimental data.",,generated,,,,,train,0.5300,1.8200,30.1900,20.0708,physics_generator,,20.0708,,,pencil,10.0001,29.1393,theta_cone_deg;theta_iterative_deg;rc_mm;Rc_mm,2.80,C >= 8,P in microperv; rw in mm; C dimensionless; angles in degrees,"SYNTHETIC - physics model output, not a measurement. Aperture-lens coefficient c=0.62. anchor at the inputs of real case 22"
SYN-00013,B_synthetic,project_physics_generator,"Generated by this project's implementation of the classical Pierce synthesis physics. Validated against Panahi et al. 2025 Table 2 over the C >= 8 envelope: MAE 0.85 deg, MRE 2.80% across 23 published cases. NOT experimental data.",,generated,,,,,train,0.3200,1.4600,46.9100,16.6258,physics_generator,,16.6258,,,pencil,9.9997,34.9492,theta_cone_deg;theta_iterative_deg;rc_mm;Rc_mm,2.80,C >= 8,P in microperv; rw in mm; C dimensionless; angles in degrees,"SYNTHETIC - physics model output, not a measurement. Aperture-lens coefficient c=0.62. anchor at the inputs of real case 23"
SYN-00014,B_synthetic,project_physics_generator,"Generated by this project's implementation of the classical Pierce synthesis physics. Validated against Panahi et al. 2025 Table 2 over the C >= 8 envelope: MAE 0.85 deg, MRE 2.80% across 23 published cases. NOT experimental data.",,generated,,,,,train,0.3000,2.0100,24.7500,14.5225,physics_generator,,14.5225,,,pencil,9.9996,39.8773,theta_cone_deg;theta_iterative_deg;rc_mm;Rc_mm,2.80,C >= 8,P in microperv; rw in mm; C dimensionless; angles in degrees,"SYNTHETIC - physics model output, not a measurement. Aperture-lens coefficient c=0.62. anchor at the inputs of real case 24"
SYN-00015,B_synthetic,project_physics_generator,"Generated by this project's implementation of the classical Pierce synthesis physics. Validated against Panahi et al. 2025 Table 2 over the C >= 8 envelope: MAE 0.85 deg, MRE 2.80% across 23 published cases. NOT experimental data.",,generated,,,,,train,0.5500,0.9400,11.4100,16.5981,physics_generator,,16.5981,,,pencil,3.1752,11.1155,theta_cone_deg;theta_iterative_deg;rc_mm;Rc_mm,2.80,C >= 8,P in microperv; rw in mm; C dimensionless; angles in degrees,"SYNTHETIC - physics model output, not a measurement. Aperture-lens coefficient c=0.62. anchor at the inputs of real case 25"
SYN-00016,B_synthetic,project_physics_generator,"Generated by this project's implementation of the classical Pierce synthesis physics. Validated against Panahi et al. 2025 Table 2 over the C >= 8 envelope: MAE 0.85 deg, MRE 2.80% across 23 published cases. NOT experimental data.",,generated,,,,,train,0.3800,0.7700,9.3100,12.9568,physics_generator,,12.9568,,,pencil,2.3494,10.4785,theta_cone_deg;theta_iterative_deg;rc_mm;Rc_mm,2.80,C >= 8,P in microperv; rw in mm; C dimensionless; angles in degrees,"SYNTHETIC - physics model output, not a measurement. Aperture-lens coefficient c=0.62. anchor at the inputs of real case 30"
SYN-00017,B_synthetic,project_physics_generator,"Generated by this project's implementation of the classical Pierce synthesis physics. Validated against Panahi et al. 2025 Table 2 over the C >= 8 envelope: MAE 0.85 deg, MRE 2.80% across 23 published cases. NOT experimental data.",,generated,,,,,train,3.0372,1.8618,23.3913,48.1446,physics_generator,,48.1446,,,pencil,9.0046,12.0894,theta_cone_deg;theta_iterative_deg;rc_mm;Rc_mm,2.80,C >= 8,P in microperv; rw in mm; C dimensionless; angles in degrees,"SYNTHETIC - physics model output, not a measurement. Aperture-lens coefficient c=0.62."
SYN-00018,B_synthetic,project_physics_generator,"Generated by this project's implementation of the classical Pierce synthesis physics. Validated against Panahi et al. 2025 Table 2 over the C >= 8 envelope: MAE 0.85 deg, MRE 2.80% across 23 published cases. NOT experimental data.",,generated,,,,,train,0.8679,2.5361,52.1643,28.1807,physics_generator,,28.1807,,,pencil,18.3170,38.7864,theta_cone_deg;theta_iterative_deg;rc_mm;Rc_mm,2.80,C >= 8,P in microperv; rw in mm; C dimensionless; angles in degrees,"SYNTHETIC - physics model output, not a measurement. Aperture-lens coefficient c=0.62."
SYN-00019,B_synthetic,project_physics_generator,"Generated by this project's implementation of the classical Pierce synthesis physics. Validated against Panahi et al. 2025 Table 2 over the C >= 8 envelope: MAE 0.85 deg, MRE 2.80% across 23 published cases. NOT experimental data.",,generated,,,,,train,1.3516,0.8758,15.9549,28.6178,physics_generator,,28.6178,,,pencil,3.4983,7.3039,theta_cone_deg;theta_iterative_deg;rc_mm;Rc_mm,2.80,C >= 8,P in microperv; rw in mm; C dimensionless; angles in degrees,"SYNTHETIC - physics model output, not a measurement. Aperture-lens coefficient c=0.62."
SYN-00020,B_synthetic,project_physics_generator,"Generated by this project's implementation of the classical Pierce synthesis physics. Validated against Panahi et al. 2025 Table 2 over the C >= 8 envelope: MAE 0.85 deg, MRE 2.80% across 23 published cases. NOT experimental data.",,generated,,,,,train,2.5838,3.7093,224.8590,63.7615,physics_generator,,63.7615,,,pencil,55.6220,62.0115,theta_cone_deg;theta_iterative_deg;rc_mm;Rc_mm,2.80,C >= 8,P in microperv; rw in mm; C dimensionless; angles in degrees,"SYNTHETIC - physics model output, not a measurement. Aperture-lens coefficient c=0.62."
SYN-00021,B_synthetic,project_physics_generator,"Generated by this project's implementation of the classical Pierce synthesis physics. Validated against Panahi et al. 2025 Table 2 over the C >= 8 envelope: MAE 0.85 deg, MRE 2.80% across 23 published cases. NOT experimental data.",,generated,,,,,train,2.0492,1.0429,92.3412,48.7789,physics_generator,,48.7789,,,pencil,10.0216,13.3236,theta_cone_deg;theta_iterative_deg;rc_mm;Rc_mm,2.80,C >= 8,P in microperv; rw in mm; C dimensionless; angles in degrees,"SYNTHETIC - physics model output, not a measurement. Aperture-lens coefficient c=0.62."
SYN-00022,B_synthetic,project_physics_generator,"Generated by this project's implementation of the classical Pierce synthesis physics. Validated against Panahi et al. 2025 Table 2 over the C >= 8 envelope: MAE 0.85 deg, MRE 2.80% across 23 published cases. NOT experimental data.",,generated,,,,,train,1.6734,4.3725,32.6822,37.0411,physics_generator,,37.0411,,,pencil,24.9967,41.4960,theta_cone_deg;theta_iterative_deg;rc_mm;Rc_mm,2.80,C >= 8,P in microperv; rw in mm; C dimensionless; angles in degrees,"SYNTHETIC - physics model output, not a measurement. Aperture-lens coefficient c=0.62."
SYN-00023,B_synthetic,project_physics_generator,"Generated by this project's implementation of the classical Pierce synthesis physics. Validated against Panahi et al. 2025 Table 2 over the C >= 8 envelope: MAE 0.85 deg, MRE 2.80% across 23 published cases. NOT experimental data.",,generated,,,,,train,0.3335,2.2122,152.0602,19.5788,physics_generator,,19.5788,,,pencil,27.2790,81.4049,theta_cone_deg;theta_iterative_deg;rc_mm;Rc_mm,2.80,C >= 8,P in microperv; rw in mm; C dimensionless; angles in degrees,"SYNTHETIC - physics model output, not a measurement. Aperture-lens coefficient c=0.62."
SYN-00024,B_synthetic,project_physics_generator,"Generated by this project's implementation of the classical Pierce synthesis physics. Validated against Panahi et al. 2025 Table 2 over the C >= 8 envelope: MAE 0.85 deg, MRE 2.80% across 23 published cases. NOT experimental data.",,generated,,,,,train,3.3597,3.3904,8.5005,38.2161,physics_generator,,38.2161,,,pencil,9.8849,15.9787,theta_cone_deg;theta_iterative_deg;rc_mm;Rc_mm,2.80,C >= 8,P in microperv; rw in mm; C dimensionless; angles in degrees,"SYNTHETIC - physics model output, not a measurement. Aperture-lens coefficient c=0.62."
SYN-00025,B_synthetic,project_physics_generator,"Generated by this project's implementation of the classical Pierce synthesis physics. Validated against Panahi et al. 2025 Table 2 over the C >= 8 envelope: MAE 0.85 deg, MRE 2.80% across 23 published cases. NOT experimental data.",,generated,,,,,train,0.5251,3.8104,10.9845,16.0404,physics_generator,,16.0404,,,pencil,12.6289,45.7048,theta_cone_deg;theta_iterative_deg;rc_mm;Rc_mm,2.80,C >= 8,P in microperv; rw in mm; C dimensionless; angles in degrees,"SYNTHETIC - physics model output, not a measurement. Aperture-lens coefficient c=0.62."
SYN-00026,B_synthetic,project_physics_generator,"Generated by this project's implementation of the classical Pierce synthesis physics. Validated against Panahi et al. 2025 Table 2 over the C >= 8 envelope: MAE 0.85 deg, MRE 2.80% across 23 published cases. NOT experimental data.",,generated,,,,,train,1.8555,1.6502,120.0528,47.7054,physics_generator,,47.7054,,,pencil,18.0809,24.4437,theta_cone_deg;theta_iterative_deg;rc_mm;Rc_mm,2.80,C >= 8,P in microperv; rw in mm; C dimensionless; angles in degrees,"SYNTHETIC - physics model output, not a measurement. Aperture-lens coefficient c=0.62."
SYN-00027,B_synthetic,project_physics_generator,"Generated by this project's implementation of the classical Pierce synthesis physics. Validated against Panahi et al. 2025 Table 2 over the C >= 8 envelope: MAE 0.85 deg, MRE 2.80% across 23 published cases. NOT experimental data.",,generated,,,,,train,2.2360,2.9525,42.3277,45.4382,physics_generator,,45.4382,,,pencil,19.2086,26.9596,theta_cone_deg;theta_iterative_deg;rc_mm;Rc_mm,2.80,C >= 8,P in microperv; rw in mm; C dimensionless; angles in degrees,"SYNTHETIC - physics model output, not a measurement. Aperture-lens coefficient c=0.62."
SYN-00028,B_synthetic,project_physics_generator,"Generated by this project's implementation of the classical Pierce synthesis physics. Validated against Panahi et al. 2025 Table 2 over the C >= 8 envelope: MAE 0.85 deg, MRE 2.80% across 23 published cases. NOT experimental data.",,generated,,,,,train,2.7639,2.2998,19.5107,43.8524,physics_generator,,43.8524,,,pencil,10.1583,14.6626,theta_cone_deg;theta_iterative_deg;rc_mm;Rc_mm,2.80,C >= 8,P in microperv; rw in mm; C dimensionless; angles in degrees,"SYNTHETIC - physics model output, not a measurement. Aperture-lens coefficient c=0.62."
SYN-00029,B_synthetic,project_physics_generator,"Generated by this project's implementation of the classical Pierce synthesis physics. Validated against Panahi et al. 2025 Table 2 over the C >= 8 envelope: MAE 0.85 deg, MRE 2.80% across 23 published cases. NOT experimental data.",,generated,,,,,train,1.5398,3.0981,275.9033,47.2366,physics_generator,,47.2366,,,pencil,51.4606,70.0942,theta_cone_deg;theta_iterative_deg;rc_mm;Rc_mm,2.80,C >= 8,P in microperv; rw in mm; C dimensionless; angles in degrees,"SYNTHETIC - physics model output, not a measurement. Aperture-lens coefficient c=0.62."
SYN-00030,B_synthetic,project_physics_generator,"Generated by this project's implementation of the classical Pierce synthesis physics. Validated against Panahi et al. 2025 Table 2 over the C >= 8 envelope: MAE 0.85 deg, MRE 2.80% across 23 published cases. NOT experimental data.",,generated,,,,,train,1.0532,1.4378,28.5401,28.3081,physics_generator,,28.3081,,,pencil,7.6813,16.1981,theta_cone_deg;theta_iterative_deg;rc_mm;Rc_mm,2.80,C >= 8,P in microperv; rw in mm; C dimensionless; angles in degrees,"SYNTHETIC - physics model output, not a measurement. Aperture-lens coefficient c=0.62."
SYN-00031,B_synthetic,project_physics_generator,"Generated by this project's implementation of the classical Pierce synthesis physics. Validated against Panahi et al. 2025 Table 2 over the C >= 8 envelope: MAE 0.85 deg, MRE 2.80% across 23 published cases. NOT experimental data.",,generated,,,,,train,3.2277,4.1473,63.8619,60.6990,physics_generator,,60.6990,,,pencil,33.1428,38.0052,theta_cone_deg;theta_iterative_deg;rc_mm;Rc_mm,2.80,C >= 8,P in microperv; rw in mm; C dimensionless; angles in degrees,"SYNTHETIC - physics model output, not a measurement. Aperture-lens coefficient c=0.62."
SYN-00032,B_synthetic,project_physics_generator,"Generated by this project's implementation of the classical Pierce synthesis physics. Validated against Panahi et al. 2025 Table 2 over the C >= 8 envelope: MAE 0.85 deg, MRE 2.80% across 23 published cases. NOT experimental data.",,generated,,,,,train,3.0889,1.2862,11.4799,40.4872,physics_generator,,40.4872,,,pencil,4.3578,6.7118,theta_cone_deg;theta_iterative_deg;rc_mm;Rc_mm,2.80,C >= 8,P in microperv; rw in mm; C dimensionless; angles in degrees,"SYNTHETIC - physics model output, not a measurement. Aperture-lens coefficient c=0.62."
SYN-00033,B_synthetic,project_physics_generator,"Generated by this project's implementation of the classical Pierce synthesis physics. Validated against Panahi et al. 2025 Table 2 over the C >= 8 envelope: MAE 0.85 deg, MRE 2.80% across 23 published cases. NOT experimental data.",,generated,,,,,train,1.0059,4.1128,163.6943,35.1622,physics_generator,,35.1622,,,pencil,52.6208,91.3726,theta_cone_deg;theta_iterative_deg;rc_mm;Rc_mm,2.80,C >= 8,P in microperv; rw in mm; C dimensionless; angles in degrees,"SYNTHETIC - physics model output, not a measurement. Aperture-lens coefficient c=0.62."
SYN-00034,B_synthetic,project_physics_generator,"Generated by this project's implementation of the classical Pierce synthesis physics. Validated against Panahi et al. 2025 Table 2 over the C >= 8 envelope: MAE 0.85 deg, MRE 2.80% across 23 published cases. NOT experimental data.",,generated,,,,,train,1.3730,2.4606,48.1438,35.4989,physics_generator,,35.4989,,,pencil,17.0730,29.4014,theta_cone_deg;theta_iterative_deg;rc_mm;Rc_mm,2.80,C >= 8,P in microperv; rw in mm; C dimensionless; angles in degrees,"SYNTHETIC - physics model output, not a measurement. Aperture-lens coefficient c=0.62."
SYN-00035,B_synthetic,project_physics_generator,"Generated by this project's implementation of the classical Pierce synthesis physics. Validated against Panahi et al. 2025 Table 2 over the C >= 8 envelope: MAE 0.85 deg, MRE 2.80% across 23 published cases. NOT experimental data.",,generated,,,,,train,2.6915,3.1261,108.4347,58.9407,physics_generator,,58.9407,,,pencil,32.5528,38.0008,theta_cone_deg;theta_iterative_deg;rc_mm;Rc_mm,2.80,C >= 8,P in microperv; rw in mm; C dimensionless; angles in degrees,"SYNTHETIC - physics model output, not a measurement. Aperture-lens coefficient c=0.62."
SYN-00036,B_synthetic,project_physics_generator,"Generated by this project's implementation of the classical Pierce synthesis physics. Validated against Panahi et al. 2025 Table 2 over the C >= 8 envelope: MAE 0.85 deg, MRE 2.80% across 23 published cases. NOT experimental data.",,generated,,,,,train,2.3764,1.6217,296.2346,62.4767,physics_generator,,62.4767,,,pencil,27.9118,31.4740,theta_cone_deg;theta_iterative_deg;rc_mm;Rc_mm,2.80,C >= 8,P in microperv; rw in mm; C dimensionless; angles in degrees,"SYNTHETIC - physics model output, not a measurement. Aperture-lens coefficient c=0.62."
SYN-00037,B_synthetic,project_physics_generator,"Generated by this project's implementation of the classical Pierce synthesis physics. Validated against Panahi et al. 2025 Table 2 over the C >= 8 envelope: MAE 0.85 deg, MRE 2.80% across 23 published cases. NOT experimental data.",,generated,,,,,train,1.9011,2.7911,16.6356,34.5481,physics_generator,,34.5481,,,pencil,11.3841,20.0743,theta_cone_deg;theta_iterative_deg;rc_mm;Rc_mm,2.80,C >= 8,P in microperv; rw in mm; C dimensionless; angles in degrees,"SYNTHETIC - physics model output, not a measurement. Aperture-lens coefficient c=0.62."
SYN-00038,B_synthetic,project_physics_generator,"Generated by this project's implementation of the classical Pierce synthesis physics. Validated against Panahi et al. 2025 Table 2 over the C >= 8 envelope: MAE 0.85 deg, MRE 2.80% across 23 published cases. NOT experimental data.",,generated,,,,,train,0.6902,0.6389,79.3415,26.4564,physics_generator,,26.4564,,,pencil,5.6907,12.7733,theta_cone_deg;theta_iterative_deg;rc_mm;Rc_mm,2.80,C >= 8,P in microperv; rw in mm; C dimensionless; angles in degrees,"SYNTHETIC - physics model output, not a measurement. Aperture-lens coefficient c=0.62."
SYN-00039,B_synthetic,project_physics_generator,"Generated by this project's implementation of the classical Pierce synthesis physics. Validated against Panahi et al. 2025 Table 2 over the C >= 8 envelope: MAE 0.85 deg, MRE 2.80% across 23 published cases. NOT experimental data.",,generated,,,,,train,3.6168,3.9616,28.1560,55.4677,physics_generator,,55.4677,,,pencil,21.0212,25.5171,theta_cone_deg;theta_iterative_deg;rc_mm;Rc_mm,2.80,C >= 8,P in microperv; rw in mm; C dimensionless; angles in degrees,"SYNTHETIC - physics model output, not a measurement. Aperture-lens coefficient c=0.62."
SYN-00040,B_synthetic,project_physics_generator,"Generated by this project's implementation of the classical Pierce synthesis physics. Validated against Panahi et al. 2025 Table 2 over the C >= 8 envelope: MAE 0.85 deg, MRE 2.80% across 23 published cases. NOT experimental data.",,generated,,,,,train,3.4317,2.0587,61.0718,62.6440,physics_generator,,62.6440,,,pencil,16.0881,18.1138,theta_cone_deg;theta_iterative_deg;rc_mm;Rc_mm,2.80,C >= 8,P in microperv; rw in mm; C dimensionless; angles in degrees,"SYNTHETIC - physics model output, not a measurement. Aperture-lens coefficient c=0.62."
SYN-00041,B_synthetic,project_physics_generator,"Generated by this project's implementation of the classical Pierce synthesis physics. Validated against Panahi et al. 2025 Table 2 over the C >= 8 envelope: MAE 0.85 deg, MRE 2.80% across 23 published cases. NOT experimental data.",,generated,,,,,train,0.5004,3.3541,21.7459,18.3674,physics_generator,,18.3674,,,pencil,15.6410,49.6368,theta_cone_deg;theta_iterative_deg;rc_mm;Rc_mm,2.80,C >= 8,P in microperv; rw in mm; C dimensionless; angles in degrees,"SYNTHETIC - physics model output, not a measurement. Aperture-lens coefficient c=0.62."
SYN-00042,B_synthetic,project_physics_generator,"Generated by this project's implementation of the classical Pierce synthesis physics. Validated against Panahi et al. 2025 Table 2 over the C >= 8 envelope: MAE 0.85 deg, MRE 2.80% across 23 published cases. NOT experimental data.",,generated,,,,,train,1.7208,1.2019,228.3298,49.3800,physics_generator,,49.3800,,,pencil,18.1611,23.9263,theta_cone_deg;theta_iterative_deg;rc_mm;Rc_mm,2.80,C >= 8,P in microperv; rw in mm; C dimensionless; angles in degrees,"SYNTHETIC - physics model output, not a measurement. Aperture-lens coefficient c=0.62."
SYN-00043,B_synthetic,project_physics_generator,"Generated by this project's implementation of the classical Pierce synthesis physics. Validated against Panahi et al. 2025 Table 2 over the C >= 8 envelope: MAE 0.85 deg, MRE 2.80% across 23 published cases. NOT experimental data.",,generated,,,,,train,2.1876,4.3987,12.8657,34.8451,physics_generator,,34.8451,,,pencil,15.7775,27.6139,theta_cone_deg;theta_iterative_deg;rc_mm;Rc_mm,2.80,C >= 8,P in microperv; rw in mm; C dimensionless; angles in degrees,"SYNTHETIC - physics model output, not a measurement. Aperture-lens coefficient c=0.62."
SYN-00044,B_synthetic,project_physics_generator,"Generated by this project's implementation of the classical Pierce synthesis physics. Validated against Panahi et al. 2025 Table 2 over the C >= 8 envelope: MAE 0.85 deg, MRE 2.80% across 23 published cases. NOT experimental data.",,generated,,,,,train,2.5101,0.8491,39.4515,47.9230,physics_generator,,47.9230,,,pencil,5.3334,7.1855,theta_cone_deg;theta_iterative_deg;rc_mm;Rc_mm,2.80,C >= 8,P in microperv; rw in mm; C dimensionless; angles in degrees,"SYNTHETIC - physics model output, not a measurement. Aperture-lens coefficient c=0.62."
SYN-00045,B_synthetic,project_physics_generator,"Generated by this project's implementation of the classical Pierce synthesis physics. Validated against Panahi et al. 2025 Table 2 over the C >= 8 envelope: MAE 0.85 deg, MRE 2.80% across 23 published cases. NOT experimental data.",,generated,,,,,train,1.1864,3.5498,88.5176,35.7374,physics_generator,,35.7374,,,pencil,33.3981,57.1815,theta_cone_deg;theta_iterative_deg;rc_mm;Rc_mm,2.80,C >= 8,P in microperv; rw in mm; C dimensionless; angles in degrees,"SYNTHETIC - physics model output, not a measurement. Aperture-lens coefficient c=0.62."
SYN-00046,B_synthetic,project_physics_generator,"Generated by this project's implementation of the classical Pierce synthesis physics. Validated against Panahi et al. 2025 Table 2 over the C >= 8 envelope: MAE 0.85 deg, MRE 2.80% across 23 published cases. NOT experimental data.",,generated,,,,,train,0.8222,1.8976,9.3946,19.1844,physics_generator,,19.1844,,,pencil,5.8163,17.6998,theta_cone_deg;theta_iterative_deg;rc_mm;Rc_mm,2.80,C >= 8,P in microperv; rw in mm; C dimensionless; angles in degrees,"SYNTHETIC - physics model output, not a measurement. Aperture-lens coefficient c=0.62."
SYN-00047,B_synthetic,project_physics_generator,"Generated by this project's implementation of the classical Pierce synthesis physics. Validated against Panahi et al. 2025 Table 2 over the C >= 8 envelope: MAE 0.85 deg, MRE 2.80% across 23 published cases. NOT experimental data.",,generated,,,,,train,2.8971,2.6891,133.4469,63.8670,physics_generator,,63.8670,,,pencil,31.0647,34.6020,theta_cone_deg;theta_iterative_deg;rc_mm;Rc_mm,2.80,C >= 8,P in microperv; rw in mm; C dimensionless; angles in degrees,"SYNTHETIC - physics model output, not a measurement. Aperture-lens coefficient c=0.62."
SYN-00048,B_synthetic,project_physics_generator,"Generated by this project's implementation of the classical Pierce synthesis physics. Validated against Panahi et al. 2025 Table 2 over the C >= 8 envelope: MAE 0.85 deg, MRE 2.80% across 23 published cases. NOT experimental data.",,generated,,,,,train,2.9196,0.9491,122.3932,63.3418,physics_generator,,63.3418,,,pencil,10.5001,11.7490,theta_cone_deg;theta_iterative_deg;rc_mm;Rc_mm,2.80,C >= 8,P in microperv; rw in mm; C dimensionless; angles in degrees,"SYNTHETIC - physics model output, not a measurement. Aperture-lens coefficient c=0.62."
SYN-00049,B_synthetic,project_physics_generator,"Generated by this project's implementation of the classical Pierce synthesis physics. Validated against Panahi et al. 2025 Table 2 over the C >= 8 envelope: MAE 0.85 deg, MRE 2.80% across 23 published cases. NOT experimental data.",,generated,,,,,train,0.7501,3.6537,43.2745,25.4122,physics_generator,,25.4122,,,pencil,24.0354,56.0098,theta_cone_deg;theta_iterative_deg;rc_mm;Rc_mm,2.80,C >= 8,P in microperv; rw in mm; C dimensionless; angles in degrees,"SYNTHETIC - physics model output, not a measurement. Aperture-lens coefficient c=0.62."
SYN-00050,B_synthetic,project_physics_generator,"Generated by this project's implementation of the classical Pierce synthesis physics. Validated against Panahi et al. 2025 Table 2 over the C >= 8 envelope: MAE 0.85 deg, MRE 2.80% across 23 published cases. NOT experimental data.",,generated,,,,,train,1.2036,1.8059,181.9431,39.2426,physics_generator,,39.2426,,,pencil,24.3597,38.5070,theta_cone_deg;theta_iterative_deg;rc_mm;Rc_mm,2.80,C >= 8,P in microperv; rw in mm; C dimensionless; angles in degrees,"SYNTHETIC - physics model output, not a measurement. Aperture-lens coefficient c=0.62."
SYN-00051,B_synthetic,project_physics_generator,"Generated by this project's implementation of the classical Pierce synthesis physics. Validated against Panahi et al. 2025 Table 2 over the C >= 8 envelope: MAE 0.85 deg, MRE 2.80% across 23 published cases. NOT experimental data.",,generated,,,,,train,2.4359,2.6092,10.1813,34.3875,physics_generator,,34.3875,,,pencil,8.3254,14.7408,theta_cone_deg;theta_iterative_deg;rc_mm;Rc_mm,2.80,C >= 8,P in microperv; rw in mm; C dimensionless; angles in degrees,"SYNTHETIC - physics model output, not a measurement. Aperture-lens coefficient c=0.62."
SYN-00052,B_synthetic,project_physics_generator,"Generated by this project's implementation of the classical Pierce synthesis physics. Validated against Panahi et al. 2025 Table 2 over the C >= 8 envelope: MAE 0.85 deg, MRE 2.80% across 23 published cases. NOT experimental data.",,generated,,,,,train,2.1140,2.1430,31.4362,41.7644,physics_generator,,41.7644,,,pencil,12.0154,18.0393,theta_cone_deg;theta_iterative_deg;rc_mm;Rc_mm,2.80,C >= 8,P in microperv; rw in mm; C dimensionless; angles in degrees,"SYNTHETIC - physics model output, not a measurement. Aperture-lens coefficient c=0.62."
SYN-00053,B_synthetic,project_physics_generator,"Generated by this project's implementation of the classical Pierce synthesis physics. Validated against Panahi et al. 2025 Table 2 over the C >= 8 envelope: MAE 0.85 deg, MRE 2.80% across 23 published cases. NOT experimental data.",,generated,,,,,train,1.7385,3.4423,70.0497,42.7008,physics_generator,,42.7008,,,pencil,28.8109,42.4834,theta_cone_deg;theta_iterative_deg;rc_mm;Rc_mm,2.80,C >= 8,P in microperv; rw in mm; C dimensionless; angles in degrees,"SYNTHETIC - physics model output, not a measurement. Aperture-lens coefficient c=0.62."
SYN-00054,B_synthetic,project_physics_generator,"Generated by this project's implementation of the classical Pierce synthesis physics. Validated against Panahi et al. 2025 Table 2 over the C >= 8 envelope: MAE 0.85 deg, MRE 2.80% across 23 published cases. NOT experimental data.",,generated,,,,,train,0.4280,1.0946,18.8278,16.4844,physics_generator,,16.4844,,,pencil,4.7495,16.7382,theta_cone_deg;theta_iterative_deg;rc_mm;Rc_mm,2.80,C >= 8,P in microperv; rw in mm; C dimensionless; angles in degrees,"SYNTHETIC - physics model output, not a measurement. Aperture-lens coefficient c=0.62."
SYN-00055,B_synthetic,project_physics_generator,"Generated by this project's implementation of the classical Pierce synthesis physics. Validated against Panahi et al. 2025 Table 2 over the C >= 8 envelope: MAE 0.85 deg, MRE 2.80% across 23 published cases. NOT experimental data.",,generated,,,,,train,3.6874,1.7060,14.5112,47.7217,physics_generator,,47.7217,,,pencil,6.4989,8.7837,theta_cone_deg;theta_iterative_deg;rc_mm;Rc_mm,2.80,C >= 8,P in microperv; rw in mm; C dimensionless; angles in degrees,"SYNTHETIC - physics model output, not a measurement. Aperture-lens coefficient c=0.62."
SYN-00056,B_synthetic,project_physics_generator,"Generated by this project's implementation of the classical Pierce synthesis physics. Validated against Panahi et al. 2025 Table 2 over the C >= 8 envelope: MAE 0.85 deg, MRE 2.80% across 23 published cases. NOT experimental data.",,generated,,,,,train,0.6696,2.8794,205.3658,28.9795,physics_generator,,28.9795,,,pencil,41.2630,85.1667,theta_cone_deg;theta_iterative_deg;rc_mm;Rc_mm,2.80,C >= 8,P in microperv; rw in mm; C dimensionless; angles in degrees,"SYNTHETIC - physics model output, not a measurement. Aperture-lens coefficient c=0.62."
SYN-00057,B_synthetic,project_physics_generator,"Generated by this project's implementation of the classical Pierce synthesis physics. Validated against Panahi et al. 2025 Table 2 over the C >= 8 envelope: MAE 0.85 deg, MRE 2.80% across 23 published cases. NOT experimental data.",,generated,,,,,train,1.9764,0.5316,24.1961,38.2738,physics_generator,,38.2738,,,pencil,2.6148,4.2214,theta_cone_deg;theta_iterative_deg;rc_mm;Rc_mm,2.80,C >= 8,P in microperv; rw in mm; C dimensionless; angles in degrees,"SYNTHETIC - physics model output, not a measurement. Aperture-lens coefficient c=0.62."
SYN-00058,B_synthetic,project_physics_generator,"Generated by this project's implementation of the classical Pierce synthesis physics. Validated against Panahi et al. 2025 Table 2 over the C >= 8 envelope: MAE 0.85 deg, MRE 2.80% across 23 published cases. NOT experimental data.",,generated,,,,,train,2.3570,3.8660,54.0990,48.7911,physics_generator,,48.7911,,,pencil,28.4355,37.7974,theta_cone_deg;theta_iterative_deg;rc_mm;Rc_mm,2.80,C >= 8,P in microperv; rw in mm; C dimensionless; angles in degrees,"SYNTHETIC - physics model output, not a measurement. Aperture-lens coefficient c=0.62."
SYN-00059,B_synthetic,project_physics_generator,"Generated by this project's implementation of the classical Pierce synthesis physics. Validated against Panahi et al. 2025 Table 2 over the C >= 8 envelope: MAE 0.85 deg, MRE 2.80% across 23 published cases. NOT experimental data.",,generated,,,,,train,2.6726,1.3862,148.8840,61.5082,physics_generator,,61.5082,,,pencil,16.9137,19.2445,theta_cone_deg;theta_iterative_deg;rc_mm;Rc_mm,2.80,C >= 8,P in microperv; rw in mm; C dimensionless; angles in degrees,"SYNTHETIC - physics model output, not a measurement. Aperture-lens coefficient c=0.62."
SYN-00060,B_synthetic,project_physics_generator,"Generated by this project's implementation of the classical Pierce synthesis physics. Validated against Panahi et al. 2025 Table 2 over the C >= 8 envelope: MAE 0.85 deg, MRE 2.80% across 23 published cases. NOT experimental data.",,generated,,,,,train,1.4488,4.2167,8.2996,24.5100,physics_generator,,24.5100,,,pencil,12.1479,29.2826,theta_cone_deg;theta_iterative_deg;rc_mm;Rc_mm,2.80,C >= 8,P in microperv; rw in mm; C dimensionless; angles in degrees,"SYNTHETIC - physics model output, not a measurement. Aperture-lens coefficient c=0.62."
SYN-00061,B_synthetic,project_physics_generator,"Generated by this project's implementation of the classical Pierce synthesis physics. Validated against Panahi et al. 2025 Table 2 over the C >= 8 envelope: MAE 0.85 deg, MRE 2.80% across 23 published cases. NOT experimental data.",,generated,,,,,train,0.9850,2.3689,100.2898,32.8482,physics_generator,,32.8482,,,pencil,23.7235,43.7367,theta_cone_deg;theta_iterative_deg;rc_mm;Rc_mm,2.80,C >= 8,P in microperv; rw in mm; C dimensionless; angles in degrees,"SYNTHETIC - physics model output, not a measurement. Aperture-lens coefficient c=0.62."
SYN-00062,B_synthetic,project_physics_generator,"Generated by this project's implementation of the classical Pierce synthesis physics. Validated against Panahi et al. 2025 Table 2 over the C >= 8 envelope: MAE 0.85 deg, MRE 2.80% across 23 published cases. NOT experimental data.",,generated,,,,,train,3.1593,3.0461,35.3240,53.6509,physics_generator,,53.6509,,,pencil,18.1044,22.4783,theta_cone_deg;theta_iterative_deg;rc_mm;Rc_mm,2.80,C >= 8,P in microperv; rw in mm; C dimensionless; angles in degrees,"SYNTHETIC - physics model output, not a measurement. Aperture-lens coefficient c=0.62."
SYN-00063,B_synthetic,project_physics_generator,"Generated by this project's implementation of the classical Pierce synthesis physics. Validated against Panahi et al. 2025 Table 2 over the C >= 8 envelope: MAE 0.85 deg, MRE 2.80% across 23 published cases. NOT experimental data.",,generated,,,,,train,1.1234,3.1973,13.8854,25.1481,physics_generator,,25.1481,,,pencil,11.9143,28.0362,theta_cone_deg;theta_iterative_deg;rc_mm;Rc_mm,2.80,C >= 8,P in microperv; rw in mm; C dimensionless; angles in degrees,"SYNTHETIC - physics model output, not a measurement. Aperture-lens coefficient c=0.62."
SYN-00064,B_synthetic,project_physics_generator,"Generated by this project's implementation of the classical Pierce synthesis physics. Validated against Panahi et al. 2025 Table 2 over the C >= 8 envelope: MAE 0.85 deg, MRE 2.80% across 23 published cases. NOT experimental data.",,generated,,,,,train,1.5209,1.3576,59.8973,38.7687,physics_generator,,38.7687,,,pencil,10.5073,16.7800,theta_cone_deg;theta_iterative_deg;rc_mm;Rc_mm,2.80,C >= 8,P in microperv; rw in mm; C dimensionless; angles in degrees,"SYNTHETIC - physics model output, not a measurement. Aperture-lens coefficient c=0.62."
SYN-00065,B_synthetic,project_physics_generator,"Generated by this project's implementation of the classical Pierce synthesis physics. Validated against Panahi et al. 2025 Table 2 over the C >= 8 envelope: MAE 0.85 deg, MRE 2.80% across 23 published cases. NOT experimental data.",,generated,,,,,train,2.8395,4.0554,21.2726,45.3967,physics_generator,,45.3967,,,pencil,18.7045,26.2709,theta_cone_deg;theta_iterative_deg;rc_mm;Rc_mm,2.80,C >= 8,P in microperv; rw in mm; C dimensionless; angles in degrees,"SYNTHETIC - physics model output, not a measurement. Aperture-lens coefficient c=0.62."
SYN-00066,B_synthetic,project_physics_generator,"Generated by this project's implementation of the classical Pierce synthesis physics. Validated against Panahi et al. 2025 Table 2 over the C >= 8 envelope: MAE 0.85 deg, MRE 2.80% across 23 published cases. NOT experimental data.",,generated,,,,,train,2.3113,0.6924,9.7342,32.9686,physics_generator,,32.9686,,,pencil,2.1603,3.9698,theta_cone_deg;theta_iterative_deg;rc_mm;Rc_mm,2.80,C >= 8,P in microperv; rw in mm; C dimensionless; angles in degrees,"SYNTHETIC - physics model output, not a measurement. Aperture-lens coefficient c=0.62."
SYN-00067,B_synthetic,project_physics_generator,"Generated by this project's implementation of the classical Pierce synthesis physics. Validated against Panahi et al. 2025 Table 2 over the C >= 8 envelope: MAE 0.85 deg, MRE 2.80% across 23 published cases. NOT experimental data.",,generated,,,,,train,1.8362,3.8941,138.6616,48.3040,physics_generator,,48.3040,,,pencil,45.8544,61.4107,theta_cone_deg;theta_iterative_deg;rc_mm;Rc_mm,2.80,C >= 8,P in microperv; rw in mm; C dimensionless; angles in degrees,"SYNTHETIC - physics model output, not a measurement. Aperture-lens coefficient c=0.62."
SYN-00068,B_synthetic,project_physics_generator,"Generated by this project's implementation of the classical Pierce synthesis physics. Validated against Panahi et al. 2025 Table 2 over the C >= 8 envelope: MAE 0.85 deg, MRE 2.80% across 23 published cases. NOT experimental data.",,generated,,,,,train,0.5959,1.5544,35.8051,21.9164,physics_generator,,21.9164,,,pencil,9.3008,24.9183,theta_cone_deg;theta_iterative_deg;rc_mm;Rc_mm,2.80,C >= 8,P in microperv; rw in mm; C dimensionless; angles in degrees,"SYNTHETIC - physics model output, not a measurement. Aperture-lens coefficient c=0.62."
SYN-00069,B_synthetic,project_physics_generator,"Generated by this project's implementation of the classical Pierce synthesis physics. Validated against Panahi et al. 2025 Table 2 over the C >= 8 envelope: MAE 0.85 deg, MRE 2.80% across 23 published cases. NOT experimental data.",,generated,,,,,train,3.5222,2.8449,80.7259,67.1079,physics_generator,,67.1079,,,pencil,25.5607,27.7461,theta_cone_deg;theta_iterative_deg;rc_mm;Rc_mm,2.80,C >= 8,P in microperv; rw in mm; C dimensionless; angles in degrees,"SYNTHETIC - physics model output, not a measurement. Aperture-lens coefficient c=0.62."
SYN-00070,B_synthetic,project_physics_generator,"Generated by this project's implementation of the classical Pierce synthesis physics. Validated against Panahi et al. 2025 Table 2 over the C >= 8 envelope: MAE 0.85 deg, MRE 2.80% across 23 published cases. NOT experimental data.",,generated,,,,,train,3.2871,1.1304,46.5476,57.9494,physics_generator,,57.9494,,,pencil,7.7124,9.0994,theta_cone_deg;theta_iterative_deg;rc_mm;Rc_mm,2.80,C >= 8,P in microperv; rw in mm; C dimensionless; angles in degrees,"SYNTHETIC - physics model output, not a measurement. Aperture-lens coefficient c=0.62."
SYN-00071,B_synthetic,project_physics_generator,"Generated by this project's implementation of the classical Pierce synthesis physics. Validated against Panahi et al. 2025 Table 2 over the C >= 8 envelope: MAE 0.85 deg, MRE 2.80% across 23 published cases. NOT experimental data.",,generated,,,,,train,0.3556,4.4561,104.5449,19.4259,physics_generator,,19.4259,,,pencil,45.5623,136.9937,theta_cone_deg;theta_iterative_deg;rc_mm;Rc_mm,2.80,C >= 8,P in microperv; rw in mm; C dimensionless; angles in degrees,"SYNTHETIC - physics model output, not a measurement. Aperture-lens coefficient c=0.62."
SYN-00072,B_synthetic,project_physics_generator,"Generated by this project's implementation of the classical Pierce synthesis physics. Validated against Panahi et al. 2025 Table 2 over the C >= 8 envelope: MAE 0.85 deg, MRE 2.80% across 23 published cases. NOT experimental data.",,generated,,,,,train,1.5997,2.1164,12.6263,29.4385,physics_generator,,29.4385,,,pencil,7.5201,15.3007,theta_cone_deg;theta_iterative_deg;rc_mm;Rc_mm,2.80,C >= 8,P in microperv; rw in mm; C dimensionless; angles in degrees,"SYNTHETIC - physics model output, not a measurement. Aperture-lens coefficient c=0.62."
SYN-00073,B_synthetic,project_physics_generator,"Generated by this project's implementation of the classical Pierce synthesis physics. Validated against Panahi et al. 2025 Table 2 over the C >= 8 envelope: MAE 0.85 deg, MRE 2.80% across 23 published cases. NOT experimental data.",,generated,,,,,train,2.0667,3.2828,179.1712,53.5588,physics_generator,,53.5588,,,pencil,43.9424,54.6230,theta_cone_deg;theta_iterative_deg;rc_mm;Rc_mm,2.80,C >= 8,P in microperv; rw in mm; C dimensionless; angles in degrees,"SYNTHETIC - physics model output, not a measurement. Aperture-lens coefficient c=0.62."
SYN-00074,B_synthetic,project_physics_generator,"Generated by this project's implementation of the classical Pierce synthesis physics. Validated against Panahi et al. 2025 Table 2 over the C >= 8 envelope: MAE 0.85 deg, MRE 2.80% across 23 published cases. NOT experimental data.",,generated,,,,,train,2.6010,1.9650,73.0777,54.2798,physics_generator,,54.2798,,,pencil,16.7975,20.6897,theta_cone_deg;theta_iterative_deg;rc_mm;Rc_mm,2.80,C >= 8,P in microperv; rw in mm; C dimensionless; angles in degrees,"SYNTHETIC - physics model output, not a measurement. Aperture-lens coefficient c=0.62."
SYN-00075,B_synthetic,project_physics_generator,"Generated by this project's implementation of the classical Pierce synthesis physics. Validated against Panahi et al. 2025 Table 2 over the C >= 8 envelope: MAE 0.85 deg, MRE 2.80% across 23 published cases. NOT experimental data.",,generated,,,,,train,1.2776,2.6353,26.0414,30.7946,physics_generator,,30.7946,,,pencil,13.4484,26.2684,theta_cone_deg;theta_iterative_deg;rc_mm;Rc_mm,2.80,C >= 8,P in microperv; rw in mm; C dimensionless; angles in degrees,"SYNTHETIC - physics model output, not a measurement. Aperture-lens coefficient c=0.62."
SYN-00076,B_synthetic,project_physics_generator,"Generated by this project's implementation of the classical Pierce synthesis physics. Validated against Panahi et al. 2025 Table 2 over the C >= 8 envelope: MAE 0.85 deg, MRE 2.80% across 23 published cases. NOT experimental data.",,generated,,,,,train,0.8906,0.7956,302.5878,35.0678,physics_generator,,35.0678,,,pencil,13.8398,24.0883,theta_cone_deg;theta_iterative_deg;rc_mm;Rc_mm,2.80,C >= 8,P in microperv; rw in mm; C dimensionless; angles in degrees,"SYNTHETIC - physics model output, not a measurement. Aperture-lens coefficient c=0.62."
SYN-00077,B_synthetic,project_physics_generator,"Generated by this project's implementation of the classical Pierce synthesis physics. Validated against Panahi et al. 2025 Table 2 over the C >= 8 envelope: MAE 0.85 deg, MRE 2.80% across 23 published cases. NOT experimental data.",,generated,,,,,train,2.9652,3.6174,17.0365,44.1256,physics_generator,,44.1256,,,pencil,14.9308,21.4452,theta_cone_deg;theta_iterative_deg;rc_mm;Rc_mm,2.80,C >= 8,P in microperv; rw in mm; C dimensionless; angles in degrees,"SYNTHETIC - physics model output, not a measurement. Aperture-lens coefficient c=0.62."
SYN-00078,B_synthetic,project_physics_generator,"Generated by this project's implementation of the classical Pierce synthesis physics. Validated against Panahi et al. 2025 Table 2 over the C >= 8 envelope: MAE 0.85 deg, MRE 2.80% across 23 published cases. NOT experimental data.",,generated,,,,,train,0.9310,4.2534,19.6484,24.7162,physics_generator,,24.7162,,,pencil,18.8540,45.0919,theta_cone_deg;theta_iterative_deg;rc_mm;Rc_mm,2.80,C >= 8,P in microperv; rw in mm; C dimensionless; angles in degrees,"SYNTHETIC - physics model output, not a measurement. Aperture-lens coefficient c=0.62."
SYN-00079,B_synthetic,project_physics_generator,"Generated by this project's implementation of the classical Pierce synthesis physics. Validated against Panahi et al. 2025 Table 2 over the C >= 8 envelope: MAE 0.85 deg, MRE 2.80% across 23 published cases. NOT experimental data.",,generated,,,,,train,1.2885,2.1637,67.1841,36.0157,physics_generator,,36.0157,,,pencil,17.7354,30.1618,theta_cone_deg;theta_iterative_deg;rc_mm;Rc_mm,2.80,C >= 8,P in microperv; rw in mm; C dimensionless; angles in degrees,"SYNTHETIC - physics model output, not a measurement. Aperture-lens coefficient c=0.62."
SYN-00080,B_synthetic,project_physics_generator,"Generated by this project's implementation of the classical Pierce synthesis physics. Validated against Panahi et al. 2025 Table 2 over the C >= 8 envelope: MAE 0.85 deg, MRE 2.80% across 23 published cases. NOT experimental data.",,generated,,,,,train,2.6203,3.4855,30.0217,46.6517,physics_generator,,46.6517,,,pencil,19.0978,26.2623,theta_cone_deg;theta_iterative_deg;rc_mm;Rc_mm,2.80,C >= 8,P in microperv; rw in mm; C dimensionless; angles in degrees,"SYNTHETIC - physics model output, not a measurement. Aperture-lens coefficient c=0.62."
SYN-00081,B_synthetic,project_physics_generator,"Generated by this project's implementation of the classical Pierce synthesis physics. Validated against Panahi et al. 2025 Table 2 over the C >= 8 envelope: MAE 0.85 deg, MRE 2.80% across 23 published cases. NOT experimental data.",,generated,,,,,train,2.0923,1.7623,10.9088,32.4557,physics_generator,,32.4557,,,pencil,5.8205,10.8461,theta_cone_deg;theta_iterative_deg;rc_mm;Rc_mm,2.80,C >= 8,P in microperv; rw in mm; C dimensionless; angles in degrees,"SYNTHETIC - physics model output, not a measurement. Aperture-lens coefficient c=0.62."
SYN-00082,B_synthetic,project_physics_generator,"Generated by this project's implementation of the classical Pierce synthesis physics. Validated against Panahi et al. 2025 Table 2 over the C >= 8 envelope: MAE 0.85 deg, MRE 2.80% across 23 published cases. NOT experimental data.",,generated,,,,,train,1.6037,2.5880,195.8648,46.5469,physics_generator,,46.5469,,,pencil,36.2189,49.8926,theta_cone_deg;theta_iterative_deg;rc_mm;Rc_mm,2.80,C >= 8,P in microperv; rw in mm; C dimensionless; angles in degrees,"SYNTHETIC - physics model output, not a measurement. Aperture-lens coefficient c=0.62."
SYN-00083,B_synthetic,project_physics_generator,"Generated by this project's implementation of the classical Pierce synthesis physics. Validated against Panahi et al. 2025 Table 2 over the C >= 8 envelope: MAE 0.85 deg, MRE 2.80% across 23 published cases. NOT experimental data.",,generated,,,,,train,0.4032,0.9983,40.2345,18.2806,physics_generator,,18.2806,,,pencil,6.3322,20.1875,theta_cone_deg;theta_iterative_deg;rc_mm;Rc_mm,2.80,C >= 8,P in microperv; rw in mm; C dimensionless; angles in degrees,"SYNTHETIC - physics model output, not a measurement. Aperture-lens coefficient c=0.62."
SYN-00084,B_synthetic,project_physics_generator,"Generated by this project's implementation of the classical Pierce synthesis physics. Validated against Panahi et al. 2025 Table 2 over the C >= 8 envelope: MAE 0.85 deg, MRE 2.80% across 23 published cases. NOT experimental data.",,generated,,,,,train,3.3165,3.6648,114.1296,68.4114,physics_generator,,68.4114,,,pencil,39.1513,42.1050,theta_cone_deg;theta_iterative_deg;rc_mm;Rc_mm,2.80,C >= 8,P in microperv; rw in mm; C dimensionless; angles in degrees,"SYNTHETIC - physics model output, not a measurement. Aperture-lens coefficient c=0.62."
SYN-00085,B_synthetic,project_physics_generator,"Generated by this project's implementation of the classical Pierce synthesis physics. Validated against Panahi et al. 2025 Table 2 over the C >= 8 envelope: MAE 0.85 deg, MRE 2.80% across 23 published cases. NOT experimental data.",,generated,,,,,train,3.5062,2.3243,32.9240,56.2882,physics_generator,,56.2882,,,pencil,13.3368,16.0329,theta_cone_deg;theta_iterative_deg;rc_mm;Rc_mm,2.80,C >= 8,P in microperv; rw in mm; C dimensionless; angles in degrees,"SYNTHETIC - physics model output, not a measurement. Aperture-lens coefficient c=0.62."
SYN-00086,B_synthetic,project_physics_generator,"Generated by this project's implementation of the classical Pierce synthesis physics. Validated against Panahi et al. 2025 Table 2 over the C >= 8 envelope: MAE 0.85 deg, MRE 2.80% across 23 published cases. NOT experimental data.",,generated,,,,,train,0.5882,3.0260,93.0356,24.8260,physics_generator,,24.8260,,,pencil,29.1872,69.5158,theta_cone_deg;theta_iterative_deg;rc_mm;Rc_mm,2.80,C >= 8,P in microperv; rw in mm; C dimensionless; angles in degrees,"SYNTHETIC - physics model output, not a measurement. Aperture-lens coefficient c=0.62."
SYN-00087,B_synthetic,project_physics_generator,"Generated by this project's implementation of the classical Pierce synthesis physics. Validated against Panahi et al. 2025 Table 2 over the C >= 8 envelope: MAE 0.85 deg, MRE 2.80% across 23 published cases. NOT experimental data.",,generated,,,,,train,1.7924,1.4362,8.9387,28.0745,physics_generator,,28.0745,,,pencil,4.2940,9.1241,theta_cone_deg;theta_iterative_deg;rc_mm;Rc_mm,2.80,C >= 8,P in microperv; rw in mm; C dimensionless; angles in degrees,"SYNTHETIC - physics model output, not a measurement. Aperture-lens coefficient c=0.62."
SYN-00088,B_synthetic,project_physics_generator,"Generated by this project's implementation of the classical Pierce synthesis physics. Validated against Panahi et al. 2025 Table 2 over the C >= 8 envelope: MAE 0.85 deg, MRE 2.80% across 23 published cases. NOT experimental data.",,generated,,,,,train,2.2725,4.2268,159.8801,55.9669,physics_generator,,55.9669,,,pencil,53.4449,64.4913,theta_cone_deg;theta_iterative_deg;rc_mm;Rc_mm,2.80,C >= 8,P in microperv; rw in mm; C dimensionless; angles in degrees,"SYNTHETIC - physics model output, not a measurement. Aperture-lens coefficient c=0.62."
SYN-00089,B_synthetic,project_physics_generator,"Generated by this project's implementation of the classical Pierce synthesis physics. Validated against Panahi et al. 2025 Table 2 over the C >= 8 envelope: MAE 0.85 deg, MRE 2.80% across 23 published cases. NOT experimental data.",,generated,,,,,train,2.8070,0.5210,51.7810,53.6709,physics_generator,,53.6709,,,pencil,3.7493,4.6539,theta_cone_deg;theta_iterative_deg;rc_mm;Rc_mm,2.80,C >= 8,P in microperv; rw in mm; C dimensionless; angles in degrees,"SYNTHETIC - physics model output, not a measurement. Aperture-lens coefficient c=0.62."
SYN-00090,B_synthetic,project_physics_generator,"Generated by this project's implementation of the classical Pierce synthesis physics. Validated against Panahi et al. 2025 Table 2 over the C >= 8 envelope: MAE 0.85 deg, MRE 2.80% across 23 published cases. NOT experimental data.",,generated,,,,,train,1.4701,3.8155,23.2169,32.4248,physics_generator,,32.4248,,,pencil,18.3845,34.2872,theta_cone_deg;theta_iterative_deg;rc_mm;Rc_mm,2.80,C >= 8,P in microperv; rw in mm; C dimensionless; angles in degrees,"SYNTHETIC - physics model output, not a measurement. Aperture-lens coefficient c=0.62."
SYN-00091,B_synthetic,project_physics_generator,"Generated by this project's implementation of the classical Pierce synthesis physics. Validated against Panahi et al. 2025 Table 2 over the C >= 8 envelope: MAE 0.85 deg, MRE 2.80% across 23 published cases. NOT experimental data.",,generated,,,,,train,1.1229,1.7257,213.8361,38.4339,physics_generator,,38.4339,,,pencil,25.2353,40.5966,theta_cone_deg;theta_iterative_deg;rc_mm;Rc_mm,2.80,C >= 8,P in microperv; rw in mm; C dimensionless; angles in degrees,"SYNTHETIC - physics model output, not a measurement. Aperture-lens coefficient c=0.62."
SYN-00092,B_synthetic,project_physics_generator,"Generated by this project's implementation of the classical Pierce synthesis physics. Validated against Panahi et al. 2025 Table 2 over the C >= 8 envelope: MAE 0.85 deg, MRE 2.80% across 23 published cases. NOT experimental data.",,generated,,,,,train,3.1845,2.9235,15.1744,44.5481,physics_generator,,44.5481,,,pencil,11.3882,16.2339,theta_cone_deg;theta_iterative_deg;rc_mm;Rc_mm,2.80,C >= 8,P in microperv; rw in mm; C dimensionless; angles in degrees,"SYNTHETIC - physics model output, not a measurement. Aperture-lens coefficient c=0.62."
SYN-00093,B_synthetic,project_physics_generator,"Generated by this project's implementation of the classical Pierce synthesis physics. Validated against Panahi et al. 2025 Table 2 over the C >= 8 envelope: MAE 0.85 deg, MRE 2.80% across 23 published cases. NOT experimental data.",,generated,,,,,train,3.1254,1.5024,86.6500,62.6647,physics_generator,,62.6647,,,pencil,13.9853,15.7432,theta_cone_deg;theta_iterative_deg;rc_mm;Rc_mm,2.80,C >= 8,P in microperv; rw in mm; C dimensionless; angles in degrees,"SYNTHETIC - physics model output, not a measurement. Aperture-lens coefficient c=0.62."
SYN-00094,B_synthetic,project_physics_generator,"Generated by this project's implementation of the classical Pierce synthesis physics. Validated against Panahi et al. 2025 Table 2 over the C >= 8 envelope: MAE 0.85 deg, MRE 2.80% across 23 published cases. NOT experimental data.",,generated,,,,,train,0.9428,2.8329,38.6140,28.1170,physics_generator,,28.1170,,,pencil,17.6040,37.3541,theta_cone_deg;theta_iterative_deg;rc_mm;Rc_mm,2.80,C >= 8,P in microperv; rw in mm; C dimensionless; angles in degrees,"SYNTHETIC - physics model output, not a measurement. Aperture-lens coefficient c=0.62."
SYN-00095,B_synthetic,project_physics_generator,"Generated by this project's implementation of the classical Pierce synthesis physics. Validated against Panahi et al. 2025 Table 2 over the C >= 8 envelope: MAE 0.85 deg, MRE 2.80% across 23 published cases. NOT experimental data.",,generated,,,,,train,1.4361,0.7352,128.6877,41.5885,physics_generator,,41.5885,,,pencil,8.3404,12.5651,theta_cone_deg;theta_iterative_deg;rc_mm;Rc_mm,2.80,C >= 8,P in microperv; rw in mm; C dimensionless; angles in degrees,"SYNTHETIC - physics model output, not a measurement. Aperture-lens coefficient c=0.62."
SYN-00096,B_synthetic,project_physics_generator,"Generated by this project's implementation of the classical Pierce synthesis physics. Validated against Panahi et al. 2025 Table 2 over the C >= 8 envelope: MAE 0.85 deg, MRE 2.80% across 23 published cases. NOT experimental data.",,generated,,,,,train,2.6550,3.9125,9.0607,34.5789,physics_generator,,34.5789,,,pencil,11.7769,20.7508,theta_cone_deg;theta_iterative_deg;rc_mm;Rc_mm,2.80,C >= 8,P in microperv; rw in mm; C dimensionless; angles in degrees,"SYNTHETIC - physics model output, not a measurement. Aperture-lens coefficient c=0.62."
SYN-00097,B_synthetic,project_physics_generator,"Generated by this project's implementation of the classical Pierce synthesis physics. Validated against Panahi et al. 2025 Table 2 over the C >= 8 envelope: MAE 0.85 deg, MRE 2.80% across 23 published cases. NOT experimental data.",,generated,,,,,train,2.3332,1.3398,22.2150,41.1389,physics_generator,,41.1389,,,pencil,6.3146,9.5983,theta_cone_deg;theta_iterative_deg;rc_mm;Rc_mm,2.80,C >= 8,P in microperv; rw in mm; C dimensionless; angles in degrees,"SYNTHETIC - physics model output, not a measurement. Aperture-lens coefficient c=0.62."
SYN-00098,B_synthetic,project_physics_generator,"Generated by this project's implementation of the classical Pierce synthesis physics. Validated against Panahi et al. 2025 Table 2 over the C >= 8 envelope: MAE 0.85 deg, MRE 2.80% across 23 published cases. NOT experimental data.",,generated,,,,,train,1.9708,4.0131,62.3949,45.0448,physics_generator,,45.0448,,,pencil,31.6994,44.7947,theta_cone_deg;theta_iterative_deg;rc_mm;Rc_mm,2.80,C >= 8,P in microperv; rw in mm; C dimensionless; angles in degrees,"SYNTHETIC - physics model output, not a measurement. Aperture-lens coefficient c=0.62."
SYN-00099,B_synthetic,project_physics_generator,"Generated by this project's implementation of the classical Pierce synthesis physics. Validated against Panahi et al. 2025 Table 2 over the C >= 8 envelope: MAE 0.85 deg, MRE 2.80% across 23 published cases. NOT experimental data.",,generated,,,,,train,0.6205,2.4153,13.3413,18.3912,physics_generator,,18.3912,,,pencil,8.8222,27.9621,theta_cone_deg;theta_iterative_deg;rc_mm;Rc_mm,2.80,C >= 8,P in microperv; rw in mm; C dimensionless; angles in degrees,"SYNTHETIC - physics model output, not a measurement. Aperture-lens coefficient c=0.62."
SYN-00100,B_synthetic,project_physics_generator,"Generated by this project's implementation of the classical Pierce synthesis physics. Validated against Panahi et al. 2025 Table 2 over the C >= 8 envelope: MAE 0.85 deg, MRE 2.80% across 23 published cases. NOT experimental data.",,generated,,,,,train,3.4682,0.7768,16.2770,47.5650,physics_generator,,47.5650,,,pencil,3.1339,4.2462,theta_cone_deg;theta_iterative_deg;rc_mm;Rc_mm,2.80,C >= 8,P in microperv; rw in mm; C dimensionless; angles in degrees,"SYNTHETIC - physics model output, not a measurement. Aperture-lens coefficient c=0.62."
SYN-00101,B_synthetic,project_physics_generator,"Generated by this project's implementation of the classical Pierce synthesis physics. Validated against Panahi et al. 2025 Table 2 over the C >= 8 envelope: MAE 0.85 deg, MRE 2.80% across 23 published cases. NOT experimental data.",,generated,,,,,train,0.4373,3.5761,289.8222,23.9734,physics_generator,,23.9734,,,pencil,60.8802,149.8362,theta_cone_deg;theta_iterative_deg;rc_mm;Rc_mm,2.80,C >= 8,P in microperv; rw in mm; C dimensionless; angles in degrees,"SYNTHETIC - physics model output, not a measurement. Aperture-lens coefficient c=0.62."
SYN-00102,B_synthetic,project_physics_generator,"Generated by this project's implementation of the classical Pierce synthesis physics. Validated against Panahi et al. 2025 Table 2 over the C >= 8 envelope: MAE 0.85 deg, MRE 2.80% across 23 published cases. NOT experimental data.",,generated,,,,,train,1.7839,1.9783,27.1645,37.0535,physics_generator,,37.0535,,,pencil,10.3107,17.1115,theta_cone_deg;theta_iterative_deg;rc_mm;Rc_mm,2.80,C >= 8,P in microperv; rw in mm; C dimensionless; angles in degrees,"SYNTHETIC - physics model output, not a measurement. Aperture-lens coefficient c=0.62."
SYN-00103,B_synthetic,project_physics_generator,"Generated by this project's implementation of the classical Pierce synthesis physics. Validated against Panahi et al. 2025 Table 2 over the C >= 8 envelope: MAE 0.85 deg, MRE 2.80% across 23 published cases. NOT experimental data.",,generated,,,,,train,2.1511,2.6868,76.5548,48.8381,physics_generator,,48.8381,,,pencil,23.5082,31.2255,theta_cone_deg;theta_iterative_deg;rc_mm;Rc_mm,2.80,C >= 8,P in microperv; rw in mm; C dimensionless; angles in degrees,"SYNTHETIC - physics model output, not a measurement. Aperture-lens coefficient c=0.62."
SYN-00104,B_synthetic,project_physics_generator,"Generated by this project's implementation of the classical Pierce synthesis physics. Validated against Panahi et al. 2025 Table 2 over the C >= 8 envelope: MAE 0.85 deg, MRE 2.80% across 23 published cases. NOT experimental data.",,generated,,,,,train,2.4669,2.0654,167.2979,59.3367,physics_generator,,59.3367,,,pencil,26.7147,31.0571,theta_cone_deg;theta_iterative_deg;rc_mm;Rc_mm,2.80,C >= 8,P in microperv; rw in mm; C dimensionless; angles in degrees,"SYNTHETIC - physics model output, not a measurement. Aperture-lens coefficient c=0.62."
SYN-00105,B_synthetic,project_physics_generator,"Generated by this project's implementation of the classical Pierce synthesis physics. Validated against Panahi et al. 2025 Table 2 over the C >= 8 envelope: MAE 0.85 deg, MRE 2.80% across 23 published cases. NOT experimental data.",,generated,,,,,train,1.2561,3.2700,11.7342,25.4660,physics_generator,,25.4660,,,pencil,11.2015,26.0514,theta_cone_deg;theta_iterative_deg;rc_mm;Rc_mm,2.80,C >= 8,P in microperv; rw in mm; C dimensionless; angles in degrees,"SYNTHETIC - physics model output, not a measurement. Aperture-lens coefficient c=0.62."
SYN-00106,B_synthetic,project_physics_generator,"Generated by this project's implementation of the classical Pierce synthesis physics. Validated against Panahi et al. 2025 Table 2 over the C >= 8 envelope: MAE 0.85 deg, MRE 2.80% across 23 published cases. NOT experimental data.",,generated,,,,,train,0.7525,1.1722,112.3942,28.8697,physics_generator,,28.8697,,,pencil,12.4271,25.7386,theta_cone_deg;theta_iterative_deg;rc_mm;Rc_mm,2.80,C >= 8,P in microperv; rw in mm; C dimensionless; angles in degrees,"SYNTHETIC - physics model output, not a measurement. Aperture-lens coefficient c=0.62."
SYN-00107,B_synthetic,project_physics_generator,"Generated by this project's implementation of the classical Pierce synthesis physics. Validated against Panahi et al. 2025 Table 2 over the C >= 8 envelope: MAE 0.85 deg, MRE 2.80% across 23 published cases. NOT experimental data.",,generated,,,,,train,2.9402,4.4754,49.8951,54.8282,physics_generator,,54.8282,,,pencil,31.6129,38.6735,theta_cone_deg;theta_iterative_deg;rc_mm;Rc_mm,2.80,C >= 8,P in microperv; rw in mm; C dimensionless; angles in degrees,"SYNTHETIC - physics model output, not a measurement. Aperture-lens coefficient c=0.62."
SYN-00108,B_synthetic,project_physics_generator,"Generated by this project's implementation of the classical Pierce synthesis physics. Validated against Panahi et al. 2025 Table 2 over the C >= 8 envelope: MAE 0.85 deg, MRE 2.80% across 23 published cases. NOT experimental data.",,generated,,,,,train,2.8566,2.2311,8.1198,34.4851,physics_generator,,34.4851,,,pencil,6.3575,11.2285,theta_cone_deg;theta_iterative_deg;rc_mm;Rc_mm,2.80,C >= 8,P in microperv; rw in mm; C dimensionless; angles in degrees,"SYNTHETIC - physics model output, not a measurement. Aperture-lens coefficient c=0.62."
SYN-00109,B_synthetic,project_physics_generator,"Generated by this project's implementation of the classical Pierce synthesis physics. Validated against Panahi et al. 2025 Table 2 over the C >= 8 envelope: MAE 0.85 deg, MRE 2.80% across 23 published cases. NOT experimental data.",,generated,,,,,train,0.7867,3.4318,145.6752,30.4344,physics_generator,,30.4344,,,pencil,41.4199,81.7684,theta_cone_deg;theta_iterative_deg;rc_mm;Rc_mm,2.80,C >= 8,P in microperv; rw in mm; C dimensionless; angles in degrees,"SYNTHETIC - physics model output, not a measurement. Aperture-lens coefficient c=0.62."
SYN-00110,B_synthetic,project_physics_generator,"Generated by this project's implementation of the classical Pierce synthesis physics. Validated against Panahi et al. 2025 Table 2 over the C >= 8 envelope: MAE 0.85 deg, MRE 2.80% across 23 published cases. NOT experimental data.",,generated,,,,,train,1.1671,1.0295,34.0836,30.8053,physics_generator,,30.8053,,,pencil,6.0102,11.7359,theta_cone_deg;theta_iterative_deg;rc_mm;Rc_mm,2.80,C >= 8,P in microperv; rw in mm; C dimensionless; angles in degrees,"SYNTHETIC - physics model output, not a measurement. Aperture-lens coefficient c=0.62."
SYN-00111,B_synthetic,project_physics_generator,"Generated by this project's implementation of the classical Pierce synthesis physics. Validated against Panahi et al. 2025 Table 2 over the C >= 8 envelope: MAE 0.85 deg, MRE 2.80% across 23 published cases. NOT experimental data.",,generated,,,,,train,2.4990,4.3210,96.7580,55.3051,physics_generator,,55.3051,,,pencil,42.5038,51.6956,theta_cone_deg;theta_iterative_deg;rc_mm;Rc_mm,2.80,C >= 8,P in microperv; rw in mm; C dimensionless; angles in degrees,"SYNTHETIC - physics model output, not a measurement. Aperture-lens coefficient c=0.62."
SYN-00112,B_synthetic,project_physics_generator,"Generated by this project's implementation of the classical Pierce synthesis physics. Validated against Panahi et al. 2025 Table 2 over the C >= 8 envelope: MAE 0.85 deg, MRE 2.80% across 23 published cases. NOT experimental data.",,generated,,,,,train,2.1837,0.9268,209.9124,56.5549,physics_generator,,56.5549,,,pencil,13.4277,16.0924,theta_cone_deg;theta_iterative_deg;rc_mm;Rc_mm,2.80,C >= 8,P in microperv; rw in mm; C dimensionless; angles in degrees,"SYNTHETIC - physics model output, not a measurement. Aperture-lens coefficient c=0.62."
SYN-00113,B_synthetic,project_physics_generator,"Generated by this project's implementation of the classical Pierce synthesis physics. Validated against Panahi et al. 2025 Table 2 over the C >= 8 envelope: MAE 0.85 deg, MRE 2.80% across 23 published cases. NOT experimental data.",,generated,,,,,train,1.6953,3.7222,14.8307,31.6370,physics_generator,,31.6370,,,pencil,14.3345,27.3280,theta_cone_deg;theta_iterative_deg;rc_mm;Rc_mm,2.80,C >= 8,P in microperv; rw in mm; C dimensionless; angles in degrees,"SYNTHETIC - physics model output, not a measurement. Aperture-lens coefficient c=0.62."
SYN-00114,B_synthetic,project_physics_generator,"Generated by this project's implementation of the classical Pierce synthesis physics. Validated against Panahi et al. 2025 Table 2 over the C >= 8 envelope: MAE 0.85 deg, MRE 2.80% across 23 published cases. NOT experimental data.",,generated,,,,,train,0.4712,1.8200,56.0675,20.7600,physics_generator,,20.7600,,,pencil,13.6275,38.4464,theta_cone_deg;theta_iterative_deg;rc_mm;Rc_mm,2.80,C >= 8,P in microperv; rw in mm; C dimensionless; angles in degrees,"SYNTHETIC - physics model output, not a measurement. Aperture-lens coefficient c=0.62."
SYN-00115,B_synthetic,project_physics_generator,"Generated by this project's implementation of the classical Pierce synthesis physics. Validated against Panahi et al. 2025 Table 2 over the C >= 8 envelope: MAE 0.85 deg, MRE 2.80% across 23 published cases. NOT experimental data.",,generated,,,,,train,3.3842,2.5168,25.0795,52.0088,physics_generator,,52.0088,,,pencil,12.6038,15.9925,theta_cone_deg;theta_iterative_deg;rc_mm;Rc_mm,2.80,C >= 8,P in microperv; rw in mm; C dimensionless; angles in degrees,"SYNTHETIC - physics model output, not a measurement. Aperture-lens coefficient c=0.62."
SYN-00116,B_synthetic,project_physics_generator,"Generated by this project's implementation of the classical Pierce synthesis physics. Validated against Panahi et al. 2025 Table 2 over the C >= 8 envelope: MAE 0.85 deg, MRE 2.80% across 23 published cases. NOT experimental data.",,generated,,,,,train,3.6244,1.4898,68.5633,66.3914,physics_generator,,66.3914,,,pencil,12.3357,13.4625,theta_cone_deg;theta_iterative_deg;rc_mm;Rc_mm,2.80,C >= 8,P in microperv; rw in mm; C dimensionless; angles in degrees,"SYNTHETIC - physics model output, not a measurement. Aperture-lens coefficient c=0.62."
SYN-00117,B_synthetic,project_physics_generator,"Generated by this project's implementation of the classical Pierce synthesis physics. Validated against Panahi et al. 2025 Table 2 over the C >= 8 envelope: MAE 0.85 deg, MRE 2.80% across 23 published cases. NOT experimental data.",,generated,,,,,train,0.7062,4.1592,30.7728,23.3239,physics_generator,,23.3239,,,pencil,23.0723,58.2739,theta_cone_deg;theta_iterative_deg;rc_mm;Rc_mm,2.80,C >= 8,P in microperv; rw in mm; C dimensionless; angles in degrees,"SYNTHETIC - physics model output, not a measurement. Aperture-lens coefficient c=0.62."
SYN-00118,B_synthetic,project_physics_generator,"Generated by this project's implementation of the classical Pierce synthesis physics. Validated against Panahi et al. 2025 Table 2 over the C >= 8 envelope: MAE 0.85 deg, MRE 2.80% across 23 published cases. NOT experimental data.",,generated,,,,,train,1.9399,2.2570,256.1187,53.8130,physics_generator,,53.8130,,,pencil,36.1206,44.7538,theta_cone_deg;theta_iterative_deg;rc_mm;Rc_mm,2.80,C >= 8,P in microperv; rw in mm; C dimensionless; angles in degrees,"SYNTHETIC - physics model output, not a measurement. Aperture-lens coefficient c=0.62."
SYN-00119,B_synthetic,project_physics_generator,"Generated by this project's implementation of the classical Pierce synthesis physics. Validated against Panahi et al. 2025 Table 2 over the C >= 8 envelope: MAE 0.85 deg, MRE 2.80% across 23 published cases. NOT experimental data.",,generated,,,,,train,2.4202,3.0798,18.1564,40.1158,physics_generator,,40.1158,,,pencil,13.1230,20.3667,theta_cone_deg;theta_iterative_deg;rc_mm;Rc_mm,2.80,C >= 8,P in microperv; rw in mm; C dimensionless; angles in degrees,"SYNTHETIC - physics model output, not a measurement. Aperture-lens coefficient c=0.62."
SYN-00120,B_synthetic,project_physics_generator,"Generated by this project's implementation of the classical Pierce synthesis physics. Validated against Panahi et al. 2025 Table 2 over the C >= 8 envelope: MAE 0.85 deg, MRE 2.80% across 23 published cases. NOT experimental data.",,generated,,,,,train,2.7424,1.6681,44.2125,51.4814,physics_generator,,51.4814,,,pencil,11.0914,14.1759,theta_cone_deg;theta_iterative_deg;rc_mm;Rc_mm,2.80,C >= 8,P in microperv; rw in mm; C dimensionless; angles in degrees,"SYNTHETIC - physics model output, not a measurement. Aperture-lens coefficient c=0.62."
SYN-00121,B_synthetic,project_physics_generator,"Generated by this project's implementation of the classical Pierce synthesis physics. Validated against Panahi et al. 2025 Table 2 over the C >= 8 envelope: MAE 0.85 deg, MRE 2.80% across 23 published cases. NOT experimental data.",,generated,,,,,train,1.4057,2.9947,125.0330,40.9505,physics_generator,,40.9505,,,pencil,33.4862,51.0922,theta_cone_deg;theta_iterative_deg;rc_mm;Rc_mm,2.80,C >= 8,P in microperv; rw in mm; C dimensionless; angles in degrees,"SYNTHETIC - physics model output, not a measurement. Aperture-lens coefficient c=0.62."
SYN-00122,B_synthetic,project_physics_generator,"Generated by this project's implementation of the classical Pierce synthesis physics. Validated against Panahi et al. 2025 Table 2 over the C >= 8 envelope: MAE 0.85 deg, MRE 2.80% across 23 published cases. NOT experimental data.",,generated,,,,,train,1.0282,0.5925,10.5566,22.2919,physics_generator,,22.2919,,,pencil,1.9251,5.0751,theta_cone_deg;theta_iterative_deg;rc_mm;Rc_mm,2.80,C >= 8,P in microperv; rw in mm; C dimensionless; angles in degrees,"SYNTHETIC - physics model output, not a measurement. Aperture-lens coefficient c=0.62."
SYN-00123,B_synthetic,project_physics_generator,"Generated by this project's implementation of the classical Pierce synthesis physics. Validated against Panahi et al. 2025 Table 2 over the C >= 8 envelope: MAE 0.85 deg, MRE 2.80% across 23 published cases. NOT experimental data.",,generated,,,,,train,3.0896,3.7580,188.6689,70.6429,physics_generator,,70.6429,,,pencil,51.6191,54.7119,theta_cone_deg;theta_iterative_deg;rc_mm;Rc_mm,2.80,C >= 8,P in microperv; rw in mm; C dimensionless; angles in degrees,"SYNTHETIC - physics model output, not a measurement. Aperture-lens coefficient c=0.62."
SYN-00124,B_synthetic,project_physics_generator,"Generated by this project's implementation of the classical Pierce synthesis physics. Validated against Panahi et al. 2025 Table 2 over the C >= 8 envelope: MAE 0.85 deg, MRE 2.80% across 23 published cases. NOT experimental data.",,generated,,,,,train,3.2697,0.6835,26.2373,51.4879,physics_generator,,51.4879,,,pencil,3.5011,4.4744,theta_cone_deg;theta_iterative_deg;rc_mm;Rc_mm,2.80,C >= 8,P in microperv; rw in mm; C dimensionless; angles in degrees,"SYNTHETIC - physics model output, not a measurement. Aperture-lens coefficient c=0.62."
SYN-00125,B_synthetic,project_physics_generator,"Generated by this project's implementation of the classical Pierce synthesis physics. Validated against Panahi et al. 2025 Table 2 over the C >= 8 envelope: MAE 0.85 deg, MRE 2.80% across 23 published cases. NOT experimental data.",,generated,,,,,train,1.0870,3.9819,73.6177,33.2836,physics_generator,,33.2836,,,pencil,34.1647,62.2552,theta_cone_deg;theta_iterative_deg;rc_mm;Rc_mm,2.80,C >= 8,P in microperv; rw in mm; C dimensionless; angles in degrees,"SYNTHETIC - physics model output, not a measurement. Aperture-lens coefficient c=0.62."
SYN-00126,B_synthetic,project_physics_generator,"Generated by this project's implementation of the classical Pierce synthesis physics. Validated against Panahi et al. 2025 Table 2 over the C >= 8 envelope: MAE 0.85 deg, MRE 2.80% across 23 published cases. NOT experimental data.",,generated,,,,,train,1.5574,1.5715,17.9125,31.6419,physics_generator,,31.6419,,,pencil,6.6513,12.6786,theta_cone_deg;theta_iterative_deg;rc_mm;Rc_mm,2.80,C >= 8,P in microperv; rw in mm; C dimensionless; angles in degrees,"SYNTHETIC - physics model output, not a measurement. Aperture-lens coefficient c=0.62."
SYN-00127,B_synthetic,project_physics_generator,"Generated by this project's implementation of the classical Pierce synthesis physics. Validated against Panahi et al. 2025 Table 2 over the C >= 8 envelope: MAE 0.85 deg, MRE 2.80% across 23 published cases. NOT experimental data.",,generated,,,,,train,2.7765,2.7810,318.1899,70.6000,physics_generator,,70.6000,,,pencil,49.6077,52.5938,theta_cone_deg;theta_iterative_deg;rc_mm;Rc_mm,2.80,C >= 8,P in microperv; rw in mm; C dimensionless; angles in degrees,"SYNTHETIC - physics model output, not a measurement. Aperture-lens coefficient c=0.62."
SYN-00128,B_synthetic,project_physics_generator,"Generated by this project's implementation of the classical Pierce synthesis physics. Validated against Panahi et al. 2025 Table 2 over the C >= 8 envelope: MAE 0.85 deg, MRE 2.80% across 23 published cases. NOT experimental data.",,generated,,,,,train,2.2416,2.4712,103.7660,52.2962,physics_generator,,52.2962,,,pencil,25.1727,31.8166,theta_cone_deg;theta_iterative_deg;rc_mm;Rc_mm,2.80,C >= 8,P in microperv; rw in mm; C dimensionless; angles in degrees,"SYNTHETIC - physics model output, not a measurement. Aperture-lens coefficient c=0.62."
SYN-00129,B_synthetic,project_physics_generator,"Generated by this project's implementation of the classical Pierce synthesis physics. Validated against Panahi et al. 2025 Table 2 over the C >= 8 envelope: MAE 0.85 deg, MRE 2.80% across 23 published cases. NOT experimental data.",,generated,,,,,train,1.8794,3.1768,46.2051,41.8463,physics_generator,,41.8463,,,pencil,21.5938,32.3679,theta_cone_deg;theta_iterative_deg;rc_mm;Rc_mm,2.80,C >= 8,P in microperv; rw in mm; C dimensionless; angles in degrees,"SYNTHETIC - physics model output, not a measurement. Aperture-lens coefficient c=0.62."
SYN-00130,B_synthetic,project_physics_generator,"Generated by this project's implementation of the classical Pierce synthesis physics. Validated against Panahi et al. 2025 Table 2 over the C >= 8 envelope: MAE 0.85 deg, MRE 2.80% across 23 published cases. NOT experimental data.",,generated,,,,,train,0.5527,1.2664,170.4055,25.7122,physics_generator,,25.7122,,,pencil,16.5318,38.1048,theta_cone_deg;theta_iterative_deg;rc_mm;Rc_mm,2.80,C >= 8,P in microperv; rw in mm; C dimensionless; angles in degrees,"SYNTHETIC - physics model output, not a measurement. Aperture-lens coefficient c=0.62."
SYN-00131,B_synthetic,project_physics_generator,"Generated by this project's implementation of the classical Pierce synthesis physics. Validated against Panahi et al. 2025 Table 2 over the C >= 8 envelope: MAE 0.85 deg, MRE 2.80% across 23 published cases. NOT experimental data.",,generated,,,,,train,3.5920,4.0687,12.0075,44.5262,physics_generator,,44.5262,,,pencil,14.0987,20.1056,theta_cone_deg;theta_iterative_deg;rc_mm;Rc_mm,2.80,C >= 8,P in microperv; rw in mm; C dimensionless; angles in degrees,"SYNTHETIC - physics model output, not a measurement. Aperture-lens coefficient c=0.62."
SYN-00132,B_synthetic,project_physics_generator,"Generated by this project's implementation of the classical Pierce synthesis physics. Validated against Panahi et al. 2025 Table 2 over the C >= 8 envelope: MAE 0.85 deg, MRE 2.80% across 23 published cases. NOT experimental data.",,generated,,,,,train,3.3503,1.9091,139.6394,71.3897,physics_generator,,71.3897,,,pencil,22.5602,23.8049,theta_cone_deg;theta_iterative_deg;rc_mm;Rc_mm,2.80,C >= 8,P in microperv; rw in mm; C dimensionless; angles in degrees,"SYNTHETIC - physics model output, not a measurement. Aperture-lens coefficient c=0.62."
SYN-00133,B_synthetic,project_physics_generator,"Generated by this project's implementation of the classical Pierce synthesis physics. Validated against Panahi et al. 2025 Table 2 over the C >= 8 envelope: MAE 0.85 deg, MRE 2.80% across 23 published cases. NOT experimental data.",,generated,,,,,train,0.3191,2.7387,9.8020,12.0640,physics_generator,,12.0640,,,pencil,8.5744,41.0251,theta_cone_deg;theta_iterative_deg;rc_mm;Rc_mm,2.80,C >= 8,P in microperv; rw in mm; C dimensionless; angles in degrees,"SYNTHETIC - physics model output, not a measurement. Aperture-lens coefficient c=0.62."
SYN-00134,B_synthetic,project_physics_generator,"Generated by this project's implementation of the classical Pierce synthesis physics. Validated against Panahi et al. 2025 Table 2 over the C >= 8 envelope: MAE 0.85 deg, MRE 2.80% across 23 published cases. NOT experimental data.",,generated,,,,,train,1.6363,0.8285,84.9167,42.4056,physics_generator,,42.4056,,,pencil,7.6345,11.3208,theta_cone_deg;theta_iterative_deg;rc_mm;Rc_mm,2.80,C >= 8,P in microperv; rw in mm; C dimensionless; angles in degrees,"SYNTHETIC - physics model output, not a measurement. Aperture-lens coefficient c=0.62."
SYN-00135,B_synthetic,project_physics_generator,"Generated by this project's implementation of the classical Pierce synthesis physics. Validated against Panahi et al. 2025 Table 2 over the C >= 8 envelope: MAE 0.85 deg, MRE 2.80% across 23 published cases. NOT experimental data.",,generated,,,,,train,2.0037,3.5067,37.6673,41.8897,physics_generator,,41.8897,,,pencil,21.5218,32.2329,theta_cone_deg;theta_iterative_deg;rc_mm;Rc_mm,2.80,C >= 8,P in microperv; rw in mm; C dimensionless; angles in degrees,"SYNTHETIC - physics model output, not a measurement. Aperture-lens coefficient c=0.62."
SYN-00136,B_synthetic,project_physics_generator,"Generated by this project's implementation of the classical Pierce synthesis physics. Validated against Panahi et al. 2025 Table 2 over the C >= 8 envelope: MAE 0.85 deg, MRE 2.80% across 23 published cases. NOT experimental data.",,generated,,,,,train,2.5313,1.2455,13.7879,38.3614,physics_generator,,38.3614,,,pencil,4.6248,7.4519,theta_cone_deg;theta_iterative_deg;rc_mm;Rc_mm,2.80,C >= 8,P in microperv; rw in mm; C dimensionless; angles in degrees,"SYNTHETIC - physics model output, not a measurement. Aperture-lens coefficient c=0.62."
SYN-00137,B_synthetic,project_physics_generator,"Generated by this project's implementation of the classical Pierce synthesis physics. Validated against Panahi et al. 2025 Table 2 over the C >= 8 envelope: MAE 0.85 deg, MRE 2.80% across 23 published cases. NOT experimental data.",,generated,,,,,train,1.3208,4.4198,245.7505,42.7093,physics_generator,,42.7093,,,pencil,69.2868,102.1509,theta_cone_deg;theta_iterative_deg;rc_mm;Rc_mm,2.80,C >= 8,P in microperv; rw in mm; C dimensionless; angles in degrees,"SYNTHETIC - physics model output, not a measurement. Aperture-lens coefficient c=0.62."
SYN-00138,B_synthetic,project_physics_generator,"Generated by this project's implementation of the classical Pierce synthesis physics. Validated against Panahi et al. 2025 Table 2 over the C >= 8 envelope: MAE 0.85 deg, MRE 2.80% across 23 published cases. NOT experimental data.",,generated,,,,,train,0.8474,2.0096,20.2231,23.6906,physics_generator,,23.6906,,,pencil,9.0371,22.4917,theta_cone_deg;theta_iterative_deg;rc_mm;Rc_mm,2.80,C >= 8,P in microperv; rw in mm; C dimensionless; angles in degrees,"SYNTHETIC - physics model output, not a measurement. Aperture-lens coefficient c=0.62."
SYN-00139,B_synthetic,project_physics_generator,"Generated by this project's implementation of the classical Pierce synthesis physics. Validated against Panahi et al. 2025 Table 2 over the C >= 8 envelope: MAE 0.85 deg, MRE 2.80% across 23 published cases. NOT experimental data.",,generated,,,,,train,3.0350,3.3431,56.9346,57.2210,physics_generator,,57.2210,,,pencil,25.2250,30.0025,theta_cone_deg;theta_iterative_deg;rc_mm;Rc_mm,2.80,C >= 8,P in microperv; rw in mm; C dimensionless; angles in degrees,"SYNTHETIC - physics model output, not a measurement. Aperture-lens coefficient c=0.62."
SYN-00140,B_synthetic,project_physics_generator,"Generated by this project's implementation of the classical Pierce synthesis physics. Validated against Panahi et al. 2025 Table 2 over the C >= 8 envelope: MAE 0.85 deg, MRE 2.80% across 23 published cases. NOT experimental data.",,generated,,,,,train,3.0153,0.5479,13.2034,41.6378,physics_generator,,41.6378,,,pencil,1.9909,2.9965,theta_cone_deg;theta_iterative_deg;rc_mm;Rc_mm,2.80,C >= 8,P in microperv; rw in mm; C dimensionless; angles in degrees,"SYNTHETIC - physics model output, not a measurement. Aperture-lens coefficient c=0.62."
SYN-00141,B_synthetic,project_physics_generator,"Generated by this project's implementation of the classical Pierce synthesis physics. Validated against Panahi et al. 2025 Table 2 over the C >= 8 envelope: MAE 0.85 deg, MRE 2.80% across 23 published cases. NOT experimental data.",,generated,,,,,train,0.8400,3.8512,235.3603,33.1469,physics_generator,,33.1469,,,pencil,59.0825,108.0537,theta_cone_deg;theta_iterative_deg;rc_mm;Rc_mm,2.80,C >= 8,P in microperv; rw in mm; C dimensionless; angles in degrees,"SYNTHETIC - physics model output, not a measurement. Aperture-lens coefficient c=0.62."
SYN-00142,B_synthetic,project_physics_generator,"Generated by this project's implementation of the classical Pierce synthesis physics. Validated against Panahi et al. 2025 Table 2 over the C >= 8 envelope: MAE 0.85 deg, MRE 2.80% across 23 published cases. NOT experimental data.",,generated,,,,,train,1.3262,1.6911,22.3650,30.4897,physics_generator,,30.4897,,,pencil,7.9977,15.7626,theta_cone_deg;theta_iterative_deg;rc_mm;Rc_mm,2.80,C >= 8,P in microperv; rw in mm; C dimensionless; angles in degrees,"SYNTHETIC - physics model output, not a measurement. Aperture-lens coefficient c=0.62."
SYN-00143,B_synthetic,project_physics_generator,"Generated by this project's implementation of the classical Pierce synthesis physics. Validated against Panahi et al. 2025 Table 2 over the C >= 8 envelope: MAE 0.85 deg, MRE 2.80% across 23 published cases. NOT experimental data.",,generated,,,,,train,2.5528,2.8957,62.9859,52.4091,physics_generator,,52.4091,,,pencil,22.9816,29.0031,theta_cone_deg;theta_iterative_deg;rc_mm;Rc_mm,2.80,C >= 8,P in microperv; rw in mm; C dimensionless; angles in degrees,"SYNTHETIC - physics model output, not a measurement. Aperture-lens coefficient c=0.62."
SYN-00144,B_synthetic,project_physics_generator,"Generated by this project's implementation of the classical Pierce synthesis physics. Validated against Panahi et al. 2025 Table 2 over the C >= 8 envelope: MAE 0.85 deg, MRE 2.80% across 23 published cases. NOT experimental data.",,generated,,,,,train,2.0246,2.3521,129.9099,50.7408,physics_generator,,50.7408,,,pencil,26.8082,34.6230,theta_cone_deg;theta_iterative_deg;rc_mm;Rc_mm,2.80,C >= 8,P in microperv; rw in mm; C dimensionless; angles in degrees,"SYNTHETIC - physics model output, not a measurement. Aperture-lens coefficient c=0.62."
SYN-00145,B_synthetic,project_physics_generator,"Generated by this project's implementation of the classical Pierce synthesis physics. Validated against Panahi et al. 2025 Table 2 over the C >= 8 envelope: MAE 0.85 deg, MRE 2.80% across 23 published cases. NOT experimental data.",,generated,,,,,train,1.6416,3.0606,9.1216,27.0236,physics_generator,,27.0236,,,pencil,9.2435,20.3442,theta_cone_deg;theta_iterative_deg;rc_mm;Rc_mm,2.80,C >= 8,P in microperv; rw in mm; C dimensionless; angles in degrees,"SYNTHETIC - physics model output, not a measurement. Aperture-lens coefficient c=0.62."
SYN-00146,B_synthetic,project_physics_generator,"Generated by this project's implementation of the classical Pierce synthesis physics. Validated against Panahi et al. 2025 Table 2 over the C >= 8 envelope: MAE 0.85 deg, MRE 2.80% across 23 published cases. NOT experimental data.",,generated,,,,,train,0.3124,1.4006,86.1400,17.7779,physics_generator,,17.7779,,,pencil,12.9988,42.5733,theta_cone_deg;theta_iterative_deg;rc_mm;Rc_mm,2.80,C >= 8,P in microperv; rw in mm; C dimensionless; angles in degrees,"SYNTHETIC - physics model output, not a measurement. Aperture-lens coefficient c=0.62."
SYN-00147,B_synthetic,project_physics_generator,"Generated by this project's implementation of the classical Pierce synthesis physics. Validated against Panahi et al. 2025 Table 2 over the C >= 8 envelope: MAE 0.85 deg, MRE 2.80% across 23 published cases. NOT experimental data.",,generated,,,,,train,3.3309,4.1999,38.2162,56.2421,physics_generator,,56.2421,,,pencil,25.9633,31.2287,theta_cone_deg;theta_iterative_deg;rc_mm;Rc_mm,2.80,C >= 8,P in microperv; rw in mm; C dimensionless; angles in degrees,"SYNTHETIC - physics model output, not a measurement. Aperture-lens coefficient c=0.62."
SYN-00148,B_synthetic,project_physics_generator,"Generated by this project's implementation of the classical Pierce synthesis physics. Validated against Panahi et al. 2025 Table 2 over the C >= 8 envelope: MAE 0.85 deg, MRE 2.80% across 23 published cases. NOT experimental data.",,generated,,,,,train,3.5706,1.7891,111.5376,71.9370,physics_generator,,71.9370,,,pencil,18.8951,19.8745,theta_cone_deg;theta_iterative_deg;rc_mm;Rc_mm,2.80,C >= 8,P in microperv; rw in mm; C dimensionless; angles in degrees,"SYNTHETIC - physics model output, not a measurement. Aperture-lens coefficient c=0.62."
SYN-00149,B_synthetic,project_physics_generator,"Generated by this project's implementation of the classical Pierce synthesis physics. Validated against Panahi et al. 2025 Table 2 over the C >= 8 envelope: MAE 0.85 deg, MRE 2.80% across 23 published cases. NOT experimental data.",,generated,,,,,train,0.5470,2.6236,49.6512,22.0338,physics_generator,,22.0338,,,pencil,18.4866,49.2775,theta_cone_deg;theta_iterative_deg;rc_mm;Rc_mm,2.80,C >= 8,P in microperv; rw in mm; C dimensionless; angles in degrees,"SYNTHETIC - physics model output, not a measurement. Aperture-lens coefficient c=0.62."
SYN-00150,B_synthetic,project_physics_generator,"Generated by this project's implementation of the classical Pierce synthesis physics. Validated against Panahi et al. 2025 Table 2 over the C >= 8 envelope: MAE 0.85 deg, MRE 2.80% across 23 published cases. NOT experimental data.",,generated,,,,,train,1.8865,0.9635,167.9857,50.2774,physics_generator,,50.2774,,,pencil,12.4882,16.2364,theta_cone_deg;theta_iterative_deg;rc_mm;Rc_mm,2.80,C >= 8,P in microperv; rw in mm; C dimensionless; angles in degrees,"SYNTHETIC - physics model output, not a measurement. Aperture-lens coefficient c=0.62."
SYN-00151,B_synthetic,project_physics_generator,"Generated by this project's implementation of the classical Pierce synthesis physics. Validated against Panahi et al. 2025 Table 2 over the C >= 8 envelope: MAE 0.85 deg, MRE 2.80% across 23 published cases. NOT experimental data.",,generated,,,,,train,2.2614,3.6369,11.8350,34.6315,physics_generator,,34.6315,,,pencil,12.5115,22.0158,theta_cone_deg;theta_iterative_deg;rc_mm;Rc_mm,2.80,C >= 8,P in microperv; rw in mm; C dimensionless; angles in degrees,"SYNTHETIC - physics model output, not a measurement. Aperture-lens coefficient c=0.62."
SYN-00152,B_synthetic,project_physics_generator,"Generated by this project's implementation of the classical Pierce synthesis physics. Validated against Panahi et al. 2025 Table 2 over the C >= 8 envelope: MAE 0.85 deg, MRE 2.80% across 23 published cases. NOT experimental data.",,generated,,,,,train,2.7957,1.1110,27.3989,47.5105,physics_generator,,47.5105,,,pencil,5.8152,7.8861,theta_cone_deg;theta_iterative_deg;rc_mm;Rc_mm,2.80,C >= 8,P in microperv; rw in mm; C dimensionless; angles in degrees,"SYNTHETIC - physics model output, not a measurement. Aperture-lens coefficient c=0.62."
SYN-00153,B_synthetic,project_physics_generator,"Generated by this project's implementation of the classical Pierce synthesis physics. Validated against Panahi et al. 2025 Table 2 over the C >= 8 envelope: MAE 0.85 deg, MRE 2.80% across 23 published cases. NOT experimental data.",,generated,,,,,train,1.5644,4.2882,76.8676,40.7975,physics_generator,,40.7975,,,pencil,37.5963,57.5406,theta_cone_deg;theta_iterative_deg;rc_mm;Rc_mm,2.80,C >= 8,P in microperv; rw in mm; C dimensionless; angles in degrees,"SYNTHETIC - physics model output, not a measurement. Aperture-lens coefficient c=0.62."
SYN-00154,B_synthetic,project_physics_generator,"Generated by this project's implementation of the classical Pierce synthesis physics. Validated against Panahi et al. 2025 Table 2 over the C >= 8 envelope: MAE 0.85 deg, MRE 2.80% across 23 published cases. NOT experimental data.",,generated,,,,,train,1.0819,2.1281,16.1970,25.5981,physics_generator,,25.5981,,,pencil,8.5648,19.8233,theta_cone_deg;theta_iterative_deg;rc_mm;Rc_mm,2.80,C >= 8,P in microperv; rw in mm; C dimensionless; angles in degrees,"SYNTHETIC - physics model output, not a measurement. Aperture-lens coefficient c=0.62."
SYN-00155,B_synthetic,project_physics_generator,"Generated by this project's implementation of the classical Pierce synthesis physics. Validated against Panahi et al. 2025 Table 2 over the C >= 8 envelope: MAE 0.85 deg, MRE 2.80% across 23 published cases. NOT experimental data.",,generated,,,,,train,3.1102,2.1000,41.1305,54.7374,physics_generator,,54.7374,,,pencil,13.4678,16.4943,theta_cone_deg;theta_iterative_deg;rc_mm;Rc_mm,2.80,C >= 8,P in microperv; rw in mm; C dimensionless; angles in degrees,"SYNTHETIC - physics model output, not a measurement. Aperture-lens coefficient c=0.62."
SYN-00156,B_synthetic,project_physics_generator,"Generated by this project's implementation of the classical Pierce synthesis physics. Validated against Panahi et al. 2025 Table 2 over the C >= 8 envelope: MAE 0.85 deg, MRE 2.80% across 23 published cases. NOT experimental data.",,generated,,,,,train,1.0344,3.2977,116.3588,34.3312,physics_generator,,34.3312,,,pencil,35.5727,63.0749,theta_cone_deg;theta_iterative_deg;rc_mm;Rc_mm,2.80,C >= 8,P in microperv; rw in mm; C dimensionless; angles in degrees,"SYNTHETIC - physics model output, not a measurement. Aperture-lens coefficient c=0.62."
SYN-00157,B_synthetic,project_physics_generator,"Generated by this project's implementation of the classical Pierce synthesis physics. Validated against Panahi et al. 2025 Table 2 over the C >= 8 envelope: MAE 0.85 deg, MRE 2.80% across 23 published cases. NOT experimental data.",,generated,,,,,train,1.3974,1.1453,10.7090,26.1930,physics_generator,,26.1930,,,pencil,3.7480,8.4912,theta_cone_deg;theta_iterative_deg;rc_mm;Rc_mm,2.80,C >= 8,P in microperv; rw in mm; C dimensionless; angles in degrees,"SYNTHETIC - physics model output, not a measurement. Aperture-lens coefficient c=0.62."
SYN-00158,B_synthetic,project_physics_generator,"Generated by this project's implementation of the classical Pierce synthesis physics. Validated against Panahi et al. 2025 Table 2 over the C >= 8 envelope: MAE 0.85 deg, MRE 2.80% across 23 published cases. NOT experimental data.",,generated,,,,,train,2.7236,4.4398,191.4110,64.6273,physics_generator,,64.6273,,,pencil,61.4247,67.9823,theta_cone_deg;theta_iterative_deg;rc_mm;Rc_mm,2.80,C >= 8,P in microperv; rw in mm; C dimensionless; angles in degrees,"SYNTHETIC - physics model output, not a measurement. Aperture-lens coefficient c=0.62."
SYN-00159,B_synthetic,project_physics_generator,"Generated by this project's implementation of the classical Pierce synthesis physics. Validated against Panahi et al. 2025 Table 2 over the C >= 8 envelope: MAE 0.85 deg, MRE 2.80% across 23 published cases. NOT experimental data.",,generated,,,,,train,2.4017,0.8125,65.6580,50.8855,physics_generator,,50.8855,,,pencil,6.5833,8.4849,theta_cone_deg;theta_iterative_deg;rc_mm;Rc_mm,2.80,C >= 8,P in microperv; rw in mm; C dimensionless; angles in degrees,"SYNTHETIC - physics model output, not a measurement. Aperture-lens coefficient c=0.62."
SYN-00160,B_synthetic,project_physics_generator,"Generated by this project's implementation of the classical Pierce synthesis physics. Validated against Panahi et al. 2025 Table 2 over the C >= 8 envelope: MAE 0.85 deg, MRE 2.80% across 23 published cases. NOT experimental data.",,generated,,,,,train,1.9323,3.6030,29.4711,39.2881,physics_generator,,39.2881,,,pencil,19.5597,30.8892,theta_cone_deg;theta_iterative_deg;rc_mm;Rc_mm,2.80,C >= 8,P in microperv; rw in mm; C dimensionless; angles in degrees,"SYNTHETIC - physics model output, not a measurement. Aperture-lens coefficient c=0.62."
SYN-00161,B_synthetic,project_physics_generator,"Generated by this project's implementation of the classical Pierce synthesis physics. Validated against Panahi et al. 2025 Table 2 over the C >= 8 envelope: MAE 0.85 deg, MRE 2.80% across 23 published cases. NOT experimental data.",,generated,,,,,train,0.7123,1.9505,283.2403,30.9051,physics_generator,,30.9051,,,pencil,32.8269,63.9132,theta_cone_deg;theta_iterative_deg;rc_mm;Rc_mm,2.80,C >= 8,P in microperv; rw in mm; C dimensionless; angles in degrees,"SYNTHETIC - physics model output, not a measurement. Aperture-lens coefficient c=0.62."
SYN-00162,B_synthetic,project_physics_generator,"Generated by this project's implementation of the classical Pierce synthesis physics. Validated against Panahi et al. 2025 Table 2 over the C >= 8 envelope: MAE 0.85 deg, MRE 2.80% across 23 published cases. NOT experimental data.",,generated,,,,,train,3.6445,2.6522,20.0866,51.5626,physics_generator,,51.5626,,,pencil,11.8867,15.1754,theta_cone_deg;theta_iterative_deg;rc_mm;Rc_mm,2.80,C >= 8,P in microperv; rw in mm; C dimensionless; angles in degrees,"SYNTHETIC - physics model output, not a measurement. Aperture-lens coefficient c=0.62."
SYN-00163,B_synthetic,project_physics_generator,"Generated by this project's implementation of the classical Pierce synthesis physics. Validated against Panahi et al. 2025 Table 2 over the C >= 8 envelope: MAE 0.85 deg, MRE 2.80% across 23 published cases. NOT experimental data.",,generated,,,,,train,0.4791,4.0410,15.4857,16.7245,physics_generator,,16.7245,,,pencil,15.9021,55.2598,theta_cone_deg;theta_iterative_deg;rc_mm;Rc_mm,2.80,C >= 8,P in microperv; rw in mm; C dimensionless; angles in degrees,"SYNTHETIC - physics model output, not a measurement. Aperture-lens coefficient c=0.62."
SYN-00164,B_synthetic,project_physics_generator,"Generated by this project's implementation of the classical Pierce synthesis physics. Validated against Panahi et al. 2025 Table 2 over the C >= 8 envelope: MAE 0.85 deg, MRE 2.80% across 23 published cases. NOT experimental data.",,generated,,,,,train,1.6888,2.3885,50.6987,40.0372,physics_generator,,40.0372,,,pencil,17.0069,26.4376,theta_cone_deg;theta_iterative_deg;rc_mm;Rc_mm,2.80,C >= 8,P in microperv; rw in mm; C dimensionless; angles in degrees,"SYNTHETIC - physics model output, not a measurement. Aperture-lens coefficient c=0.62."
SYN-00165,B_synthetic,project_physics_generator,"Generated by this project's implementation of the classical Pierce synthesis physics. Validated against Panahi et al. 2025 Table 2 over the C >= 8 envelope: MAE 0.85 deg, MRE 2.80% across 23 published cases. NOT experimental data.",,generated,,,,,train,2.1632,3.2142,22.6696,39.6527,physics_generator,,39.6527,,,pencil,15.3035,23.9817,theta_cone_deg;theta_iterative_deg;rc_mm;Rc_mm,2.80,C >= 8,P in microperv; rw in mm; C dimensionless; angles in degrees,"SYNTHETIC - physics model output, not a measurement. Aperture-lens coefficient c=0.62."
SYN-00166,B_synthetic,project_physics_generator,"Generated by this project's implementation of the classical Pierce synthesis physics. Validated against Panahi et al. 2025 Table 2 over the C >= 8 envelope: MAE 0.85 deg, MRE 2.80% across 23 published cases. NOT experimental data.",,generated,,,,,train,2.4788,1.5380,8.7283,32.9177,physics_generator,,32.9177,,,pencil,4.5439,8.3614,theta_cone_deg;theta_iterative_deg;rc_mm;Rc_mm,2.80,C >= 8,P in microperv; rw in mm; C dimensionless; angles in degrees,"SYNTHETIC - physics model output, not a measurement. Aperture-lens coefficient c=0.62."
SYN-00167,B_synthetic,project_physics_generator,"Generated by this project's implementation of the classical Pierce synthesis physics. Validated against Panahi et al. 2025 Table 2 over the C >= 8 envelope: MAE 0.85 deg, MRE 2.80% across 23 published cases. NOT experimental data.",,generated,,,,,train,1.1612,2.8598,156.5347,37.8335,physics_generator,,37.8335,,,pencil,35.7797,58.3332,theta_cone_deg;theta_iterative_deg;rc_mm;Rc_mm,2.80,C >= 8,P in microperv; rw in mm; C dimensionless; angles in degrees,"SYNTHETIC - physics model output, not a measurement. Aperture-lens coefficient c=0.62."
SYN-00168,B_synthetic,project_physics_generator,"Generated by this project's implementation of the classical Pierce synthesis physics. Validated against Panahi et al. 2025 Table 2 over the C >= 8 envelope: MAE 0.85 deg, MRE 2.80% across 23 published cases. NOT experimental data.",,generated,,,,,train,0.7945,0.7073,33.5984,25.1528,physics_generator,,25.1528,,,pencil,4.0998,9.6459,theta_cone_deg;theta_iterative_deg;rc_mm;Rc_mm,2.80,C >= 8,P in microperv; rw in mm; C dimensionless; angles in degrees,"SYNTHETIC - physics model output, not a measurement. Aperture-lens coefficient c=0.62."
SYN-00169,B_synthetic,project_physics_generator,"Generated by this project's implementation of the classical Pierce synthesis physics. Validated against Panahi et al. 2025 Table 2 over the C >= 8 envelope: MAE 0.85 deg, MRE 2.80% across 23 published cases. NOT experimental data.",,generated,,,,,train,2.8750,3.8777,95.3720,60.2772,physics_generator,,60.2772,,,pencil,37.8690,43.6061,theta_cone_deg;theta_iterative_deg;rc_mm;Rc_mm,2.80,C >= 8,P in microperv; rw in mm; C dimensionless; angles in degrees,"SYNTHETIC - physics model output, not a measurement. Aperture-lens coefficient c=0.62."
SYN-00170,B_synthetic,project_physics_generator,"Generated by this project's implementation of the classical Pierce synthesis physics. Validated against Panahi et al. 2025 Table 2 over the C >= 8 envelope: MAE 0.85 deg, MRE 2.80% across 23 published cases. NOT experimental data.",,generated,,,,,train,2.9473,1.6334,174.6877,67.3988,physics_generator,,67.3988,,,pencil,21.5880,23.3838,theta_cone_deg;theta_iterative_deg;rc_mm;Rc_mm,2.80,C >= 8,P in microperv; rw in mm; C dimensionless; angles in degrees,"SYNTHETIC - physics model output, not a measurement. Aperture-lens coefficient c=0.62."
SYN-00171,B_synthetic,project_physics_generator,"Generated by this project's implementation of the classical Pierce synthesis physics. Validated against Panahi et al. 2025 Table 2 over the C >= 8 envelope: MAE 0.85 deg, MRE 2.80% across 23 published cases. NOT experimental data.",,generated,,,,,train,0.7722,2.9668,12.2533,20.1017,physics_generator,,20.1017,,,pencil,10.3853,30.2173,theta_cone_deg;theta_iterative_deg;rc_mm;Rc_mm,2.80,C >= 8,P in microperv; rw in mm; C dimensionless; angles in degrees,"SYNTHETIC - physics model output, not a measurement. Aperture-lens coefficient c=0.62."
SYN-00172,B_synthetic,project_physics_generator,"Generated by this project's implementation of the classical Pierce synthesis physics. Validated against Panahi et al. 2025 Table 2 over the C >= 8 envelope: MAE 0.85 deg, MRE 2.80% across 23 published cases. NOT experimental data.",,generated,,,,,train,1.2348,0.6193,101.5936,37.1644,physics_generator,,37.1644,,,pencil,6.2420,10.3326,theta_cone_deg;theta_iterative_deg;rc_mm;Rc_mm,2.80,C >= 8,P in microperv; rw in mm; C dimensionless; angles in degrees,"SYNTHETIC - physics model output, not a measurement. Aperture-lens coefficient c=0.62."
SYN-00173,B_synthetic,project_physics_generator,"Generated by this project's implementation of the classical Pierce synthesis physics. Validated against Panahi et al. 2025 Table 2 over the C >= 8 envelope: MAE 0.85 deg, MRE 2.80% across 23 published cases. NOT experimental data.",,generated,,,,,train,2.4611,3.7936,45.1179,48.5189,physics_generator,,48.5189,,,pencil,25.4814,34.0127,theta_cone_deg;theta_iterative_deg;rc_mm;Rc_mm,2.80,C >= 8,P in microperv; rw in mm; C dimensionless; angles in degrees,"SYNTHETIC - physics model output, not a measurement. Aperture-lens coefficient c=0.62."
SYN-00174,B_synthetic,project_physics_generator,"Generated by this project's implementation of the classical Pierce synthesis physics. Validated against Panahi et al. 2025 Table 2 over the C >= 8 envelope: MAE 0.85 deg, MRE 2.80% across 23 published cases. NOT experimental data.",,generated,,,,,train,2.1461,1.4542,17.4905,37.2816,physics_generator,,37.2816,,,pencil,6.0818,10.0403,theta_cone_deg;theta_iterative_deg;rc_mm;Rc_mm,2.80,C >= 8,P in microperv; rw in mm; C dimensionless; angles in degrees,"SYNTHETIC - physics model output, not a measurement. Aperture-lens coefficient c=0.62."
SYN-00175,B_synthetic,project_physics_generator,"Generated by this project's implementation of the classical Pierce synthesis physics. Validated against Panahi et al. 2025 Table 2 over the C >= 8 envelope: MAE 0.85 deg, MRE 2.80% across 23 published cases. NOT experimental data.",,generated,,,,,train,1.7629,4.1324,311.5361,51.8967,physics_generator,,51.8967,,,pencil,72.9388,92.6914,theta_cone_deg;theta_iterative_deg;rc_mm;Rc_mm,2.80,C >= 8,P in microperv; rw in mm; C dimensionless; angles in degrees,"SYNTHETIC - physics model output, not a measurement. Aperture-lens coefficient c=0.62."
SYN-00176,B_synthetic,project_physics_generator,"Generated by this project's implementation of the classical Pierce synthesis physics. Validated against Panahi et al. 2025 Table 2 over the C >= 8 envelope: MAE 0.85 deg, MRE 2.80% across 23 published cases. NOT experimental data.",,generated,,,,,train,0.4565,2.2849,26.7753,18.2196,physics_generator,,18.2196,,,pencil,11.8231,37.8145,theta_cone_deg;theta_iterative_deg;rc_mm;Rc_mm,2.80,C >= 8,P in microperv; rw in mm; C dimensionless; angles in degrees,"SYNTHETIC - physics model output, not a measurement. Aperture-lens coefficient c=0.62."
SYN-00177,B_synthetic,project_physics_generator,"Generated by this project's implementation of the classical Pierce synthesis physics. Validated against Panahi et al. 2025 Table 2 over the C >= 8 envelope: MAE 0.85 deg, MRE 2.80% across 23 published cases. NOT experimental data.",,generated,,,,,train,3.4752,3.1145,75.4658,65.6747,physics_generator,,65.6747,,,pencil,27.0556,29.6915,theta_cone_deg;theta_iterative_deg;rc_mm;Rc_mm,2.80,C >= 8,P in microperv; rw in mm; C dimensionless; angles in degrees,"SYNTHETIC - physics model output, not a measurement. Aperture-lens coefficient c=0.62."
SYN-00178,B_synthetic,project_physics_generator,"Generated by this project's implementation of the classical Pierce synthesis physics. Validated against Panahi et al. 2025 Table 2 over the C >= 8 envelope: MAE 0.85 deg, MRE 2.80% across 23 published cases. NOT experimental data.",,generated,,,,,train,3.6653,0.8922,20.6737,52.0927,physics_generator,,52.0927,,,pencil,4.0565,5.1413,theta_cone_deg;theta_iterative_deg;rc_mm;Rc_mm,2.80,C >= 8,P in microperv; rw in mm; C dimensionless; angles in degrees,"SYNTHETIC - physics model output, not a measurement. Aperture-lens coefficient c=0.62."
SYN-00179,B_synthetic,project_physics_generator,"Generated by this project's implementation of the classical Pierce synthesis physics. Validated against Panahi et al. 2025 Table 2 over the C >= 8 envelope: MAE 0.85 deg, MRE 2.80% across 23 published cases. NOT experimental data.",,generated,,,,,train,0.6419,3.6944,58.0460,24.4550,physics_generator,,24.4550,,,pencil,28.1470,67.9915,theta_cone_deg;theta_iterative_deg;rc_mm;Rc_mm,2.80,C >= 8,P in microperv; rw in mm; C dimensionless; angles in degrees,"SYNTHETIC - physics model output, not a measurement. Aperture-lens coefficient c=0.62."
SYN-00180,B_synthetic,project_physics_generator,"Generated by this project's implementation of the classical Pierce synthesis physics. Validated against Panahi et al. 2025 Table 2 over the C >= 8 envelope: MAE 0.85 deg, MRE 2.80% across 23 published cases. NOT experimental data.",,generated,,,,,train,1.9511,1.8469,13.5352,33.2639,physics_generator,,33.2639,,,pencil,6.7948,12.3880,theta_cone_deg;theta_iterative_deg;rc_mm;Rc_mm,2.80,C >= 8,P in microperv; rw in mm; C dimensionless; angles in degrees,"SYNTHETIC - physics model output, not a measurement. Aperture-lens coefficient c=0.62."
SYN-00181,B_synthetic,project_physics_generator,"Generated by this project's implementation of the classical Pierce synthesis physics. Validated against Panahi et al. 2025 Table 2 over the C >= 8 envelope: MAE 0.85 deg, MRE 2.80% across 23 published cases. NOT experimental data.",,generated,,,,,train,2.3258,2.5525,240.1645,59.9300,physics_generator,,59.9300,,,pencil,39.5565,45.7082,theta_cone_deg;theta_iterative_deg;rc_mm;Rc_mm,2.80,C >= 8,P in microperv; rw in mm; C dimensionless; angles in degrees,"SYNTHETIC - physics model output, not a measurement. Aperture-lens coefficient c=0.62."
SYN-00182,B_synthetic,project_physics_generator,"Generated by this project's implementation of the classical Pierce synthesis physics. Validated against Panahi et al. 2025 Table 2 over the C >= 8 envelope: MAE 0.85 deg, MRE 2.80% across 23 published cases. NOT experimental data.",,generated,,,,,train,2.6482,2.1953,82.9845,55.9901,physics_generator,,55.9901,,,pencil,19.9985,24.1254,theta_cone_deg;theta_iterative_deg;rc_mm;Rc_mm,2.80,C >= 8,P in microperv; rw in mm; C dimensionless; angles in degrees,"SYNTHETIC - physics model output, not a measurement. Aperture-lens coefficient c=0.62."
SYN-00183,B_synthetic,project_physics_generator,"Generated by this project's implementation of the classical Pierce synthesis physics. Validated against Panahi et al. 2025 Table 2 over the C >= 8 envelope: MAE 0.85 deg, MRE 2.80% across 23 published cases. NOT experimental data.",,generated,,,,,train,1.4167,3.4048,36.9782,34.6065,physics_generator,,34.6065,,,pencil,20.7045,36.4557,theta_cone_deg;theta_iterative_deg;rc_mm;Rc_mm,2.80,C >= 8,P in microperv; rw in mm; C dimensionless; angles in degrees,"SYNTHETIC - physics model output, not a measurement. Aperture-lens coefficient c=0.62."
SYN-00184,B_synthetic,project_physics_generator,"Generated by this project's implementation of the classical Pierce synthesis physics. Validated against Panahi et al. 2025 Table 2 over the C >= 8 envelope: MAE 0.85 deg, MRE 2.80% across 23 published cases. NOT experimental data.",,generated,,,,,train,0.9637,1.0573,142.3687,33.8288,physics_generator,,33.8288,,,pencil,12.6153,22.6604,theta_cone_deg;theta_iterative_deg;rc_mm;Rc_mm,2.80,C >= 8,P in microperv; rw in mm; C dimensionless; angles in degrees,"SYNTHETIC - physics model output, not a measurement. Aperture-lens coefficient c=0.62."
SYN-00185,B_synthetic,project_physics_generator,"Generated by this project's implementation of the classical Pierce synthesis physics. Validated against Panahi et al. 2025 Table 2 over the C >= 8 envelope: MAE 0.85 deg, MRE 2.80% across 23 published cases. NOT experimental data.",,generated,,,,,train,3.1307,4.3556,10.0201,39.0439,physics_generator,,39.0439,,,pencil,13.7876,21.8880,theta_cone_deg;theta_iterative_deg;rc_mm;Rc_mm,2.80,C >= 8,P in microperv; rw in mm; C dimensionless; angles in degrees,"SYNTHETIC - physics model output, not a measurement. Aperture-lens coefficient c=0.62."
SYN-00186,B_synthetic,project_physics_generator,"Generated by this project's implementation of the classical Pierce synthesis physics. Validated against Panahi et al. 2025 Table 2 over the C >= 8 envelope: MAE 0.85 deg, MRE 2.80% across 23 published cases. NOT experimental data.",,generated,,,,,train,3.1779,1.2187,55.6424,58.6413,physics_generator,,58.6413,,,pencil,9.0910,10.6462,theta_cone_deg;theta_iterative_deg;rc_mm;Rc_mm,2.80,C >= 8,P in microperv; rw in mm; C dimensionless; angles in degrees,"SYNTHETIC - physics model output, not a measurement. Aperture-lens coefficient c=0.62."
SYN-00187,B_synthetic,project_physics_generator,"Generated by this project's implementation of the classical Pierce synthesis physics. Validated against Panahi et al. 2025 Table 2 over the C >= 8 envelope: MAE 0.85 deg, MRE 2.80% across 23 published cases. NOT experimental data.",,generated,,,,,train,1.1024,4.3843,24.9558,28.2829,physics_generator,,28.2829,,,pencil,21.9019,46.2235,theta_cone_deg;theta_iterative_deg;rc_mm;Rc_mm,2.80,C >= 8,P in microperv; rw in mm; C dimensionless; angles in degrees,"SYNTHETIC - physics model output, not a measurement. Aperture-lens coefficient c=0.62."
SYN-00188,B_synthetic,project_physics_generator,"Generated by this project's implementation of the classical Pierce synthesis physics. Validated against Panahi et al. 2025 Table 2 over the C >= 8 envelope: MAE 0.85 deg, MRE 2.80% across 23 published cases. NOT experimental data.",,generated,,,,,train,1.4890,2.0443,210.7676,44.9693,physics_generator,,44.9693,,,pencil,29.6785,41.9942,theta_cone_deg;theta_iterative_deg;rc_mm;Rc_mm,2.80,C >= 8,P in microperv; rw in mm; C dimensionless; angles in degrees,"SYNTHETIC - physics model output, not a measurement. Aperture-lens coefficient c=0.62."
SYN-00189,B_synthetic,project_physics_generator,"Generated by this project's implementation of the classical Pierce synthesis physics. Validated against Panahi et al. 2025 Table 2 over the C >= 8 envelope: MAE 0.85 deg, MRE 2.80% across 23 published cases. NOT experimental data.",,generated,,,,,train,2.8149,3.3709,14.9588,41.4987,physics_generator,,41.4987,,,pencil,13.0376,19.6763,theta_cone_deg;theta_iterative_deg;rc_mm;Rc_mm,2.80,C >= 8,P in microperv; rw in mm; C dimensionless; angles in degrees,"SYNTHETIC - physics model output, not a measurement. Aperture-lens coefficient c=0.62."
SYN-00190,B_synthetic,project_physics_generator,"Generated by this project's implementation of the classical Pierce synthesis physics. Validated against Panahi et al. 2025 Table 2 over the C >= 8 envelope: MAE 0.85 deg, MRE 2.80% across 23 published cases. NOT experimental data.",,generated,,,,,train,2.2803,1.8813,34.3770,44.2771,physics_generator,,44.2771,,,pencil,11.0303,15.7998,theta_cone_deg;theta_iterative_deg;rc_mm;Rc_mm,2.80,C >= 8,P in microperv; rw in mm; C dimensionless; angles in degrees,"SYNTHETIC - physics model output, not a measurement. Aperture-lens coefficient c=0.62."
SYN-00191,B_synthetic,project_physics_generator,"Generated by this project's implementation of the classical Pierce synthesis physics. Validated against Panahi et al. 2025 Table 2 over the C >= 8 envelope: MAE 0.85 deg, MRE 2.80% across 23 published cases. NOT experimental data.",,generated,,,,,train,1.8108,2.7040,97.1547,45.7349,physics_generator,,45.7349,,,pencil,26.6528,37.2184,theta_cone_deg;theta_iterative_deg;rc_mm;Rc_mm,2.80,C >= 8,P in microperv; rw in mm; C dimensionless; angles in degrees,"SYNTHETIC - physics model output, not a measurement. Aperture-lens coefficient c=0.62."
SYN-00192,B_synthetic,project_physics_generator,"Generated by this project's implementation of the classical Pierce synthesis physics. Validated against Panahi et al. 2025 Table 2 over the C >= 8 envelope: MAE 0.85 deg, MRE 2.80% across 23 published cases. NOT experimental data.",,generated,,,,,train,0.5680,0.8640,8.0800,15.0999,physics_generator,,15.0999,,,pencil,2.4560,9.4281,theta_cone_deg;theta_iterative_deg;rc_mm;Rc_mm,2.80,C >= 8,P in microperv; rw in mm; C dimensionless; angles in degrees,"SYNTHETIC - physics model output, not a measurement. Aperture-lens coefficient c=0.62."
SYN-00193,B_synthetic,project_physics_generator,"Generated by this project's implementation of the classical Pierce synthesis physics. Validated against Panahi et al. 2025 Table 2 over the C >= 8 envelope: MAE 0.85 deg, MRE 2.80% across 23 published cases. NOT experimental data.",,generated,,,,,train,3.3082,2.4442,10.4477,40.7670,physics_generator,,40.7670,,,pencil,7.9004,12.0989,theta_cone_deg;theta_iterative_deg;rc_mm;Rc_mm,2.80,C >= 8,P in microperv; rw in mm; C dimensionless; angles in degrees,"SYNTHETIC - physics model output, not a measurement. Aperture-lens coefficient c=0.62."
SYN-00194,B_synthetic,project_physics_generator,"Generated by this project's implementation of the classical Pierce synthesis physics. Validated against Panahi et al. 2025 Table 2 over the C >= 8 envelope: MAE 0.85 deg, MRE 2.80% across 23 published cases. NOT experimental data.",,generated,,,,,train,0.3844,3.1410,187.5607,21.5135,physics_generator,,21.5135,,,pencil,43.0172,117.3025,theta_cone_deg;theta_iterative_deg;rc_mm;Rc_mm,2.80,C >= 8,P in microperv; rw in mm; C dimensionless; angles in degrees,"SYNTHETIC - physics model output, not a measurement. Aperture-lens coefficient c=0.62."
SYN-00195,B_synthetic,project_physics_generator,"Generated by this project's implementation of the classical Pierce synthesis physics. Validated against Panahi et al. 2025 Table 2 over the C >= 8 envelope: MAE 0.85 deg, MRE 2.80% across 23 published cases. NOT experimental data.",,generated,,,,,train,1.6243,1.3011,44.5103,38.3976,physics_generator,,38.3976,,,pencil,8.6802,13.9752,theta_cone_deg;theta_iterative_deg;rc_mm;Rc_mm,2.80,C >= 8,P in microperv; rw in mm; C dimensionless; angles in degrees,"SYNTHETIC - physics model output, not a measurement. Aperture-lens coefficient c=0.62."
SYN-00196,B_synthetic,project_physics_generator,"Generated by this project's implementation of the classical Pierce synthesis physics. Validated against Panahi et al. 2025 Table 2 over the C >= 8 envelope: MAE 0.85 deg, MRE 2.80% across 23 published cases. NOT experimental data.",,generated,,,,,train,2.0986,4.0965,126.2184,51.6427,physics_generator,,51.6427,,,pencil,46.0227,58.6908,theta_cone_deg;theta_iterative_deg;rc_mm;Rc_mm,2.80,C >= 8,P in microperv; rw in mm; C dimensionless; angles in degrees,"SYNTHETIC - physics model output, not a measurement. Aperture-lens coefficient c=0.62."
SYN-00197,B_synthetic,project_physics_generator,"Generated by this project's implementation of the classical Pierce synthesis physics. Validated against Panahi et al. 2025 Table 2 over the C >= 8 envelope: MAE 0.85 deg, MRE 2.80% across 23 published cases. NOT experimental data.",,generated,,,,,train,2.6265,0.6557,258.5404,65.7662,physics_generator,,65.7662,,,pencil,10.5432,11.5620,theta_cone_deg;theta_iterative_deg;rc_mm;Rc_mm,2.80,C >= 8,P in microperv; rw in mm; C dimensionless; angles in degrees,"SYNTHETIC - physics model output, not a measurement. Aperture-lens coefficient c=0.62."
SYN-00198,B_synthetic,project_physics_generator,"Generated by this project's implementation of the classical Pierce synthesis physics. Validated against Panahi et al. 2025 Table 2 over the C >= 8 envelope: MAE 0.85 deg, MRE 2.80% across 23 published cases. NOT experimental data.",,generated,,,,,train,1.3086,3.9472,18.2793,29.0244,physics_generator,,29.0244,,,pencil,16.8761,34.7830,theta_cone_deg;theta_iterative_deg;rc_mm;Rc_mm,2.80,C >= 8,P in microperv; rw in mm; C dimensionless; angles in degrees,"SYNTHETIC - physics model output, not a measurement. Aperture-lens coefficient c=0.62."
SYN-00199,B_synthetic,project_physics_generator,"Generated by this project's implementation of the classical Pierce synthesis physics. Validated against Panahi et al. 2025 Table 2 over the C >= 8 envelope: MAE 0.85 deg, MRE 2.80% across 23 published cases. NOT experimental data.",,generated,,,,,train,0.9125,1.6073,68.1622,30.0241,physics_generator,,30.0241,,,pencil,13.2698,26.5203,theta_cone_deg;theta_iterative_deg;rc_mm;Rc_mm,2.80,C >= 8,P in microperv; rw in mm; C dimensionless; angles in degrees,"SYNTHETIC - physics model output, not a measurement. Aperture-lens coefficient c=0.62."
SYN-00200,B_synthetic,project_physics_generator,"Generated by this project's implementation of the classical Pierce synthesis physics. Validated against Panahi et al. 2025 Table 2 over the C >= 8 envelope: MAE 0.85 deg, MRE 2.80% across 23 published cases. NOT experimental data.",,generated,,,,,train,2.9931,2.8080,30.4542,50.4704,physics_generator,,50.4704,,,pencil,15.4959,20.0908,theta_cone_deg;theta_iterative_deg;rc_mm;Rc_mm,2.80,C >= 8,P in microperv; rw in mm; C dimensionless; angles in degrees,"SYNTHETIC - physics model output, not a measurement. Aperture-lens coefficient c=0.62."
SYN-00201,B_synthetic,project_physics_generator,"Generated by this project's implementation of the classical Pierce synthesis physics. Validated against Panahi et al. 2025 Table 2 over the C >= 8 envelope: MAE 0.85 deg, MRE 2.80% across 23 published cases. NOT experimental data.",,generated,,,,,train,2.9721,2.2719,78.5241,59.6613,physics_generator,,59.6613,,,pencil,20.1321,23.3266,theta_cone_deg;theta_iterative_deg;rc_mm;Rc_mm,2.80,C >= 8,P in microperv; rw in mm; C dimensionless; angles in degrees,"SYNTHETIC - physics model output, not a measurement. Aperture-lens coefficient c=0.62."
SYN-00202,B_synthetic,project_physics_generator,"Generated by this project's implementation of the classical Pierce synthesis physics. Validated against Panahi et al. 2025 Table 2 over the C >= 8 envelope: MAE 0.85 deg, MRE 2.80% across 23 published cases. NOT experimental data.",,generated,,,,,train,0.9097,3.0634,27.9930,26.1445,physics_generator,,26.1445,,,pencil,16.2080,36.7832,theta_cone_deg;theta_iterative_deg;rc_mm;Rc_mm,2.80,C >= 8,P in microperv; rw in mm; C dimensionless; angles in degrees,"SYNTHETIC - physics model output, not a measurement. Aperture-lens coefficient c=0.62."
SYN-00203,B_synthetic,project_physics_generator,"Generated by this project's implementation of the classical Pierce synthesis physics. Validated against Panahi et al. 2025 Table 2 over the C >= 8 envelope: MAE 0.85 deg, MRE 2.80% across 23 published cases. NOT experimental data.",,generated,,,,,train,1.2565,1.4734,298.2584,42.3672,physics_generator,,42.3672,,,pencil,25.4457,37.7600,theta_cone_deg;theta_iterative_deg;rc_mm;Rc_mm,2.80,C >= 8,P in microperv; rw in mm; C dimensionless; angles in degrees,"SYNTHETIC - physics model output, not a measurement. Aperture-lens coefficient c=0.62."
SYN-00204,B_synthetic,project_physics_generator,"Generated by this project's implementation of the classical Pierce synthesis physics. Validated against Panahi et al. 2025 Table 2 over the C >= 8 envelope: MAE 0.85 deg, MRE 2.80% across 23 published cases. NOT experimental data.",,generated,,,,,train,2.5959,4.1741,16.7938,40.8966,physics_generator,,40.8966,,,pencil,17.1055,26.1274,theta_cone_deg;theta_iterative_deg;rc_mm;Rc_mm,2.80,C >= 8,P in microperv; rw in mm; C dimensionless; angles in degrees,"SYNTHETIC - physics model output, not a measurement. Aperture-lens coefficient c=0.62."
SYN-00205,B_synthetic,project_physics_generator,"Generated by this project's implementation of the classical Pierce synthesis physics. Validated against Panahi et al. 2025 Table 2 over the C >= 8 envelope: MAE 0.85 deg, MRE 2.80% across 23 published cases. NOT experimental data.",,generated,,,,,train,2.0611,0.5781,48.6027,44.4185,physics_generator,,44.4185,,,pencil,4.0303,5.7584,theta_cone_deg;theta_iterative_deg;rc_mm;Rc_mm,2.80,C >= 8,P in microperv; rw in mm; C dimensionless; angles in degrees,"SYNTHETIC - physics model output, not a measurement. Aperture-lens coefficient c=0.62."
SYN-00206,B_synthetic,project_physics_generator,"Generated by this project's implementation of the classical Pierce synthesis physics. Validated against Panahi et al. 2025 Table 2 over the C >= 8 envelope: MAE 0.85 deg, MRE 2.80% across 23 published cases. NOT experimental data.",,generated,,,,,train,1.5785,3.7749,109.1721,42.9618,physics_generator,,42.9618,,,pencil,39.4421,57.8746,theta_cone_deg;theta_iterative_deg;rc_mm;Rc_mm,2.80,C >= 8,P in microperv; rw in mm; C dimensionless; angles in degrees,"SYNTHETIC - physics model output, not a measurement. Aperture-lens coefficient c=0.62."
SYN-00207,B_synthetic,project_physics_generator,"Generated by this project's implementation of the classical Pierce synthesis physics. Validated against Panahi et al. 2025 Table 2 over the C >= 8 envelope: MAE 0.85 deg, MRE 2.80% across 23 published cases. NOT experimental data.",,generated,,,,,train,0.3755,1.6849,11.4132,13.6915,physics_generator,,13.6915,,,pencil,5.6921,24.0484,theta_cone_deg;theta_iterative_deg;rc_mm;Rc_mm,2.80,C >= 8,P in microperv; rw in mm; C dimensionless; angles in degrees,"SYNTHETIC - physics model output, not a measurement. Aperture-lens coefficient c=0.62."
SYN-00208,B_synthetic,project_physics_generator,"Generated by this project's implementation of the classical Pierce synthesis physics. Validated against Panahi et al. 2025 Table 2 over the C >= 8 envelope: MAE 0.85 deg, MRE 2.80% across 23 published cases. NOT experimental data.",,generated,,,,,train,3.5275,1.0151,9.3226,40.5751,physics_generator,,40.5751,,,pencil,3.0994,4.7650,theta_cone_deg;theta_iterative_deg;rc_mm;Rc_mm,2.80,C >= 8,P in microperv; rw in mm; C dimensionless; angles in degrees,"SYNTHETIC - physics model output, not a measurement. Aperture-lens coefficient c=0.62."
SYN-00209,B_synthetic,project_physics_generator,"Generated by this project's implementation of the classical Pierce synthesis physics. Validated against Panahi et al. 2025 Table 2 over the C >= 8 envelope: MAE 0.85 deg, MRE 2.80% across 23 published cases. NOT experimental data.",,generated,,,,,train,0.6167,4.3378,132.7846,26.5067,physics_generator,,26.5067,,,pencil,49.9858,111.9999,theta_cone_deg;theta_iterative_deg;rc_mm;Rc_mm,2.80,C >= 8,P in microperv; rw in mm; C dimensionless; angles in degrees,"SYNTHETIC - physics model output, not a measurement. Aperture-lens coefficient c=0.62."
SYN-00210,B_synthetic,project_physics_generator,"Generated by this project's implementation of the classical Pierce synthesis physics. Validated against Panahi et al. 2025 Table 2 over the C >= 8 envelope: MAE 0.85 deg, MRE 2.80% across 23 published cases. NOT experimental data.",,generated,,,,,train,1.8168,2.2479,39.6108,40.0397,physics_generator,,40.0397,,,pencil,14.1477,21.9918,theta_cone_deg;theta_iterative_deg;rc_mm;Rc_mm,2.80,C >= 8,P in microperv; rw in mm; C dimensionless; angles in degrees,"SYNTHETIC - physics model output, not a measurement. Aperture-lens coefficient c=0.62."
SYN-00211,B_synthetic,project_physics_generator,"Generated by this project's implementation of the classical Pierce synthesis physics. Validated against Panahi et al. 2025 Table 2 over the C >= 8 envelope: MAE 0.85 deg, MRE 2.80% across 23 published cases. NOT experimental data.",,generated,,,,,train,2.3045,3.4173,89.2753,52.0296,physics_generator,,52.0296,,,pencil,32.2890,40.9588,theta_cone_deg;theta_iterative_deg;rc_mm;Rc_mm,2.80,C >= 8,P in microperv; rw in mm; C dimensionless; angles in degrees,"SYNTHETIC - physics model output, not a measurement. Aperture-lens coefficient c=0.62."
SYN-00212,B_synthetic,project_physics_generator,"Generated by this project's implementation of the classical Pierce synthesis physics. Validated against Panahi et al. 2025 Table 2 over the C >= 8 envelope: MAE 0.85 deg, MRE 2.80% across 23 published cases. NOT experimental data.",,generated,,,,,train,2.8322,1.8349,230.2915,68.2966,physics_generator,,68.2966,,,pencil,27.8448,29.9693,theta_cone_deg;theta_iterative_deg;rc_mm;Rc_mm,2.80,C >= 8,P in microperv; rw in mm; C dimensionless; angles in degrees,"SYNTHETIC - physics model output, not a measurement. Aperture-lens coefficient c=0.62."
SYN-00213,B_synthetic,project_physics_generator,"Generated by this project's implementation of the classical Pierce synthesis physics. Validated against Panahi et al. 2025 Table 2 over the C >= 8 envelope: MAE 0.85 deg, MRE 2.80% across 23 published cases. NOT experimental data.",,generated,,,,,train,1.5013,2.5004,12.9173,28.6612,physics_generator,,28.6612,,,pencil,8.9865,18.7363,theta_cone_deg;theta_iterative_deg;rc_mm;Rc_mm,2.80,C >= 8,P in microperv; rw in mm; C dimensionless; angles in degrees,"SYNTHETIC - physics model output, not a measurement. Aperture-lens coefficient c=0.62."
SYN-00214,B_synthetic,project_physics_generator,"Generated by this project's implementation of the classical Pierce synthesis physics. Validated against Panahi et al. 2025 Table 2 over the C >= 8 envelope: MAE 0.85 deg, MRE 2.80% across 23 published cases. NOT experimental data.",,generated,,,,,train,1.1450,0.9104,60.7668,33.3329,physics_generator,,33.3329,,,pencil,7.0972,12.9157,theta_cone_deg;theta_iterative_deg;rc_mm;Rc_mm,2.80,C >= 8,P in microperv; rw in mm; C dimensionless; angles in degrees,"SYNTHETIC - physics model output, not a measurement. Aperture-lens coefficient c=0.62."
SYN-00215,B_synthetic,project_physics_generator,"Generated by this project's implementation of the classical Pierce synthesis physics. Validated against Panahi et al. 2025 Table 2 over the C >= 8 envelope: MAE 0.85 deg, MRE 2.80% across 23 published cases. NOT experimental data.",,generated,,,,,train,3.2122,3.7371,21.5800,48.8025,physics_generator,,48.8025,,,pencil,17.3604,23.0720,theta_cone_deg;theta_iterative_deg;rc_mm;Rc_mm,2.80,C >= 8,P in microperv; rw in mm; C dimensionless; angles in degrees,"SYNTHETIC - physics model output, not a measurement. Aperture-lens coefficient c=0.62."
SYN-00216,B_synthetic,project_physics_generator,"Generated by this project's implementation of the classical Pierce synthesis physics. Validated against Panahi et al. 2025 Table 2 over the C >= 8 envelope: MAE 0.85 deg, MRE 2.80% across 23 published cases. NOT experimental data.",,generated,,,,,train,3.1533,0.8136,155.4538,69.4859,physics_generator,,69.4859,,,pencil,10.1437,10.8305,theta_cone_deg;theta_iterative_deg;rc_mm;Rc_mm,2.80,C >= 8,P in microperv; rw in mm; C dimensionless; angles in degrees,"SYNTHETIC - physics model output, not a measurement. Aperture-lens coefficient c=0.62."
SYN-00217,B_synthetic,project_physics_generator,"Generated by this project's implementation of the classical Pierce synthesis physics. Validated against Panahi et al. 2025 Table 2 over the C >= 8 envelope: MAE 0.85 deg, MRE 2.80% across 23 published cases. NOT experimental data.",,generated,,,,,train,0.9647,3.5231,8.6671,20.2427,physics_generator,,20.2427,,,pencil,10.3719,29.9767,theta_cone_deg;theta_iterative_deg;rc_mm;Rc_mm,2.80,C >= 8,P in microperv; rw in mm; C dimensionless; angles in degrees,"SYNTHETIC - physics model output, not a measurement. Aperture-lens coefficient c=0.62."
SYN-00218,B_synthetic,project_physics_generator,"Generated by this project's implementation of the classical Pierce synthesis physics. Validated against Panahi et al. 2025 Table 2 over the C >= 8 envelope: MAE 0.85 deg, MRE 2.80% across 23 published cases. NOT experimental data.",,generated,,,,,train,1.4671,1.9255,90.6563,40.2593,physics_generator,,40.2593,,,pencil,18.3333,28.3688,theta_cone_deg;theta_iterative_deg;rc_mm;Rc_mm,2.80,C >= 8,P in microperv; rw in mm; C dimensionless; angles in degrees,"SYNTHETIC - physics model output, not a measurement. Aperture-lens coefficient c=0.62."
SYN-00219,B_synthetic,project_physics_generator,"Generated by this project's implementation of the classical Pierce synthesis physics. Validated against Panahi et al. 2025 Table 2 over the C >= 8 envelope: MAE 0.85 deg, MRE 2.80% across 23 published cases. NOT experimental data.",,generated,,,,,train,2.6804,2.7238,31.9405,47.8282,physics_generator,,47.8282,,,pencil,15.3940,20.7709,theta_cone_deg;theta_iterative_deg;rc_mm;Rc_mm,2.80,C >= 8,P in microperv; rw in mm; C dimensionless; angles in degrees,"SYNTHETIC - physics model output, not a measurement. Aperture-lens coefficient c=0.62."
SYN-00220,B_synthetic,project_physics_generator,"Generated by this project's implementation of the classical Pierce synthesis physics. Validated against Panahi et al. 2025 Table 2 over the C >= 8 envelope: MAE 0.85 deg, MRE 2.80% across 23 published cases. NOT experimental data.",,generated,,,,,train,2.3651,2.0240,15.5932,38.1932,physics_generator,,38.1932,,,pencil,7.9923,12.9259,theta_cone_deg;theta_iterative_deg;rc_mm;Rc_mm,2.80,C >= 8,P in microperv; rw in mm; C dimensionless; angles in degrees,"SYNTHETIC - physics model output, not a measurement. Aperture-lens coefficient c=0.62."
SYN-00221,B_synthetic,project_physics_generator,"Generated by this project's implementation of the classical Pierce synthesis physics. Validated against Panahi et al. 2025 Table 2 over the C >= 8 envelope: MAE 0.85 deg, MRE 2.80% across 23 published cases. NOT experimental data.",,generated,,,,,train,1.9954,3.3262,220.7489,53.7912,physics_generator,,53.7912,,,pencil,49.4199,61.2489,theta_cone_deg;theta_iterative_deg;rc_mm;Rc_mm,2.80,C >= 8,P in microperv; rw in mm; C dimensionless; angles in degrees,"SYNTHETIC - physics model output, not a measurement. Aperture-lens coefficient c=0.62."
SYN-00222,B_synthetic,project_physics_generator,"Generated by this project's implementation of the classical Pierce synthesis physics. Validated against Panahi et al. 2025 Table 2 over the C >= 8 envelope: MAE 0.85 deg, MRE 2.80% across 23 published cases. NOT experimental data.",,generated,,,,,train,0.6492,1.2286,23.8490,21.3459,physics_generator,,21.3459,,,pencil,6.0001,16.4840,theta_cone_deg;theta_iterative_deg;rc_mm;Rc_mm,2.80,C >= 8,P in microperv; rw in mm; C dimensionless; angles in degrees,"SYNTHETIC - physics model output, not a measurement. Aperture-lens coefficient c=0.62."
SYN-00223,B_synthetic,project_physics_generator,"Generated by this project's implementation of the classical Pierce synthesis physics. Validated against Panahi et al. 2025 Table 2 over the C >= 8 envelope: MAE 0.85 deg, MRE 2.80% across 23 published cases. NOT experimental data.",,generated,,,,,train,3.6810,4.4342,53.3301,63.9220,physics_generator,,63.9220,,,pencil,32.3820,36.0523,theta_cone_deg;theta_iterative_deg;rc_mm;Rc_mm,2.80,C >= 8,P in microperv; rw in mm; C dimensionless; angles in degrees,"SYNTHETIC - physics model output, not a measurement. Aperture-lens coefficient c=0.62."
SYN-00224,B_synthetic,project_physics_generator,"Generated by this project's implementation of the classical Pierce synthesis physics. Validated against Panahi et al. 2025 Table 2 over the C >= 8 envelope: MAE 0.85 deg, MRE 2.80% across 23 published cases. NOT experimental data.",,generated,,,,,train,3.4463,1.5860,29.2548,54.3472,physics_generator,,54.3472,,,pencil,8.5781,10.5568,theta_cone_deg;theta_iterative_deg;rc_mm;Rc_mm,2.80,C >= 8,P in microperv; rw in mm; C dimensionless; angles in degrees,"SYNTHETIC - physics model output, not a measurement. Aperture-lens coefficient c=0.62."
SYN-00225,B_synthetic,project_physics_generator,"Generated by this project's implementation of the classical Pierce synthesis physics. Validated against Panahi et al. 2025 Table 2 over the C >= 8 envelope: MAE 0.85 deg, MRE 2.80% across 23 published cases. NOT experimental data.",,generated,,,,,train,0.4094,2.7642,65.1682,19.7098,physics_generator,,19.7098,,,pencil,22.3143,66.1641,theta_cone_deg;theta_iterative_deg;rc_mm;Rc_mm,2.80,C >= 8,P in microperv; rw in mm; C dimensionless; angles in degrees,"SYNTHETIC - physics model output, not a measurement. Aperture-lens coefficient c=0.62."
SYN-00226,B_synthetic,project_physics_generator,"Generated by this project's implementation of the classical Pierce synthesis physics. Validated against Panahi et al. 2025 Table 2 over the C >= 8 envelope: MAE 0.85 deg, MRE 2.80% across 23 published cases. NOT experimental data.",,generated,,,,,train,1.7585,0.6667,19.1018,34.2151,physics_generator,,34.2151,,,pencil,2.9138,5.1818,theta_cone_deg;theta_iterative_deg;rc_mm;Rc_mm,2.80,C >= 8,P in microperv; rw in mm; C dimensionless; angles in degrees,"SYNTHETIC - physics model output, not a measurement. Aperture-lens coefficient c=0.62."
SYN-00227,B_synthetic,project_physics_generator,"Generated by this project's implementation of the classical Pierce synthesis physics. Validated against Panahi et al. 2025 Table 2 over the C >= 8 envelope: MAE 0.85 deg, MRE 2.80% across 23 published cases. NOT experimental data.",,generated,,,,,train,2.1201,3.9962,269.3858,57.2530,physics_generator,,57.2530,,,pencil,65.5903,77.9847,theta_cone_deg;theta_iterative_deg;rc_mm;Rc_mm,2.80,C >= 8,P in microperv; rw in mm; C dimensionless; angles in degrees,"SYNTHETIC - physics model output, not a measurement. Aperture-lens coefficient c=0.62."
SYN-00228,B_synthetic,project_physics_generator,"Generated by this project's implementation of the classical Pierce synthesis physics. Validated against Panahi et al. 2025 Table 2 over the C >= 8 envelope: MAE 0.85 deg, MRE 2.80% across 23 published cases. NOT experimental data.",,generated,,,,,train,2.4423,1.2515,117.2206,56.0774,physics_generator,,56.0774,,,pencil,13.5502,16.3297,theta_cone_deg;theta_iterative_deg;rc_mm;Rc_mm,2.80,C >= 8,P in microperv; rw in mm; C dimensionless; angles in degrees,"SYNTHETIC - physics model output, not a measurement. Aperture-lens coefficient c=0.62."
SYN-00229,B_synthetic,project_physics_generator,"Generated by this project's implementation of the classical Pierce synthesis physics. Validated against Panahi et al. 2025 Table 2 over the C >= 8 envelope: MAE 0.85 deg, MRE 2.80% across 23 published cases. NOT experimental data.",,generated,,,,,train,1.2243,4.0850,41.4395,32.6200,physics_generator,,32.6200,,,pencil,26.2968,48.7822,theta_cone_deg;theta_iterative_deg;rc_mm;Rc_mm,2.80,C >= 8,P in microperv; rw in mm; C dimensionless; angles in degrees,"SYNTHETIC - physics model output, not a measurement. Aperture-lens coefficient c=0.62."
SYN-00230,B_synthetic,project_physics_generator,"Generated by this project's implementation of the classical Pierce synthesis physics. Validated against Panahi et al. 2025 Table 2 over the C >= 8 envelope: MAE 0.85 deg, MRE 2.80% across 23 published cases. NOT experimental data.",,generated,,,,,train,0.7314,2.4875,201.2772,30.3024,physics_generator,,30.3024,,,pencil,35.2914,69.9443,theta_cone_deg;theta_iterative_deg;rc_mm;Rc_mm,2.80,C >= 8,P in microperv; rw in mm; C dimensionless; angles in degrees,"SYNTHETIC - physics model output, not a measurement. Aperture-lens coefficient c=0.62."
SYN-00231,B_synthetic,project_physics_generator,"Generated by this project's implementation of the classical Pierce synthesis physics. Validated against Panahi et al. 2025 Table 2 over the C >= 8 envelope: MAE 0.85 deg, MRE 2.80% across 23 published cases. NOT experimental data.",,generated,,,,,train,2.9115,3.1618,11.2599,38.9970,physics_generator,,38.9970,,,pencil,10.6098,16.8602,theta_cone_deg;theta_iterative_deg;rc_mm;Rc_mm,2.80,C >= 8,P in microperv; rw in mm; C dimensionless; angles in degrees,"SYNTHETIC - physics model output, not a measurement. Aperture-lens coefficient c=0.62."
SYN-00232,B_synthetic,project_physics_generator,"Generated by this project's implementation of the classical Pierce synthesis physics. Validated against Panahi et al. 2025 Table 2 over the C >= 8 envelope: MAE 0.85 deg, MRE 2.80% across 23 published cases. NOT experimental data.",,generated,,,,,train,2.8776,1.4218,36.7020,51.1660,physics_generator,,51.1660,,,pencil,8.6138,11.0580,theta_cone_deg;theta_iterative_deg;rc_mm;Rc_mm,2.80,C >= 8,P in microperv; rw in mm; C dimensionless; angles in degrees,"SYNTHETIC - physics model output, not a measurement. Aperture-lens coefficient c=0.62."
SYN-00233,B_synthetic,project_physics_generator,"Generated by this project's implementation of the classical Pierce synthesis physics. Validated against Panahi et al. 2025 Table 2 over the C >= 8 envelope: MAE 0.85 deg, MRE 2.80% across 23 published cases. NOT experimental data.",,generated,,,,,train,0.8154,4.2436,82.3755,29.0038,physics_generator,,29.0038,,,pencil,38.5154,79.4348,theta_cone_deg;theta_iterative_deg;rc_mm;Rc_mm,2.80,C >= 8,P in microperv; rw in mm; C dimensionless; angles in degrees,"SYNTHETIC - physics model output, not a measurement. Aperture-lens coefficient c=0.62."
SYN-00234,B_synthetic,project_physics_generator,"Generated by this project's implementation of the classical Pierce synthesis physics. Validated against Panahi et al. 2025 Table 2 over the C >= 8 envelope: MAE 0.85 deg, MRE 2.80% across 23 published cases. NOT experimental data.",,generated,,,,,train,1.1916,2.3412,9.5301,23.2762,physics_generator,,23.2762,,,pencil,7.2274,18.2897,theta_cone_deg;theta_iterative_deg;rc_mm;Rc_mm,2.80,C >= 8,P in microperv; rw in mm; C dimensionless; angles in degrees,"SYNTHETIC - physics model output, not a measurement. Aperture-lens coefficient c=0.62."
SYN-00235,B_synthetic,project_physics_generator,"Generated by this project's implementation of the classical Pierce synthesis physics. Validated against Panahi et al. 2025 Table 2 over the C >= 8 envelope: MAE 0.85 deg, MRE 2.80% across 23 published cases. NOT experimental data.",,generated,,,,,train,2.5309,3.0116,135.3883,58.5520,physics_generator,,58.5520,,,pencil,35.0415,41.0749,theta_cone_deg;theta_iterative_deg;rc_mm;Rc_mm,2.80,C >= 8,P in microperv; rw in mm; C dimensionless; angles in degrees,"SYNTHETIC - physics model output, not a measurement. Aperture-lens coefficient c=0.62."
SYN-00236,B_synthetic,project_physics_generator,"Generated by this project's implementation of the classical Pierce synthesis physics. Validated against Panahi et al. 2025 Table 2 over the C >= 8 envelope: MAE 0.85 deg, MRE 2.80% across 23 published cases. NOT experimental data.",,generated,,,,,train,2.2092,1.7406,58.4815,47.5950,physics_generator,,47.5950,,,pencil,13.3111,18.0270,theta_cone_deg;theta_iterative_deg;rc_mm;Rc_mm,2.80,C >= 8,P in microperv; rw in mm; C dimensionless; angles in degrees,"SYNTHETIC - physics model output, not a measurement. Aperture-lens coefficient c=0.62."
SYN-00237,B_synthetic,project_physics_generator,"Generated by this project's implementation of the classical Pierce synthesis physics. Validated against Panahi et al. 2025 Table 2 over the C >= 8 envelope: MAE 0.85 deg, MRE 2.80% across 23 published cases. NOT experimental data.",,generated,,,,,train,1.7264,2.9071,20.8269,34.5208,physics_generator,,34.5208,,,pencil,13.2671,23.4108,theta_cone_deg;theta_iterative_deg;rc_mm;Rc_mm,2.80,C >= 8,P in microperv; rw in mm; C dimensionless; angles in degrees,"SYNTHETIC - physics model output, not a measurement. Aperture-lens coefficient c=0.62."
SYN-00238,B_synthetic,project_physics_generator,"Generated by this project's implementation of the classical Pierce synthesis physics. Validated against Panahi et al. 2025 Table 2 over the C >= 8 envelope: MAE 0.85 deg, MRE 2.80% across 23 published cases. NOT experimental data.",,generated,,,,,train,0.4931,0.5047,252.5195,25.1909,physics_generator,,25.1909,,,pencil,8.0201,18.8426,theta_cone_deg;theta_iterative_deg;rc_mm;Rc_mm,2.80,C >= 8,P in microperv; rw in mm; C dimensionless; angles in degrees,"SYNTHETIC - physics model output, not a measurement. Aperture-lens coefficient c=0.62."
SYN-00239,B_synthetic,project_physics_generator,"Generated by this project's implementation of the classical Pierce synthesis physics. Validated against Panahi et al. 2025 Table 2 over the C >= 8 envelope: MAE 0.85 deg, MRE 2.80% across 23 published cases. NOT experimental data.",,generated,,,,,train,3.4122,3.8304,14.2328,45.4757,physics_generator,,45.4757,,,pencil,14.4506,20.2686,theta_cone_deg;theta_iterative_deg;rc_mm;Rc_mm,2.80,C >= 8,P in microperv; rw in mm; C dimensionless; angles in degrees,"SYNTHETIC - physics model output, not a measurement. Aperture-lens coefficient c=0.62."
SYN-00240,B_synthetic,project_physics_generator,"Generated by this project's implementation of the classical Pierce synthesis physics. Validated against Panahi et al. 2025 Table 2 over the C >= 8 envelope: MAE 0.85 deg, MRE 2.80% across 23 published cases. NOT experimental data.",,generated,,,,,train,0.6851,3.4692,17.3697,20.5774,physics_generator,,20.5774,,,pencil,14.4584,41.1367,theta_cone_deg;theta_iterative_deg;rc_mm;Rc_mm,2.80,C >= 8,P in microperv; rw in mm; C dimensionless; angles in degrees,"SYNTHETIC - physics model output, not a measurement. Aperture-lens coefficient c=0.62."
SYN-00241,B_synthetic,project_physics_generator,"Generated by this project's implementation of the classical Pierce synthesis physics. Validated against Panahi et al. 2025 Table 2 over the C >= 8 envelope: MAE 0.85 deg, MRE 2.80% across 23 published cases. NOT experimental data.",,generated,,,,,train,1.9080,1.0667,71.7411,45.1539,physics_generator,,45.1539,,,pencil,9.0346,12.7427,theta_cone_deg;theta_iterative_deg;rc_mm;Rc_mm,2.80,C >= 8,P in microperv; rw in mm; C dimensionless; angles in degrees,"SYNTHETIC - physics model output, not a measurement. Aperture-lens coefficient c=0.62."
SYN-00242,B_synthetic,project_physics_generator,"Generated by this project's implementation of the classical Pierce synthesis physics. Validated against Panahi et al. 2025 Table 2 over the C >= 8 envelope: MAE 0.85 deg, MRE 2.80% across 23 published cases. NOT experimental data.",,generated,,,,,train,2.3956,4.2683,25.4515,42.9381,physics_generator,,42.9381,,,pencil,21.5335,31.6108,theta_cone_deg;theta_iterative_deg;rc_mm;Rc_mm,2.80,C >= 8,P in microperv; rw in mm; C dimensionless; angles in degrees,"SYNTHETIC - physics model output, not a measurement. Aperture-lens coefficient c=0.62."
SYN-00243,B_synthetic,project_physics_generator,"Generated by this project's implementation of the classical Pierce synthesis physics. Validated against Panahi et al. 2025 Table 2 over the C >= 8 envelope: MAE 0.85 deg, MRE 2.80% across 23 published cases. NOT experimental data.",,generated,,,,,train,2.7114,0.9839,12.3400,38.5832,physics_generator,,38.5832,,,pencil,3.4562,5.5418,theta_cone_deg;theta_iterative_deg;rc_mm;Rc_mm,2.80,C >= 8,P in microperv; rw in mm; C dimensionless; angles in degrees,"SYNTHETIC - physics model output, not a measurement. Aperture-lens coefficient c=0.62."
SYN-00244,B_synthetic,project_physics_generator,"Generated by this project's implementation of the classical Pierce synthesis physics. Validated against Panahi et al. 2025 Table 2 over the C >= 8 envelope: MAE 0.85 deg, MRE 2.80% across 23 published cases. NOT experimental data.",,generated,,,,,train,1.3802,3.6816,175.8997,42.1995,physics_generator,,42.1995,,,pencil,48.8285,72.6924,theta_cone_deg;theta_iterative_deg;rc_mm;Rc_mm,2.80,C >= 8,P in microperv; rw in mm; C dimensionless; angles in degrees,"SYNTHETIC - physics model output, not a measurement. Aperture-lens coefficient c=0.62."
SYN-00245,B_synthetic,project_physics_generator,"Generated by this project's implementation of the classical Pierce synthesis physics. Validated against Panahi et al. 2025 Table 2 over the C >= 8 envelope: MAE 0.85 deg, MRE 2.80% across 23 published cases. NOT experimental data.",,generated,,,,,train,1.0003,1.7791,47.4592,29.9393,physics_generator,,29.9393,,,pencil,12.2565,24.5580,theta_cone_deg;theta_iterative_deg;rc_mm;Rc_mm,2.80,C >= 8,P in microperv; rw in mm; C dimensionless; angles in degrees,"SYNTHETIC - physics model output, not a measurement. Aperture-lens coefficient c=0.62."
SYN-00246,B_synthetic,project_physics_generator,"Generated by this project's implementation of the classical Pierce synthesis physics. Validated against Panahi et al. 2025 Table 2 over the C >= 8 envelope: MAE 0.85 deg, MRE 2.80% across 23 published cases. NOT experimental data.",,generated,,,,,train,3.0677,2.5736,106.8799,64.0845,physics_generator,,64.0845,,,pencil,26.6062,29.5809,theta_cone_deg;theta_iterative_deg;rc_mm;Rc_mm,2.80,C >= 8,P in microperv; rw in mm; C dimensionless; angles in degrees,"SYNTHETIC - physics model output, not a measurement. Aperture-lens coefficient c=0.62."
SYN-00247,B_synthetic,project_physics_generator,"Generated by this project's implementation of the classical Pierce synthesis physics. Validated against Panahi et al. 2025 Table 2 over the C >= 8 envelope: MAE 0.85 deg, MRE 2.80% across 23 published cases. NOT experimental data.",,generated,,,,,train,3.2476,1.9927,18.6839,47.4664,physics_generator,,47.4664,,,pencil,8.6134,11.6890,theta_cone_deg;theta_iterative_deg;rc_mm;Rc_mm,2.80,C >= 8,P in microperv; rw in mm; C dimensionless; angles in degrees,"SYNTHETIC - physics model output, not a measurement. Aperture-lens coefficient c=0.62."
SYN-00248,B_synthetic,project_physics_generator,"Generated by this project's implementation of the classical Pierce synthesis physics. Validated against Panahi et al. 2025 Table 2 over the C >= 8 envelope: MAE 0.85 deg, MRE 2.80% across 23 published cases. NOT experimental data.",,generated,,,,,train,1.0592,2.6699,264.2345,38.0435,physics_generator,,38.0435,,,pencil,43.4004,70.4255,theta_cone_deg;theta_iterative_deg;rc_mm;Rc_mm,2.80,C >= 8,P in microperv; rw in mm; C dimensionless; angles in degrees,"SYNTHETIC - physics model output, not a measurement. Aperture-lens coefficient c=0.62."
SYN-00249,B_synthetic,project_physics_generator,"Generated by this project's implementation of the classical Pierce synthesis physics. Validated against Panahi et al. 2025 Table 2 over the C >= 8 envelope: MAE 0.85 deg, MRE 2.80% across 23 published cases. NOT experimental data.",,generated,,,,,train,1.5322,0.7599,31.5626,35.1127,physics_generator,,35.1127,,,pencil,4.2694,7.4226,theta_cone_deg;theta_iterative_deg;rc_mm;Rc_mm,2.80,C >= 8,P in microperv; rw in mm; C dimensionless; angles in degrees,"SYNTHETIC - physics model output, not a measurement. Aperture-lens coefficient c=0.62."
SYN-00250,B_synthetic,project_physics_generator,"Generated by this project's implementation of the classical Pierce synthesis physics. Validated against Panahi et al. 2025 Table 2 over the C >= 8 envelope: MAE 0.85 deg, MRE 2.80% across 23 published cases. NOT experimental data.",,generated,,,,,train,2.7452,3.5905,70.6504,55.7930,physics_generator,,55.7930,,,pencil,30.1795,36.4923,theta_cone_deg;theta_iterative_deg;rc_mm;Rc_mm,2.80,C >= 8,P in microperv; rw in mm; C dimensionless; angles in degrees,"SYNTHETIC - physics model output, not a measurement. Aperture-lens coefficient c=0.62."
SYN-00251,B_synthetic,project_physics_generator,"Generated by this project's implementation of the classical Pierce synthesis physics. Validated against Panahi et al. 2025 Table 2 over the C >= 8 envelope: MAE 0.85 deg, MRE 2.80% across 23 published cases. NOT experimental data.",,generated,,,,,train,2.2173,1.1573,183.4976,56.1209,physics_generator,,56.1209,,,pencil,15.6772,18.8833,theta_cone_deg;theta_iterative_deg;rc_mm;Rc_mm,2.80,C >= 8,P in microperv; rw in mm; C dimensionless; angles in degrees,"SYNTHETIC - physics model output, not a measurement. Aperture-lens coefficient c=0.62."
SYN-00252,B_synthetic,project_physics_generator,"Generated by this project's implementation of the classical Pierce synthesis physics. Validated against Panahi et al. 2025 Table 2 over the C >= 8 envelope: MAE 0.85 deg, MRE 2.80% across 23 published cases. NOT experimental data.",,generated,,,,,train,1.8474,4.4918,10.2226,29.8165,physics_generator,,29.8165,,,pencil,14.3614,28.8832,theta_cone_deg;theta_iterative_deg;rc_mm;Rc_mm,2.80,C >= 8,P in microperv; rw in mm; C dimensionless; angles in degrees,"SYNTHETIC - physics model output, not a measurement. Aperture-lens coefficient c=0.62."
SYN-00253,B_synthetic,project_physics_generator,"Generated by this project's implementation of the classical Pierce synthesis physics. Validated against Panahi et al. 2025 Table 2 over the C >= 8 envelope: MAE 0.85 deg, MRE 2.80% across 23 published cases. NOT experimental data.",,generated,,,,,train,0.5315,2.0818,121.7873,24.2999,physics_generator,,24.2999,,,pencil,22.9739,55.8279,theta_cone_deg;theta_iterative_deg;rc_mm;Rc_mm,2.80,C >= 8,P in microperv; rw in mm; C dimensionless; angles in degrees,"SYNTHETIC - physics model output, not a measurement. Aperture-lens coefficient c=0.62."
SYN-00254,B_synthetic,project_physics_generator,"Generated by this project's implementation of the classical Pierce synthesis physics. Validated against Panahi et al. 2025 Table 2 over the C >= 8 envelope: MAE 0.85 deg, MRE 2.80% across 23 published cases. NOT experimental data.",,generated,,,,,train,3.5634,3.2551,42.9426,59.9942,physics_generator,,59.9942,,,pencil,21.3309,24.6322,theta_cone_deg;theta_iterative_deg;rc_mm;Rc_mm,2.80,C >= 8,P in microperv; rw in mm; C dimensionless; angles in degrees,"SYNTHETIC - physics model output, not a measurement. Aperture-lens coefficient c=0.62."
SYN-00255,B_synthetic,project_physics_generator,"Generated by this project's implementation of the classical Pierce synthesis physics. Validated against Panahi et al. 2025 Table 2 over the C >= 8 envelope: MAE 0.85 deg, MRE 2.80% across 23 published cases. NOT experimental data.",,generated,,,,,train,3.3780,0.7203,99.2613,67.6409,physics_generator,,67.6409,,,pencil,7.1765,7.7599,theta_cone_deg;theta_iterative_deg;rc_mm;Rc_mm,2.80,C >= 8,P in microperv; rw in mm; C dimensionless; angles in degrees,"SYNTHETIC - physics model output, not a measurement. Aperture-lens coefficient c=0.62."
SYN-00256,B_synthetic,project_physics_generator,"Generated by this project's implementation of the classical Pierce synthesis physics. Validated against Panahi et al. 2025 Table 2 over the C >= 8 envelope: MAE 0.85 deg, MRE 2.80% across 23 published cases. NOT experimental data.",,generated,,,,,train,0.3412,3.9288,35.1182,16.4458,physics_generator,,16.4458,,,pencil,23.2825,82.2387,theta_cone_deg;theta_iterative_deg;rc_mm;Rc_mm,2.80,C >= 8,P in microperv; rw in mm; C dimensionless; angles in degrees,"SYNTHETIC - physics model output, not a measurement. Aperture-lens coefficient c=0.62."
SYN-00257,B_synthetic,project_physics_generator,"Generated by this project's implementation of the classical Pierce synthesis physics. Validated against Panahi et al. 2025 Table 2 over the C >= 8 envelope: MAE 0.85 deg, MRE 2.80% across 23 published cases. NOT experimental data.",,generated,,,,,train,1.6675,1.5187,149.8944,46.1189,physics_generator,,46.1189,,,pencil,18.5941,25.7973,theta_cone_deg;theta_iterative_deg;rc_mm;Rc_mm,2.80,C >= 8,P in microperv; rw in mm; C dimensionless; angles in degrees,"SYNTHETIC - physics model output, not a measurement. Aperture-lens coefficient c=0.62."
SYN-00258,B_synthetic,project_physics_generator,"Generated by this project's implementation of the classical Pierce synthesis physics. Validated against Panahi et al. 2025 Table 2 over the C >= 8 envelope: MAE 0.85 deg, MRE 2.80% across 23 published cases. NOT experimental data.",,generated,,,,,train,2.0289,2.8181,8.3788,29.2326,physics_generator,,29.2326,,,pencil,8.1572,16.7034,theta_cone_deg;theta_iterative_deg;rc_mm;Rc_mm,2.80,C >= 8,P in microperv; rw in mm; C dimensionless; angles in degrees,"SYNTHETIC - physics model output, not a measurement. Aperture-lens coefficient c=0.62."
SYN-00259,B_synthetic,project_physics_generator,"Generated by this project's implementation of the classical Pierce synthesis physics. Validated against Panahi et al. 2025 Table 2 over the C >= 8 envelope: MAE 0.85 deg, MRE 2.80% across 23 published cases. NOT experimental data.",,generated,,,,,train,2.5634,2.4297,24.4265,44.1973,physics_generator,,44.1973,,,pencil,12.0085,17.2255,theta_cone_deg;theta_iterative_deg;rc_mm;Rc_mm,2.80,C >= 8,P in microperv; rw in mm; C dimensionless; angles in degrees,"SYNTHETIC - physics model output, not a measurement. Aperture-lens coefficient c=0.62."
SYN-00260,B_synthetic,project_physics_generator,"Generated by this project's implementation of the classical Pierce synthesis physics. Validated against Panahi et al. 2025 Table 2 over the C >= 8 envelope: MAE 0.85 deg, MRE 2.80% across 23 published cases. NOT experimental data.",,generated,,,,,train,1.3452,3.2330,54.4678,35.7689,physics_generator,,35.7689,,,pencil,23.8600,40.8200,theta_cone_deg;theta_iterative_deg;rc_mm;Rc_mm,2.80,C >= 8,P in microperv; rw in mm; C dimensionless; angles in degrees,"SYNTHETIC - physics model output, not a measurement. Aperture-lens coefficient c=0.62."
SYN-00261,B_synthetic,project_physics_generator,"Generated by this project's implementation of the classical Pierce synthesis physics. Validated against Panahi et al. 2025 Table 2 over the C >= 8 envelope: MAE 0.85 deg, MRE 2.80% across 23 published cases. NOT experimental data.",,generated,,,,,train,0.8760,1.3229,14.4270,22.3492,physics_generator,,22.3492,,,pencil,5.0247,13.2142,theta_cone_deg;theta_iterative_deg;rc_mm;Rc_mm,2.80,C >= 8,P in microperv; rw in mm; C dimensionless; angles in degrees,"SYNTHETIC - physics model output, not a measurement. Aperture-lens coefficient c=0.62."
SYN-00262,B_synthetic,project_physics_generator,"Generated by this project's implementation of the classical Pierce synthesis physics. Validated against Panahi et al. 2025 Table 2 over the C >= 8 envelope: MAE 0.85 deg, MRE 2.80% across 23 published cases. NOT experimental data.",,generated,,,,,train,3.0563,4.0275,203.2532,70.9141,physics_generator,,70.9141,,,pencil,57.4187,60.7587,theta_cone_deg;theta_iterative_deg;rc_mm;Rc_mm,2.80,C >= 8,P in microperv; rw in mm; C dimensionless; angles in degrees,"SYNTHETIC - physics model output, not a measurement. Aperture-lens coefficient c=0.62."
SYN-00263,B_synthetic,project_physics_generator,"Generated by this project's implementation of the classical Pierce synthesis physics. Validated against Panahi et al. 2025 Table 2 over the C >= 8 envelope: MAE 0.85 deg, MRE 2.80% across 23 published cases. NOT experimental data.",,generated,,,,,train,3.0556,1.3164,81.5009,61.1117,physics_generator,,61.1117,,,pencil,11.8838,13.5728,theta_cone_deg;theta_iterative_deg;rc_mm;Rc_mm,2.80,C >= 8,P in microperv; rw in mm; C dimensionless; angles in degrees,"SYNTHETIC - physics model output, not a measurement. Aperture-lens coefficient c=0.62."
SYN-00264,B_synthetic,project_physics_generator,"Generated by this project's implementation of the classical Pierce synthesis physics. Validated against Panahi et al. 2025 Table 2 over the C >= 8 envelope: MAE 0.85 deg, MRE 2.80% across 23 published cases. NOT experimental data.",,generated,,,,,train,0.8794,4.0210,36.5838,26.8833,physics_generator,,26.8833,,,pencil,24.3206,53.7859,theta_cone_deg;theta_iterative_deg;rc_mm;Rc_mm,2.80,C >= 8,P in microperv; rw in mm; C dimensionless; angles in degrees,"SYNTHETIC - physics model output, not a measurement. Aperture-lens coefficient c=0.62."
SYN-00265,B_synthetic,project_physics_generator,"Generated by this project's implementation of the classical Pierce synthesis physics. Validated against Panahi et al. 2025 Table 2 over the C >= 8 envelope: MAE 0.85 deg, MRE 2.80% across 23 published cases. NOT experimental data.",,generated,,,,,train,1.3399,2.4232,135.8361,40.2748,physics_generator,,40.2748,,,pencil,28.2420,43.6875,theta_cone_deg;theta_iterative_deg;rc_mm;Rc_mm,2.80,C >= 8,P in microperv; rw in mm; C dimensionless; angles in degrees,"SYNTHETIC - physics model output, not a measurement. Aperture-lens coefficient c=0.62."
SYN-00266,B_synthetic,project_physics_generator,"Generated by this project's implementation of the classical Pierce synthesis physics. Validated against Panahi et al. 2025 Table 2 over the C >= 8 envelope: MAE 0.85 deg, MRE 2.80% across 23 published cases. NOT experimental data.",,generated,,,,,train,2.5656,3.2264,9.6327,34.6935,physics_generator,,34.6935,,,pencil,10.0138,17.5931,theta_cone_deg;theta_iterative_deg;rc_mm;Rc_mm,2.80,C >= 8,P in microperv; rw in mm; C dimensionless; angles in degrees,"SYNTHETIC - physics model output, not a measurement. Aperture-lens coefficient c=0.62."
SYN-00267,B_synthetic,project_physics_generator,"Generated by this project's implementation of the classical Pierce synthesis physics. Validated against Panahi et al. 2025 Table 2 over the C >= 8 envelope: MAE 0.85 deg, MRE 2.80% across 23 published cases. NOT experimental data.",,generated,,,,,train,2.0374,1.5258,20.8955,37.7346,physics_generator,,37.7346,,,pencil,6.9745,11.3962,theta_cone_deg;theta_iterative_deg;rc_mm;Rc_mm,2.80,C >= 8,P in microperv; rw in mm; C dimensionless; angles in degrees,"SYNTHETIC - physics model output, not a measurement. Aperture-lens coefficient c=0.62."
SYN-00268,B_synthetic,project_physics_generator,"Generated by this project's implementation of the classical Pierce synthesis physics. Validated against Panahi et al. 2025 Table 2 over the C >= 8 envelope: MAE 0.85 deg, MRE 2.80% across 23 published cases. NOT experimental data.",,generated,,,,,train,1.6553,2.8251,59.1127,40.5348,physics_generator,,40.5348,,,pencil,21.7206,33.4210,theta_cone_deg;theta_iterative_deg;rc_mm;Rc_mm,2.80,C >= 8,P in microperv; rw in mm; C dimensionless; angles in degrees,"SYNTHETIC - physics model output, not a measurement. Aperture-lens coefficient c=0.62."
SYN-00269,B_synthetic,project_physics_generator,"Generated by this project's implementation of the classical Pierce synthesis physics. Validated against Panahi et al. 2025 Table 2 over the C >= 8 envelope: MAE 0.85 deg, MRE 2.80% across 23 published cases. NOT experimental data.",,generated,,,,,train,0.3519,0.7273,14.0819,13.9924,physics_generator,,13.9924,,,pencil,2.7294,11.2881,theta_cone_deg;theta_iterative_deg;rc_mm;Rc_mm,2.80,C >= 8,P in microperv; rw in mm; C dimensionless; angles in degrees,"SYNTHETIC - physics model output, not a measurement. Aperture-lens coefficient c=0.62."
SYN-00270,B_synthetic,project_physics_generator,"Generated by this project's implementation of the classical Pierce synthesis physics. Validated against Panahi et al. 2025 Table 2 over the C >= 8 envelope: MAE 0.85 deg, MRE 2.80% across 23 published cases. NOT experimental data.",,generated,,,,,train,3.5578,2.0888,17.1807,48.9250,physics_generator,,48.9250,,,pencil,8.6580,11.4850,theta_cone_deg;theta_iterative_deg;rc_mm;Rc_mm,2.80,C >= 8,P in microperv; rw in mm; C dimensionless; angles in degrees,"SYNTHETIC - physics model output, not a measurement. Aperture-lens coefficient c=0.62."
SYN-00271,B_synthetic,project_physics_generator,"Generated by this project's implementation of the classical Pierce synthesis physics. Validated against Panahi et al. 2025 Table 2 over the C >= 8 envelope: MAE 0.85 deg, MRE 2.80% across 23 published cases. NOT experimental data.",,generated,,,,,train,0.5333,3.2621,308.1263,26.7360,physics_generator,,26.7360,,,pencil,57.2617,127.2821,theta_cone_deg;theta_iterative_deg;rc_mm;Rc_mm,2.80,C >= 8,P in microperv; rw in mm; C dimensionless; angles in degrees,"SYNTHETIC - physics model output, not a measurement. Aperture-lens coefficient c=0.62."
SYN-00272,B_synthetic,project_physics_generator,"Generated by this project's implementation of the classical Pierce synthesis physics. Validated against Panahi et al. 2025 Table 2 over the C >= 8 envelope: MAE 0.85 deg, MRE 2.80% across 23 published cases. NOT experimental data.",,generated,,,,,train,1.8471,1.1643,25.5510,37.3083,physics_generator,,37.3083,,,pencil,5.8855,9.7103,theta_cone_deg;theta_iterative_deg;rc_mm;Rc_mm,2.80,C >= 8,P in microperv; rw in mm; C dimensionless; angles in degrees,"SYNTHETIC - physics model output, not a measurement. Aperture-lens coefficient c=0.62."
SYN-00273,B_synthetic,project_physics_generator,"Generated by this project's implementation of the classical Pierce synthesis physics. Validated against Panahi et al. 2025 Table 2 over the C >= 8 envelope: MAE 0.85 deg, MRE 2.80% across 23 published cases. NOT experimental data.",,generated,,,,,train,2.2212,4.4988,72.5276,49.3588,physics_generator,,49.3588,,,pencil,38.3131,50.4915,theta_cone_deg;theta_iterative_deg;rc_mm;Rc_mm,2.80,C >= 8,P in microperv; rw in mm; C dimensionless; angles in degrees,"SYNTHETIC - physics model output, not a measurement. Aperture-lens coefficient c=0.62."
SYN-00274,B_synthetic,project_physics_generator,"Generated by this project's implementation of the classical Pierce synthesis physics. Validated against Panahi et al. 2025 Table 2 over the C >= 8 envelope: MAE 0.85 deg, MRE 2.80% across 23 published cases. NOT experimental data.",,generated,,,,,train,2.7555,0.7534,176.5907,64.3846,physics_generator,,64.3846,,,pencil,10.0119,11.1032,theta_cone_deg;theta_iterative_deg;rc_mm;Rc_mm,2.80,C >= 8,P in microperv; rw in mm; C dimensionless; angles in degrees,"SYNTHETIC - physics model output, not a measurement. Aperture-lens coefficient c=0.62."
SYN-00275,B_synthetic,project_physics_generator,"Generated by this project's implementation of the classical Pierce synthesis physics. Validated against Panahi et al. 2025 Table 2 over the C >= 8 envelope: MAE 0.85 deg, MRE 2.80% across 23 published cases. NOT experimental data.",,generated,,,,,train,1.5250,3.5840,12.4749,28.6237,physics_generator,,28.6237,,,pencil,12.6585,26.4239,theta_cone_deg;theta_iterative_deg;rc_mm;Rc_mm,2.80,C >= 8,P in microperv; rw in mm; C dimensionless; angles in degrees,"SYNTHETIC - physics model output, not a measurement. Aperture-lens coefficient c=0.62."
SYN-00276,B_synthetic,project_physics_generator,"Generated by this project's implementation of the classical Pierce synthesis physics. Validated against Panahi et al. 2025 Table 2 over the C >= 8 envelope: MAE 0.85 deg, MRE 2.80% across 23 published cases. NOT experimental data.",,generated,,,,,train,1.0682,1.9862,105.7150,34.5293,physics_generator,,34.5293,,,pencil,20.4213,36.0273,theta_cone_deg;theta_iterative_deg;rc_mm;Rc_mm,2.80,C >= 8,P in microperv; rw in mm; C dimensionless; angles in degrees,"SYNTHETIC - physics model output, not a measurement. Aperture-lens coefficient c=0.62."
SYN-00277,B_synthetic,project_physics_generator,"Generated by this project's implementation of the classical Pierce synthesis physics. Validated against Panahi et al. 2025 Table 2 over the C >= 8 envelope: MAE 0.85 deg, MRE 2.80% across 23 published cases. NOT experimental data.",,generated,,,,,train,3.2359,2.6634,47.2717,57.5564,physics_generator,,57.5564,,,pencil,18.3120,21.6988,theta_cone_deg;theta_iterative_deg;rc_mm;Rc_mm,2.80,C >= 8,P in microperv; rw in mm; C dimensionless; angles in degrees,"SYNTHETIC - physics model output, not a measurement. Aperture-lens coefficient c=0.62."
SYN-00278,B_synthetic,project_physics_generator,"Generated by this project's implementation of the classical Pierce synthesis physics. Validated against Panahi et al. 2025 Table 2 over the C >= 8 envelope: MAE 0.85 deg, MRE 2.80% across 23 published cases. NOT experimental data.",,generated,,,,,train,0.9942,2.5645,18.4816,25.2379,physics_generator,,25.2379,,,pencil,11.0247,25.8567,theta_cone_deg;theta_iterative_deg;rc_mm;Rc_mm,2.80,C >= 8,P in microperv; rw in mm; C dimensionless; angles in degrees,"SYNTHETIC - physics model output, not a measurement. Aperture-lens coefficient c=0.62."
SYN-00279,B_synthetic,project_physics_generator,"Generated by this project's implementation of the classical Pierce synthesis physics. Validated against Panahi et al. 2025 Table 2 over the C >= 8 envelope: MAE 0.85 deg, MRE 2.80% across 23 published cases. NOT experimental data.",,generated,,,,,train,1.3845,0.9748,71.4283,37.7664,physics_generator,,37.7664,,,pencil,8.2384,13.4516,theta_cone_deg;theta_iterative_deg;rc_mm;Rc_mm,2.80,C >= 8,P in microperv; rw in mm; C dimensionless; angles in degrees,"SYNTHETIC - physics model output, not a measurement. Aperture-lens coefficient c=0.62."
SYN-00280,B_synthetic,project_physics_generator,"Generated by this project's implementation of the classical Pierce synthesis physics. Validated against Panahi et al. 2025 Table 2 over the C >= 8 envelope: MAE 0.85 deg, MRE 2.80% across 23 published cases. NOT experimental data.",,generated,,,,,train,2.7098,3.6725,31.6880,48.0525,physics_generator,,48.0525,,,pencil,20.6735,27.7960,theta_cone_deg;theta_iterative_deg;rc_mm;Rc_mm,2.80,C >= 8,P in microperv; rw in mm; C dimensionless; angles in degrees,"SYNTHETIC - physics model output, not a measurement. Aperture-lens coefficient c=0.62."
SYN-00281,B_synthetic,project_physics_generator,"Generated by this project's implementation of the classical Pierce synthesis physics. Validated against Panahi et al. 2025 Table 2 over the C >= 8 envelope: MAE 0.85 deg, MRE 2.80% across 23 published cases. NOT experimental data.",,generated,,,,,train,2.3879,1.0753,10.3351,34.1954,physics_generator,,34.1954,,,pencil,3.4568,6.1507,theta_cone_deg;theta_iterative_deg;rc_mm;Rc_mm,2.80,C >= 8,P in microperv; rw in mm; C dimensionless; angles in degrees,"SYNTHETIC - physics model output, not a measurement. Aperture-lens coefficient c=0.62."
SYN-00282,B_synthetic,project_physics_generator,"Generated by this project's implementation of the classical Pierce synthesis physics. Validated against Panahi et al. 2025 Table 2 over the C >= 8 envelope: MAE 0.85 deg, MRE 2.80% across 23 published cases. NOT experimental data.",,generated,,,,,train,1.9195,4.2769,184.2282,51.3845,physics_generator,,51.3845,,,pencil,58.0513,74.2960,theta_cone_deg;theta_iterative_deg;rc_mm;Rc_mm,2.80,C >= 8,P in microperv; rw in mm; C dimensionless; angles in degrees,"SYNTHETIC - physics model output, not a measurement. Aperture-lens coefficient c=0.62."
SYN-00283,B_synthetic,project_physics_generator,"Generated by this project's implementation of the classical Pierce synthesis physics. Validated against Panahi et al. 2025 Table 2 over the C >= 8 envelope: MAE 0.85 deg, MRE 2.80% across 23 published cases. NOT experimental data.",,generated,,,,,train,0.6721,2.1872,42.7750,23.9676,physics_generator,,23.9676,,,pencil,14.3051,35.2151,theta_cone_deg;theta_iterative_deg;rc_mm;Rc_mm,2.80,C >= 8,P in microperv; rw in mm; C dimensionless; angles in degrees,"SYNTHETIC - physics model output, not a measurement. Aperture-lens coefficient c=0.62."
SYN-00284,B_synthetic,project_physics_generator,"Generated by this project's implementation of the classical Pierce synthesis physics. Validated against Panahi et al. 2025 Table 2 over the C >= 8 envelope: MAE 0.85 deg, MRE 2.80% across 23 published cases. NOT experimental data.",,generated,,,,,train,3.4169,0.5133,35.0028,56.1204,physics_generator,,56.1204,,,pencil,3.0369,3.6579,theta_cone_deg;theta_iterative_deg;rc_mm;Rc_mm,2.80,C >= 8,P in microperv; rw in mm; C dimensionless; angles in degrees,"SYNTHETIC - physics model output, not a measurement. Aperture-lens coefficient c=0.62."
SYN-00285,B_synthetic,project_physics_generator,"Generated by this project's implementation of the classical Pierce synthesis physics. Validated against Panahi et al. 2025 Table 2 over the C >= 8 envelope: MAE 0.85 deg, MRE 2.80% across 23 published cases. NOT experimental data.",,generated,,,,,train,0.4920,3.8390,98.2019,22.7822,physics_generator,,22.7822,,,pencil,38.0430,98.2443,theta_cone_deg;theta_iterative_deg;rc_mm;Rc_mm,2.80,C >= 8,P in microperv; rw in mm; C dimensionless; angles in degrees,"SYNTHETIC - physics model output, not a measurement. Aperture-lens coefficient c=0.62."
SYN-00286,B_synthetic,project_physics_generator,"Generated by this project's implementation of the classical Pierce synthesis physics. Validated against Panahi et al. 2025 Table 2 over the C >= 8 envelope: MAE 0.85 deg, MRE 2.80% across 23 published cases. NOT experimental data.",,generated,,,,,train,1.7290,1.7492,8.4686,27.0315,physics_generator,,27.0315,,,pencil,5.0904,11.2005,theta_cone_deg;theta_iterative_deg;rc_mm;Rc_mm,2.80,C >= 8,P in microperv; rw in mm; C dimensionless; angles in degrees,"SYNTHETIC - physics model output, not a measurement. Aperture-lens coefficient c=0.62."
SYN-00287,B_synthetic,project_physics_generator,"Generated by this project's implementation of the classical Pierce synthesis physics. Validated against Panahi et al. 2025 Table 2 over the C >= 8 envelope: MAE 0.85 deg, MRE 2.80% across 23 published cases. NOT experimental data.",,generated,,,,,train,2.2027,2.9157,150.3811,54.4456,physics_generator,,54.4456,,,pencil,35.7554,43.9491,theta_cone_deg;theta_iterative_deg;rc_mm;Rc_mm,2.80,C >= 8,P in microperv; rw in mm; C dimensionless; angles in degrees,"SYNTHETIC - physics model output, not a measurement. Aperture-lens coefficient c=0.62."
SYN-00288,B_synthetic,project_physics_generator,"Generated by this project's implementation of the classical Pierce synthesis physics. Validated against Panahi et al. 2025 Table 2 over the C >= 8 envelope: MAE 0.85 deg, MRE 2.80% across 23 published cases. NOT experimental data.",,generated,,,,,train,2.5183,2.3321,55.0520,50.8543,physics_generator,,50.8543,,,pencil,17.3033,22.3113,theta_cone_deg;theta_iterative_deg;rc_mm;Rc_mm,2.80,C >= 8,P in microperv; rw in mm; C dimensionless; angles in degrees,"SYNTHETIC - physics model output, not a measurement. Aperture-lens coefficient c=0.62."
SYN-00289,B_synthetic,project_physics_generator,"Generated by this project's implementation of the classical Pierce synthesis physics. Validated against Panahi et al. 2025 Table 2 over the C >= 8 envelope: MAE 0.85 deg, MRE 2.80% across 23 published cases. NOT experimental data.",,generated,,,,,train,1.2014,3.0025,24.5055,29.4781,physics_generator,,29.4781,,,pencil,14.8632,30.2041,theta_cone_deg;theta_iterative_deg;rc_mm;Rc_mm,2.80,C >= 8,P in microperv; rw in mm; C dimensionless; angles in degrees,"SYNTHETIC - physics model output, not a measurement. Aperture-lens coefficient c=0.62."
SYN-00290,B_synthetic,project_physics_generator,"Generated by this project's implementation of the classical Pierce synthesis physics. Validated against Panahi et al. 2025 Table 2 over the C >= 8 envelope: MAE 0.85 deg, MRE 2.80% across 23 published cases. NOT experimental data.",,generated,,,,,train,0.8074,1.4127,202.5844,31.9597,physics_generator,,31.9597,,,pencil,20.1079,37.9881,theta_cone_deg;theta_iterative_deg;rc_mm;Rc_mm,2.80,C >= 8,P in microperv; rw in mm; C dimensionless; angles in degrees,"SYNTHETIC - physics model output, not a measurement. Aperture-lens coefficient c=0.62."
SYN-00291,B_synthetic,project_physics_generator,"Generated by this project's implementation of the classical Pierce synthesis physics. Validated against Panahi et al. 2025 Table 2 over the C >= 8 envelope: MAE 0.85 deg, MRE 2.80% across 23 published cases. NOT experimental data.",,generated,,,,,train,2.8887,4.2345,14.2732,41.5639,physics_generator,,41.5639,,,pencil,15.9979,24.1131,theta_cone_deg;theta_iterative_deg;rc_mm;Rc_mm,2.80,C >= 8,P in microperv; rw in mm; C dimensionless; angles in degrees,"SYNTHETIC - physics model output, not a measurement. Aperture-lens coefficient c=0.62."
SYN-00292,B_synthetic,project_physics_generator,"Generated by this project's implementation of the classical Pierce synthesis physics. Validated against Panahi et al. 2025 Table 2 over the C >= 8 envelope: MAE 0.85 deg, MRE 2.80% across 23 published cases. NOT experimental data.",,generated,,,,,train,2.9079,2.4946,27.6942,48.6898,physics_generator,,48.6898,,,pencil,13.1277,17.4769,theta_cone_deg;theta_iterative_deg;rc_mm;Rc_mm,2.80,C >= 8,P in microperv; rw in mm; C dimensionless; angles in degrees,"SYNTHETIC - physics model output, not a measurement. Aperture-lens coefficient c=0.62."
SYN-00293,B_synthetic,project_physics_generator,"Generated by this project's implementation of the classical Pierce synthesis physics. Validated against Panahi et al. 2025 Table 2 over the C >= 8 envelope: MAE 0.85 deg, MRE 2.80% across 23 published cases. NOT experimental data.",,generated,,,,,train,0.7320,3.1689,78.2670,27.2323,physics_generator,,27.2323,,,pencil,28.0345,61.2643,theta_cone_deg;theta_iterative_deg;rc_mm;Rc_mm,2.80,C >= 8,P in microperv; rw in mm; C dimensionless; angles in degrees,"SYNTHETIC - physics model output, not a measurement. Aperture-lens coefficient c=0.62."
SYN-00294,B_synthetic,project_physics_generator,"Generated by this project's implementation of the classical Pierce synthesis physics. Validated against Panahi et al. 2025 Table 2 over the C >= 8 envelope: MAE 0.85 deg, MRE 2.80% across 23 published cases. NOT experimental data.",,generated,,,,,train,1.2219,1.2586,16.8484,27.5049,physics_generator,,27.5049,,,pencil,5.1660,11.1861,theta_cone_deg;theta_iterative_deg;rc_mm;Rc_mm,2.80,C >= 8,P in microperv; rw in mm; C dimensionless; angles in degrees,"SYNTHETIC - physics model output, not a measurement. Aperture-lens coefficient c=0.62."
SYN-00295,B_synthetic,project_physics_generator,"Generated by this project's implementation of the classical Pierce synthesis physics. Validated against Panahi et al. 2025 Table 2 over the C >= 8 envelope: MAE 0.85 deg, MRE 2.80% across 23 published cases. NOT experimental data.",,generated,,,,,train,2.4474,4.0920,301.4532,63.9024,physics_generator,,63.9024,,,pencil,71.0477,79.1137,theta_cone_deg;theta_iterative_deg;rc_mm;Rc_mm,2.80,C >= 8,P in microperv; rw in mm; C dimensionless; angles in degrees,"SYNTHETIC - physics model output, not a measurement. Aperture-lens coefficient c=0.62."
SYN-00296,B_synthetic,project_physics_generator,"Generated by this project's implementation of the classical Pierce synthesis physics. Validated against Panahi et al. 2025 Table 2 over the C >= 8 envelope: MAE 0.85 deg, MRE 2.80% across 23 published cases. NOT experimental data.",,generated,,,,,train,2.1324,0.6601,109.5250,51.1401,physics_generator,,51.1401,,,pencil,6.9087,8.8723,theta_cone_deg;theta_iterative_deg;rc_mm;Rc_mm,2.80,C >= 8,P in microperv; rw in mm; C dimensionless; angles in degrees,"SYNTHETIC - physics model output, not a measurement. Aperture-lens coefficient c=0.62."
SYN-00297,B_synthetic,project_physics_generator,"Generated by this project's implementation of the classical Pierce synthesis physics. Validated against Panahi et al. 2025 Table 2 over the C >= 8 envelope: MAE 0.85 deg, MRE 2.80% across 23 published cases. NOT experimental data.",,generated,,,,,train,1.7500,3.9897,49.1245,40.6274,physics_generator,,40.6274,,,pencil,27.9635,42.9456,theta_cone_deg;theta_iterative_deg;rc_mm;Rc_mm,2.80,C >= 8,P in microperv; rw in mm; C dimensionless; angles in degrees,"SYNTHETIC - physics model output, not a measurement. Aperture-lens coefficient c=0.62."
SYN-00298,B_synthetic,project_physics_generator,"Generated by this project's implementation of the classical Pierce synthesis physics. Validated against Panahi et al. 2025 Table 2 over the C >= 8 envelope: MAE 0.85 deg, MRE 2.80% across 23 published cases. NOT experimental data.",,generated,,,,,train,0.4163,1.5794,160.2867,22.0599,physics_generator,,22.0599,,,pencil,19.9963,53.2417,theta_cone_deg;theta_iterative_deg;rc_mm;Rc_mm,2.80,C >= 8,P in microperv; rw in mm; C dimensionless; angles in degrees,"SYNTHETIC - physics model output, not a measurement. Aperture-lens coefficient c=0.62."
SYN-00299,B_synthetic,project_physics_generator,"Generated by this project's implementation of the classical Pierce synthesis physics. Validated against Panahi et al. 2025 Table 2 over the C >= 8 envelope: MAE 0.85 deg, MRE 2.80% across 23 published cases. NOT experimental data.",,generated,,,,,train,3.4358,2.7576,11.3756,42.7493,physics_generator,,42.7493,,,pencil,9.3009,13.7021,theta_cone_deg;theta_iterative_deg;rc_mm;Rc_mm,2.80,C >= 8,P in microperv; rw in mm; C dimensionless; angles in degrees,"SYNTHETIC - physics model output, not a measurement. Aperture-lens coefficient c=0.62."
SYN-00300,B_synthetic,project_physics_generator,"Generated by this project's implementation of the classical Pierce synthesis physics. Validated against Panahi et al. 2025 Table 2 over the C >= 8 envelope: MAE 0.85 deg, MRE 2.80% across 23 published cases. NOT experimental data.",,generated,,,,,train,0.6548,4.4277,9.2861,17.0313,physics_generator,,17.0313,,,pencil,13.4926,46.0665,theta_cone_deg;theta_iterative_deg;rc_mm;Rc_mm,2.80,C >= 8,P in microperv; rw in mm; C dimensionless; angles in degrees,"SYNTHETIC - physics model output, not a measurement. Aperture-lens coefficient c=0.62."
SYN-00301,B_synthetic,project_physics_generator,"Generated by this project's implementation of the classical Pierce synthesis physics. Validated against Panahi et al. 2025 Table 2 over the C >= 8 envelope: MAE 0.85 deg, MRE 2.80% across 23 published cases. NOT experimental data.",,generated,,,,,train,1.9914,2.0174,89.6294,47.7733,physics_generator,,47.7733,,,pencil,19.0997,25.7932,theta_cone_deg;theta_iterative_deg;rc_mm;Rc_mm,2.80,C >= 8,P in microperv; rw in mm; C dimensionless; angles in degrees,"SYNTHETIC - physics model output, not a measurement. Aperture-lens coefficient c=0.62."
SYN-00302,B_synthetic,project_physics_generator,"Generated by this project's implementation of the classical Pierce synthesis physics. Validated against Panahi et al. 2025 Table 2 over the C >= 8 envelope: MAE 0.85 deg, MRE 2.80% across 23 published cases. NOT experimental data.",,generated,,,,,train,2.3653,3.3197,40.0473,46.4540,physics_generator,,46.4540,,,pencil,21.0080,28.9837,theta_cone_deg;theta_iterative_deg;rc_mm;Rc_mm,2.80,C >= 8,P in microperv; rw in mm; C dimensionless; angles in degrees,"SYNTHETIC - physics model output, not a measurement. Aperture-lens coefficient c=0.62."
SYN-00303,B_synthetic,project_physics_generator,"Generated by this project's implementation of the classical Pierce synthesis physics. Validated against Panahi et al. 2025 Table 2 over the C >= 8 envelope: MAE 0.85 deg, MRE 2.80% across 23 published cases. NOT experimental data.",,generated,,,,,train,2.6877,1.9325,12.9688,38.9490,physics_generator,,38.9490,,,pencil,6.9594,11.0707,theta_cone_deg;theta_iterative_deg;rc_mm;Rc_mm,2.80,C >= 8,P in microperv; rw in mm; C dimensionless; angles in degrees,"SYNTHETIC - physics model output, not a measurement. Aperture-lens coefficient c=0.62."
SYN-00304,B_synthetic,project_physics_generator,"Generated by this project's implementation of the classical Pierce synthesis physics. Validated against Panahi et al. 2025 Table 2 over the C >= 8 envelope: MAE 0.85 deg, MRE 2.80% across 23 published cases. NOT experimental data.",,generated,,,,,train,1.4570,2.7309,232.8237,44.9051,physics_generator,,44.9051,,,pencil,41.6691,59.0268,theta_cone_deg;theta_iterative_deg;rc_mm;Rc_mm,2.80,C >= 8,P in microperv; rw in mm; C dimensionless; angles in degrees,"SYNTHETIC - physics model output, not a measurement. Aperture-lens coefficient c=0.62."
SYN-00305,B_synthetic,project_physics_generator,"Generated by this project's implementation of the classical Pierce synthesis physics. Validated against Panahi et al. 2025 Table 2 over the C >= 8 envelope: MAE 0.85 deg, MRE 2.80% across 23 published cases. NOT experimental data.",,generated,,,,,train,0.9766,0.8206,21.3460,25.7656,physics_generator,,25.7656,,,pencil,3.7913,8.7218,theta_cone_deg;theta_iterative_deg;rc_mm;Rc_mm,2.80,C >= 8,P in microperv; rw in mm; C dimensionless; angles in degrees,"SYNTHETIC - physics model output, not a measurement. Aperture-lens coefficient c=0.62."
SYN-00306,B_synthetic,project_physics_generator,"Generated by this project's implementation of the classical Pierce synthesis physics. Validated against Panahi et al. 2025 Table 2 over the C >= 8 envelope: MAE 0.85 deg, MRE 2.80% across 23 published cases. NOT experimental data.",,generated,,,,,train,3.1444,3.5301,60.5302,59.1352,physics_generator,,59.1352,,,pencil,27.4644,31.9956,theta_cone_deg;theta_iterative_deg;rc_mm;Rc_mm,2.80,C >= 8,P in microperv; rw in mm; C dimensionless; angles in degrees,"SYNTHETIC - physics model output, not a measurement. Aperture-lens coefficient c=0.62."
SYN-00307,B_synthetic,project_physics_generator,"Generated by this project's implementation of the classical Pierce synthesis physics. Validated against Panahi et al. 2025 Table 2 over the C >= 8 envelope: MAE 0.85 deg, MRE 2.80% across 23 published cases. NOT experimental data.",,generated,,,,,train,3.2182,0.9191,8.6328,37.5789,physics_generator,,37.5789,,,pencil,2.7003,4.4278,theta_cone_deg;theta_iterative_deg;rc_mm;Rc_mm,2.80,C >= 8,P in microperv; rw in mm; C dimensionless; angles in degrees,"SYNTHETIC - physics model output, not a measurement. Aperture-lens coefficient c=0.62."
SYN-00308,B_synthetic,project_physics_generator,"Generated by this project's implementation of the classical Pierce synthesis physics. Validated against Panahi et al. 2025 Table 2 over the C >= 8 envelope: MAE 0.85 deg, MRE 2.80% across 23 published cases. NOT experimental data.",,generated,,,,,train,1.1418,3.7457,153.7622,37.4104,physics_generator,,37.4104,,,pencil,46.4470,76.4535,theta_cone_deg;theta_iterative_deg;rc_mm;Rc_mm,2.80,C >= 8,P in microperv; rw in mm; C dimensionless; angles in degrees,"SYNTHETIC - physics model output, not a measurement. Aperture-lens coefficient c=0.62."
SYN-00309,B_synthetic,project_physics_generator,"Generated by this project's implementation of the classical Pierce synthesis physics. Validated against Panahi et al. 2025 Table 2 over the C >= 8 envelope: MAE 0.85 deg, MRE 2.80% across 23 published cases. NOT experimental data.",,generated,,,,,train,1.5027,1.8435,32.2904,34.8909,physics_generator,,34.8909,,,pencil,10.4755,18.3133,theta_cone_deg;theta_iterative_deg;rc_mm;Rc_mm,2.80,C >= 8,P in microperv; rw in mm; C dimensionless; angles in degrees,"SYNTHETIC - physics model output, not a measurement. Aperture-lens coefficient c=0.62."
SYN-00310,B_synthetic,project_physics_generator,"Generated by this project's implementation of the classical Pierce synthesis physics. Validated against Panahi et al. 2025 Table 2 over the C >= 8 envelope: MAE 0.85 deg, MRE 2.80% across 23 published cases. NOT experimental data.",,generated,,,,,train,2.8278,2.5090,91.0111,59.1976,physics_generator,,59.1976,,,pencil,23.9357,27.8666,theta_cone_deg;theta_iterative_deg;rc_mm;Rc_mm,2.80,C >= 8,P in microperv; rw in mm; C dimensionless; angles in degrees,"SYNTHETIC - physics model output, not a measurement. Aperture-lens coefficient c=0.62."
SYN-00311,B_synthetic,project_physics_generator,"Generated by this project's implementation of the classical Pierce synthesis physics. Validated against Panahi et al. 2025 Table 2 over the C >= 8 envelope: MAE 0.85 deg, MRE 2.80% across 23 published cases. NOT experimental data.",,generated,,,,,train,2.2932,2.2388,223.1661,58.8165,physics_generator,,58.8165,,,pencil,33.4453,39.0938,theta_cone_deg;theta_iterative_deg;rc_mm;Rc_mm,2.80,C >= 8,P in microperv; rw in mm; C dimensionless; angles in degrees,"SYNTHETIC - physics model output, not a measurement. Aperture-lens coefficient c=0.62."
SYN-00312,B_synthetic,project_physics_generator,"Generated by this project's implementation of the classical Pierce synthesis physics. Validated against Panahi et al. 2025 Table 2 over the C >= 8 envelope: MAE 0.85 deg, MRE 2.80% across 23 published cases. NOT experimental data.",,generated,,,,,train,1.8245,3.4082,15.6544,33.3182,physics_generator,,33.3182,,,pencil,13.4850,24.5499,theta_cone_deg;theta_iterative_deg;rc_mm;Rc_mm,2.80,C >= 8,P in microperv; rw in mm; C dimensionless; angles in degrees,"SYNTHETIC - physics model output, not a measurement. Aperture-lens coefficient c=0.62."
SYN-00313,B_synthetic,project_physics_generator,"Generated by this project's implementation of the classical Pierce synthesis physics. Validated against Panahi et al. 2025 Table 2 over the C >= 8 envelope: MAE 0.85 deg, MRE 2.80% across 23 published cases. NOT experimental data.",,generated,,,,,train,0.6074,1.0060,53.1191,23.4769,physics_generator,,23.4769,,,pencil,7.3320,18.4046,theta_cone_deg;theta_iterative_deg;rc_mm;Rc_mm,2.80,C >= 8,P in microperv; rw in mm; C dimensionless; angles in degrees,"SYNTHETIC - physics model output, not a measurement. Aperture-lens coefficient c=0.62."
SYN-00314,B_synthetic,project_physics_generator,"Generated by this project's implementation of the classical Pierce synthesis physics. Validated against Panahi et al. 2025 Table 2 over the C >= 8 envelope: MAE 0.85 deg, MRE 2.80% across 23 published cases. NOT experimental data.",,generated,,,,,train,3.5406,4.3287,23.5893,52.6602,physics_generator,,52.6602,,,pencil,21.0242,26.4438,theta_cone_deg;theta_iterative_deg;rc_mm;Rc_mm,2.80,C >= 8,P in microperv; rw in mm; C dimensionless; angles in degrees,"SYNTHETIC - physics model output, not a measurement. Aperture-lens coefficient c=0.62."
SYN-00315,B_synthetic,project_physics_generator,"Generated by this project's implementation of the classical Pierce synthesis physics. Validated against Panahi et al. 2025 Table 2 over the C >= 8 envelope: MAE 0.85 deg, MRE 2.80% across 23 published cases. NOT experimental data.",,generated,,,,,train,3.2954,1.6758,64.9577,61.7033,physics_generator,,61.7033,,,pencil,13.5063,15.3393,theta_cone_deg;theta_iterative_deg;rc_mm;Rc_mm,2.80,C >= 8,P in microperv; rw in mm; C dimensionless; angles in degrees,"SYNTHETIC - physics model output, not a measurement. Aperture-lens coefficient c=0.62."
SYN-00316,B_synthetic,project_physics_generator,"Generated by this project's implementation of the classical Pierce synthesis physics. Validated against Panahi et al. 2025 Table 2 over the C >= 8 envelope: MAE 0.85 deg, MRE 2.80% across 23 published cases. NOT experimental data.",,generated,,,,,train,0.3707,2.9712,28.9442,16.6142,physics_generator,,16.6142,,,pencil,15.9851,55.9063,theta_cone_deg;theta_iterative_deg;rc_mm;Rc_mm,2.80,C >= 8,P in microperv; rw in mm; C dimensionless; angles in degrees,"SYNTHETIC - physics model output, not a measurement. Aperture-lens coefficient c=0.62."
SYN-00317,B_synthetic,project_physics_generator,"Generated by this project's implementation of the classical Pierce synthesis physics. Validated against Panahi et al. 2025 Table 2 over the C >= 8 envelope: MAE 0.85 deg, MRE 2.80% across 23 published cases. NOT experimental data.",,generated,,,,,train,1.5849,0.5690,272.2894,47.9740,physics_generator,,47.9740,,,pencil,9.3892,12.6396,theta_cone_deg;theta_iterative_deg;rc_mm;Rc_mm,2.80,C >= 8,P in microperv; rw in mm; C dimensionless; angles in degrees,"SYNTHETIC - physics model output, not a measurement. Aperture-lens coefficient c=0.62."
SYN-00318,B_synthetic,project_physics_generator,"Generated by this project's implementation of the classical Pierce synthesis physics. Validated against Panahi et al. 2025 Table 2 over the C >= 8 envelope: MAE 0.85 deg, MRE 2.80% across 23 published cases. NOT experimental data.",,generated,,,,,train,2.0583,3.7658,19.1649,37.2294,physics_generator,,37.2294,,,pencil,16.4858,27.2489,theta_cone_deg;theta_iterative_deg;rc_mm;Rc_mm,2.80,C >= 8,P in microperv; rw in mm; C dimensionless; angles in degrees,"SYNTHETIC - physics model output, not a measurement. Aperture-lens coefficient c=0.62."
SYN-00319,B_synthetic,project_physics_generator,"Generated by this project's implementation of the classical Pierce synthesis physics. Validated against Panahi et al. 2025 Table 2 over the C >= 8 envelope: MAE 0.85 deg, MRE 2.80% across 23 published cases. NOT experimental data.",,generated,,,,,train,2.5862,1.4820,41.8863,49.2777,physics_generator,,49.2777,,,pencil,9.5915,12.6556,theta_cone_deg;theta_iterative_deg;rc_mm;Rc_mm,2.80,C >= 8,P in microperv; rw in mm; C dimensionless; angles in degrees,"SYNTHETIC - physics model output, not a measurement. Aperture-lens coefficient c=0.62."
SYN-00320,B_synthetic,project_physics_generator,"Generated by this project's implementation of the classical Pierce synthesis physics. Validated against Panahi et al. 2025 Table 2 over the C >= 8 envelope: MAE 0.85 deg, MRE 2.80% across 23 published cases. NOT experimental data.",,generated,,,,,train,1.2692,4.1827,117.6065,38.4143,physics_generator,,38.4143,,,pencil,45.3599,73.0029,theta_cone_deg;theta_iterative_deg;rc_mm;Rc_mm,2.80,C >= 8,P in microperv; rw in mm; C dimensionless; angles in degrees,"SYNTHETIC - physics model output, not a measurement. Aperture-lens coefficient c=0.62."
SYN-00321,B_synthetic,project_physics_generator,"Generated by this project's implementation of the classical Pierce synthesis physics. Validated against Panahi et al. 2025 Table 2 over the C >= 8 envelope: MAE 0.85 deg, MRE 2.80% across 23 published cases. NOT experimental data.",,generated,,,,,train,0.8988,2.2805,11.2234,21.1927,physics_generator,,21.1927,,,pencil,7.6400,21.1338,theta_cone_deg;theta_iterative_deg;rc_mm;Rc_mm,2.80,C >= 8,P in microperv; rw in mm; C dimensionless; angles in degrees,"SYNTHETIC - physics model output, not a measurement. Aperture-lens coefficient c=0.62."
SYN-00322,B_synthetic,project_physics_generator,"Generated by this project's implementation of the classical Pierce synthesis physics. Validated against Panahi et al. 2025 Table 2 over the C >= 8 envelope: MAE 0.85 deg, MRE 2.80% across 23 published cases. NOT experimental data.",,generated,,,,,train,2.9803,3.0720,199.1425,69.3555,physics_generator,,69.3555,,,pencil,43.3517,46.3265,theta_cone_deg;theta_iterative_deg;rc_mm;Rc_mm,2.80,C >= 8,P in microperv; rw in mm; C dimensionless; angles in degrees,"SYNTHETIC - physics model output, not a measurement. Aperture-lens coefficient c=0.62."
SYN-00323,B_synthetic,project_physics_generator,"Generated by this project's implementation of the classical Pierce synthesis physics. Validated against Panahi et al. 2025 Table 2 over the C >= 8 envelope: MAE 0.85 deg, MRE 2.80% across 23 published cases. NOT experimental data.",,generated,,,,,train,2.9858,1.5982,12.2049,40.4935,physics_generator,,40.4935,,,pencil,5.5833,8.5982,theta_cone_deg;theta_iterative_deg;rc_mm;Rc_mm,2.80,C >= 8,P in microperv; rw in mm; C dimensionless; angles in degrees,"SYNTHETIC - physics model output, not a measurement. Aperture-lens coefficient c=0.62."
SYN-00324,B_synthetic,project_physics_generator,"Generated by this project's implementation of the classical Pierce synthesis physics. Validated against Panahi et al. 2025 Table 2 over the C >= 8 envelope: MAE 0.85 deg, MRE 2.80% across 23 published cases. NOT experimental data.",,generated,,,,,train,0.9226,2.7989,172.7839,33.7575,physics_generator,,33.7575,,,pencil,36.7906,66.2084,theta_cone_deg;theta_iterative_deg;rc_mm;Rc_mm,2.80,C >= 8,P in microperv; rw in mm; C dimensionless; angles in degrees,"SYNTHETIC - physics model output, not a measurement. Aperture-lens coefficient c=0.62."
SYN-00325,B_synthetic,project_physics_generator,"Generated by this project's implementation of the classical Pierce synthesis physics. Validated against Panahi et al. 2025 Table 2 over the C >= 8 envelope: MAE 0.85 deg, MRE 2.80% across 23 published cases. NOT experimental data.",,generated,,,,,train,1.2967,0.6466,45.6114,34.1434,physics_generator,,34.1434,,,pencil,4.3670,7.7806,theta_cone_deg;theta_iterative_deg;rc_mm;Rc_mm,2.80,C >= 8,P in microperv; rw in mm; C dimensionless; angles in degrees,"SYNTHETIC - physics model output, not a measurement. Aperture-lens coefficient c=0.62."
SYN-00326,B_synthetic,project_physics_generator,"Generated by this project's implementation of the classical Pierce synthesis physics. Validated against Panahi et al. 2025 Table 2 over the C >= 8 envelope: MAE 0.85 deg, MRE 2.80% across 23 published cases. NOT experimental data.",,generated,,,,,train,2.6353,3.9381,101.9927,57.6193,physics_generator,,57.6193,,,pencil,39.7717,47.0945,theta_cone_deg;theta_iterative_deg;rc_mm;Rc_mm,2.80,C >= 8,P in microperv; rw in mm; C dimensionless; angles in degrees,"SYNTHETIC - physics model output, not a measurement. Aperture-lens coefficient c=0.62."
SYN-00327,B_synthetic,project_physics_generator,"Generated by this project's implementation of the classical Pierce synthesis physics. Validated against Panahi et al. 2025 Table 2 over the C >= 8 envelope: MAE 0.85 deg, MRE 2.80% across 23 published cases. NOT experimental data.",,generated,,,,,train,2.1005,1.3097,314.9515,57.9993,physics_generator,,57.9993,,,pencil,23.2425,27.4072,theta_cone_deg;theta_iterative_deg;rc_mm;Rc_mm,2.80,C >= 8,P in microperv; rw in mm; C dimensionless; angles in degrees,"SYNTHETIC - physics model output, not a measurement. Aperture-lens coefficient c=0.62."
SYN-00328,B_synthetic,project_physics_generator,"Generated by this project's implementation of the classical Pierce synthesis physics. Validated against Panahi et al. 2025 Table 2 over the C >= 8 envelope: MAE 0.85 deg, MRE 2.80% across 23 published cases. NOT experimental data.",,generated,,,,,train,1.6188,4.1051,17.5589,32.1444,physics_generator,,32.1444,,,pencil,17.2017,32.3307,theta_cone_deg;theta_iterative_deg;rc_mm;Rc_mm,2.80,C >= 8,P in microperv; rw in mm; C dimensionless; angles in degrees,"SYNTHETIC - physics model output, not a measurement. Aperture-lens coefficient c=0.62."
SYN-00329,B_synthetic,project_physics_generator,"Generated by this project's implementation of the classical Pierce synthesis physics. Validated against Panahi et al. 2025 Table 2 over the C >= 8 envelope: MAE 0.85 deg, MRE 2.80% across 23 published cases. NOT experimental data.",,generated,,,,,train,0.3884,2.4528,75.1659,19.5378,physics_generator,,19.5378,,,pencil,21.2656,63.5879,theta_cone_deg;theta_iterative_deg;rc_mm;Rc_mm,2.80,C >= 8,P in microperv; rw in mm; C dimensionless; angles in degrees,"SYNTHETIC - physics model output, not a measurement. Aperture-lens coefficient c=0.62."
SYN-00330,B_synthetic,project_physics_generator,"Generated by this project's implementation of the classical Pierce synthesis physics. Validated against Panahi et al. 2025 Table 2 over the C >= 8 envelope: MAE 0.85 deg, MRE 2.80% across 23 published cases. NOT experimental data.",,generated,,,,,train,3.3080,3.1496,26.4840,51.9411,physics_generator,,51.9411,,,pencil,16.2088,20.5858,theta_cone_deg;theta_iterative_deg;rc_mm;Rc_mm,2.80,C >= 8,P in microperv; rw in mm; C dimensionless; angles in degrees,"SYNTHETIC - physics model output, not a measurement. Aperture-lens coefficient c=0.62."
SYN-00331,B_synthetic,project_physics_generator,"Generated by this project's implementation of the classical Pierce synthesis physics. Validated against Panahi et al. 2025 Table 2 over the C >= 8 envelope: MAE 0.85 deg, MRE 2.80% across 23 published cases. NOT experimental data.",,generated,,,,,train,3.4880,0.8726,57.8578,62.6783,physics_generator,,62.6783,,,pencil,6.6376,7.4711,theta_cone_deg;theta_iterative_deg;rc_mm;Rc_mm,2.80,C >= 8,P in microperv; rw in mm; C dimensionless; angles in degrees,"SYNTHETIC - physics model output, not a measurement. Aperture-lens coefficient c=0.62."
SYN-00332,B_synthetic,project_physics_generator,"Generated by this project's implementation of the classical Pierce synthesis physics. Validated against Panahi et al. 2025 Table 2 over the C >= 8 envelope: MAE 0.85 deg, MRE 2.80% across 23 published cases. NOT experimental data.",,generated,,,,,train,0.5764,3.5421,20.4546,19.5002,physics_generator,,19.5002,,,pencil,16.0196,47.9902,theta_cone_deg;theta_iterative_deg;rc_mm;Rc_mm,2.80,C >= 8,P in microperv; rw in mm; C dimensionless; angles in degrees,"SYNTHETIC - physics model output, not a measurement. Aperture-lens coefficient c=0.62."
SYN-00333,B_synthetic,project_physics_generator,"Generated by this project's implementation of the classical Pierce synthesis physics. Validated against Panahi et al. 2025 Table 2 over the C >= 8 envelope: MAE 0.85 deg, MRE 2.80% across 23 published cases. NOT experimental data.",,generated,,,,,train,1.8039,1.8899,242.7567,51.1548,physics_generator,,51.1548,,,pencil,29.4457,37.8070,theta_cone_deg;theta_iterative_deg;rc_mm;Rc_mm,2.80,C >= 8,P in microperv; rw in mm; C dimensionless; angles in degrees,"SYNTHETIC - physics model output, not a measurement. Aperture-lens coefficient c=0.62."
SYN-00334,B_synthetic,project_physics_generator,"Generated by this project's implementation of the classical Pierce synthesis physics. Validated against Panahi et al. 2025 Table 2 over the C >= 8 envelope: MAE 0.85 deg, MRE 2.80% across 23 published cases. NOT experimental data.",,generated,,,,,train,2.2909,2.7126,13.5797,36.2312,physics_generator,,36.2312,,,pencil,9.9962,16.9128,theta_cone_deg;theta_iterative_deg;rc_mm;Rc_mm,2.80,C >= 8,P in microperv; rw in mm; C dimensionless; angles in degrees,"SYNTHETIC - physics model output, not a measurement. Aperture-lens coefficient c=0.62."
SYN-00335,B_synthetic,project_physics_generator,"Generated by this project's implementation of the classical Pierce synthesis physics. Validated against Panahi et al. 2025 Table 2 over the C >= 8 envelope: MAE 0.85 deg, MRE 2.80% across 23 published cases. NOT experimental data.",,generated,,,,,train,2.8185,2.0352,37.3764,50.7259,physics_generator,,50.7259,,,pencil,12.4423,16.0727,theta_cone_deg;theta_iterative_deg;rc_mm;Rc_mm,2.80,C >= 8,P in microperv; rw in mm; C dimensionless; angles in degrees,"SYNTHETIC - physics model output, not a measurement. Aperture-lens coefficient c=0.62."
SYN-00336,B_synthetic,project_physics_generator,"Generated by this project's implementation of the classical Pierce synthesis physics. Validated against Panahi et al. 2025 Table 2 over the C >= 8 envelope: MAE 0.85 deg, MRE 2.80% across 23 published cases. NOT experimental data.",,generated,,,,,train,1.4884,3.3618,83.2590,40.1244,physics_generator,,40.1244,,,pencil,30.6755,47.5995,theta_cone_deg;theta_iterative_deg;rc_mm;Rc_mm,2.80,C >= 8,P in microperv; rw in mm; C dimensionless; angles in degrees,"SYNTHETIC - physics model output, not a measurement. Aperture-lens coefficient c=0.62."
SYN-00337,B_synthetic,project_physics_generator,"Generated by this project's implementation of the classical Pierce synthesis physics. Validated against Panahi et al. 2025 Table 2 over the C >= 8 envelope: MAE 0.85 deg, MRE 2.80% across 23 published cases. NOT experimental data.",,generated,,,,,train,1.1047,1.2096,9.9879,22.7331,physics_generator,,22.7331,,,pencil,3.8229,9.8927,theta_cone_deg;theta_iterative_deg;rc_mm;Rc_mm,2.80,C >= 8,P in microperv; rw in mm; C dimensionless; angles in degrees,"SYNTHETIC - physics model output, not a measurement. Aperture-lens coefficient c=0.62."
SYN-00338,B_synthetic,project_physics_generator,"Generated by this project's implementation of the classical Pierce synthesis physics. Validated against Panahi et al. 2025 Table 2 over the C >= 8 envelope: MAE 0.85 deg, MRE 2.80% across 23 published cases. NOT experimental data.",,generated,,,,,train,3.1728,4.3752,140.8571,68.6668,physics_generator,,68.6668,,,pencil,51.9257,55.7454,theta_cone_deg;theta_iterative_deg;rc_mm;Rc_mm,2.80,C >= 8,P in microperv; rw in mm; C dimensionless; angles in degrees,"SYNTHETIC - physics model output, not a measurement. Aperture-lens coefficient c=0.62."
SYN-00339,B_synthetic,project_physics_generator,"Generated by this project's implementation of the classical Pierce synthesis physics. Validated against Panahi et al. 2025 Table 2 over the C >= 8 envelope: MAE 0.85 deg, MRE 2.80% across 23 published cases. NOT experimental data.",,generated,,,,,train,3.1404,1.0508,24.6898,49.6499,physics_generator,,49.6499,,,pencil,5.2211,6.8509,theta_cone_deg;theta_iterative_deg;rc_mm;Rc_mm,2.80,C >= 8,P in microperv; rw in mm; C dimensionless; angles in degrees,"SYNTHETIC - physics model output, not a measurement. Aperture-lens coefficient c=0.62."
SYN-00340,B_synthetic,project_physics_generator,"Generated by this project's implementation of the classical Pierce synthesis physics. Validated against Panahi et al. 2025 Table 2 over the C >= 8 envelope: MAE 0.85 deg, MRE 2.80% across 23 published cases. NOT experimental data.",,generated,,,,,train,0.9510,4.3491,55.4593,29.8249,physics_generator,,29.8249,,,pencil,32.3883,65.1216,theta_cone_deg;theta_iterative_deg;rc_mm;Rc_mm,2.80,C >= 8,P in microperv; rw in mm; C dimensionless; angles in degrees,"SYNTHETIC - physics model output, not a measurement. Aperture-lens coefficient c=0.62."
SYN-00341,B_synthetic,project_physics_generator,"Generated by this project's implementation of the classical Pierce synthesis physics. Validated against Panahi et al. 2025 Table 2 over the C >= 8 envelope: MAE 0.85 deg, MRE 2.80% across 23 published cases. NOT experimental data.",,generated,,,,,train,1.4277,2.1888,15.0072,29.0133,physics_generator,,29.0133,,,pencil,8.4792,17.4825,theta_cone_deg;theta_iterative_deg;rc_mm;Rc_mm,2.80,C >= 8,P in microperv; rw in mm; C dimensionless; angles in degrees,"SYNTHETIC - physics model output, not a measurement. Aperture-lens coefficient c=0.62."
SYN-00342,B_synthetic,project_physics_generator,"Generated by this project's implementation of the classical Pierce synthesis physics. Validated against Panahi et al. 2025 Table 2 over the C >= 8 envelope: MAE 0.85 deg, MRE 2.80% across 23 published cases. NOT experimental data.",,generated,,,,,train,2.6401,3.3983,213.0280,64.2283,physics_generator,,64.2283,,,pencil,49.5996,55.0780,theta_cone_deg;theta_iterative_deg;rc_mm;Rc_mm,2.80,C >= 8,P in microperv; rw in mm; C dimensionless; angles in degrees,"SYNTHETIC - physics model output, not a measurement. Aperture-lens coefficient c=0.62."
SYN-00343,B_synthetic,project_physics_generator,"Generated by this project's implementation of the classical Pierce synthesis physics. Validated against Panahi et al. 2025 Table 2 over the C >= 8 envelope: MAE 0.85 deg, MRE 2.80% across 23 published cases. NOT experimental data.",,generated,,,,,train,2.3248,1.8539,97.4701,52.9789,physics_generator,,52.9789,,,pencil,18.3032,22.9245,theta_cone_deg;theta_iterative_deg;rc_mm;Rc_mm,2.80,C >= 8,P in microperv; rw in mm; C dimensionless; angles in degrees,"SYNTHETIC - physics model output, not a measurement. Aperture-lens coefficient c=0.62."
SYN-00344,B_synthetic,project_physics_generator,"Generated by this project's implementation of the classical Pierce synthesis physics. Validated against Panahi et al. 2025 Table 2 over the C >= 8 envelope: MAE 0.85 deg, MRE 2.80% across 23 published cases. NOT experimental data.",,generated,,,,,train,1.9560,2.5595,34.7456,40.7557,physics_generator,,40.7557,,,pencil,15.0871,23.1101,theta_cone_deg;theta_iterative_deg;rc_mm;Rc_mm,2.80,C >= 8,P in microperv; rw in mm; C dimensionless; angles in degrees,"SYNTHETIC - physics model output, not a measurement. Aperture-lens coefficient c=0.62."
SYN-00345,B_synthetic,project_physics_generator,"Generated by this project's implementation of the classical Pierce synthesis physics. Validated against Panahi et al. 2025 Table 2 over the C >= 8 envelope: MAE 0.85 deg, MRE 2.80% across 23 published cases. NOT experimental data.",,generated,,,,,train,0.6355,0.8992,143.0243,27.1467,physics_generator,,27.1467,,,pencil,10.7534,23.5682,theta_cone_deg;theta_iterative_deg;rc_mm;Rc_mm,2.80,C >= 8,P in microperv; rw in mm; C dimensionless; angles in degrees,"SYNTHETIC - physics model output, not a measurement. Aperture-lens coefficient c=0.62."
SYN-00346,B_synthetic,project_physics_generator,"Generated by this project's implementation of the classical Pierce synthesis physics. Validated against Panahi et al. 2025 Table 2 over the C >= 8 envelope: MAE 0.85 deg, MRE 2.80% across 23 published cases. NOT experimental data.",,generated,,,,,train,3.6681,3.7014,8.0535,39.1871,physics_generator,,39.1871,,,pencil,10.5042,16.6243,theta_cone_deg;theta_iterative_deg;rc_mm;Rc_mm,2.80,C >= 8,P in microperv; rw in mm; C dimensionless; angles in degrees,"SYNTHETIC - physics model output, not a measurement. Aperture-lens coefficient c=0.62."
SYN-00347,B_synthetic,project_physics_generator,"Generated by this project's implementation of the classical Pierce synthesis physics. Validated against Panahi et al. 2025 Table 2 over the C >= 8 envelope: MAE 0.85 deg, MRE 2.80% across 23 published cases. NOT experimental data.",,generated,,,,,train,0.4488,3.1215,10.4069,14.5864,physics_generator,,14.5864,,,pencil,10.0698,39.9849,theta_cone_deg;theta_iterative_deg;rc_mm;Rc_mm,2.80,C >= 8,P in microperv; rw in mm; C dimensionless; angles in degrees,"SYNTHETIC - physics model output, not a measurement. Aperture-lens coefficient c=0.62."
SYN-00348,B_synthetic,project_physics_generator,"Generated by this project's implementation of the classical Pierce synthesis physics. Validated against Panahi et al. 2025 Table 2 over the C >= 8 envelope: MAE 0.85 deg, MRE 2.80% across 23 published cases. NOT experimental data.",,generated,,,,,train,1.7722,1.4612,126.7210,46.7764,physics_generator,,46.7764,,,pencil,16.4491,22.5736,theta_cone_deg;theta_iterative_deg;rc_mm;Rc_mm,2.80,C >= 8,P in microperv; rw in mm; C dimensionless; angles in degrees,"SYNTHETIC - physics model output, not a measurement. Aperture-lens coefficient c=0.62."
SYN-00349,B_synthetic,project_physics_generator,"Generated by this project's implementation of the classical Pierce synthesis physics. Validated against Panahi et al. 2025 Table 2 over the C >= 8 envelope: MAE 0.85 deg, MRE 2.80% across 23 published cases. NOT experimental data.",,generated,,,,,train,2.1329,4.1394,45.0002,44.7095,physics_generator,,44.7095,,,pencil,27.7683,39.4709,theta_cone_deg;theta_iterative_deg;rc_mm;Rc_mm,2.80,C >= 8,P in microperv; rw in mm; C dimensionless; angles in degrees,"SYNTHETIC - physics model output, not a measurement. Aperture-lens coefficient c=0.62."
SYN-00350,B_synthetic,project_physics_generator,"Generated by this project's implementation of the classical Pierce synthesis physics. Validated against Panahi et al. 2025 Table 2 over the C >= 8 envelope: MAE 0.85 deg, MRE 2.80% across 23 published cases. NOT experimental data.",,generated,,,,,train,2.4552,0.6128,18.3519,40.5296,physics_generator,,40.5296,,,pencil,2.6250,4.0394,theta_cone_deg;theta_iterative_deg;rc_mm;Rc_mm,2.80,C >= 8,P in microperv; rw in mm; C dimensionless; angles in degrees,"SYNTHETIC - physics model output, not a measurement. Aperture-lens coefficient c=0.62."
SYN-00351,B_synthetic,project_physics_generator,"Generated by this project's implementation of the classical Pierce synthesis physics. Validated against Panahi et al. 2025 Table 2 over the C >= 8 envelope: MAE 0.85 deg, MRE 2.80% across 23 published cases. NOT experimental data.",,generated,,,,,train,1.2379,3.7870,261.3871,41.4450,physics_generator,,41.4450,,,pencil,61.2270,92.5018,theta_cone_deg;theta_iterative_deg;rc_mm;Rc_mm,2.80,C >= 8,P in microperv; rw in mm; C dimensionless; angles in degrees,"SYNTHETIC - physics model output, not a measurement. Aperture-lens coefficient c=0.62."
SYN-00352,B_synthetic,project_physics_generator,"Generated by this project's implementation of the classical Pierce synthesis physics. Validated against Panahi et al. 2025 Table 2 over the C >= 8 envelope: MAE 0.85 deg, MRE 2.80% across 23 published cases. NOT experimental data.",,generated,,,,,train,0.7708,1.6268,30.1245,24.3112,physics_generator,,24.3112,,,pencil,8.9290,21.6884,theta_cone_deg;theta_iterative_deg;rc_mm;Rc_mm,2.80,C >= 8,P in microperv; rw in mm; C dimensionless; angles in degrees,"SYNTHETIC - physics model output, not a measurement. Aperture-lens coefficient c=0.62."
SYN-00353,B_synthetic,project_physics_generator,"Generated by this project's implementation of the classical Pierce synthesis physics. Validated against Panahi et al. 2025 Table 2 over the C >= 8 envelope: MAE 0.85 deg, MRE 2.80% across 23 published cases. NOT experimental data.",,generated,,,,,train,2.9518,2.9603,67.8960,57.9735,physics_generator,,57.9735,,,pencil,24.3927,28.7716,theta_cone_deg;theta_iterative_deg;rc_mm;Rc_mm,2.80,C >= 8,P in microperv; rw in mm; C dimensionless; angles in degrees,"SYNTHETIC - physics model output, not a measurement. Aperture-lens coefficient c=0.62."
SYN-00354,B_synthetic,project_physics_generator,"Generated by this project's implementation of the classical Pierce synthesis physics. Validated against Panahi et al. 2025 Table 2 over the C >= 8 envelope: MAE 0.85 deg, MRE 2.80% across 23 published cases. NOT experimental data.",,generated,,,,,train,2.8648,0.7159,234.4440,69.0628,physics_generator,,69.0628,,,pencil,10.9617,11.7367,theta_cone_deg;theta_iterative_deg;rc_mm;Rc_mm,2.80,C >= 8,P in microperv; rw in mm; C dimensionless; angles in degrees,"SYNTHETIC - physics model output, not a measurement. Aperture-lens coefficient c=0.62."
SYN-00355,B_synthetic,project_physics_generator,"Generated by this project's implementation of the classical Pierce synthesis physics. Validated against Panahi et al. 2025 Table 2 over the C >= 8 envelope: MAE 0.85 deg, MRE 2.80% across 23 published cases. NOT experimental data.",,generated,,,,,train,0.8017,3.8863,13.0602,20.8356,physics_generator,,20.8356,,,pencil,14.0447,39.4860,theta_cone_deg;theta_iterative_deg;rc_mm;Rc_mm,2.80,C >= 8,P in microperv; rw in mm; C dimensionless; angles in degrees,"SYNTHETIC - physics model output, not a measurement. Aperture-lens coefficient c=0.62."
SYN-00356,B_synthetic,project_physics_generator,"Generated by this project's implementation of the classical Pierce synthesis physics. Validated against Panahi et al. 2025 Table 2 over the C >= 8 envelope: MAE 0.85 deg, MRE 2.80% across 23 published cases. NOT experimental data.",,generated,,,,,train,1.1522,1.5466,63.6784,33.6651,physics_generator,,33.6651,,,pencil,12.3418,22.2641,theta_cone_deg;theta_iterative_deg;rc_mm;Rc_mm,2.80,C >= 8,P in microperv; rw in mm; C dimensionless; angles in degrees,"SYNTHETIC - physics model output, not a measurement. Aperture-lens coefficient c=0.62."
SYN-00357,B_synthetic,project_physics_generator,"Generated by this project's implementation of the classical Pierce synthesis physics. Validated against Panahi et al. 2025 Table 2 over the C >= 8 envelope: MAE 0.85 deg, MRE 2.80% across 23 published cases. NOT experimental data.",,generated,,,,,train,2.4906,2.8684,22.4542,42.7314,physics_generator,,42.7314,,,pencil,13.5921,20.0307,theta_cone_deg;theta_iterative_deg;rc_mm;Rc_mm,2.80,C >= 8,P in microperv; rw in mm; C dimensionless; angles in degrees,"SYNTHETIC - physics model output, not a measurement. Aperture-lens coefficient c=0.62."
SYN-00358,B_synthetic,project_physics_generator,"Generated by this project's implementation of the classical Pierce synthesis physics. Validated against Panahi et al. 2025 Table 2 over the C >= 8 envelope: MAE 0.85 deg, MRE 2.80% across 23 published cases. NOT experimental data.",,generated,,,,,train,2.1689,2.3794,9.2222,31.3178,physics_generator,,31.3178,,,pencil,7.2258,13.9016,theta_cone_deg;theta_iterative_deg;rc_mm;Rc_mm,2.80,C >= 8,P in microperv; rw in mm; C dimensionless; angles in degrees,"SYNTHETIC - physics model output, not a measurement. Aperture-lens coefficient c=0.62."
SYN-00359,B_synthetic,project_physics_generator,"Generated by this project's implementation of the classical Pierce synthesis physics. Validated against Panahi et al. 2025 Table 2 over the C >= 8 envelope: MAE 0.85 deg, MRE 2.80% across 23 published cases. NOT experimental data.",,generated,,,,,train,1.6869,3.2051,130.4252,45.6338,physics_generator,,45.6338,,,pencil,36.6032,51.2016,theta_cone_deg;theta_iterative_deg;rc_mm;Rc_mm,2.80,C >= 8,P in microperv; rw in mm; C dimensionless; angles in degrees,"SYNTHETIC - physics model output, not a measurement. Aperture-lens coefficient c=0.62."
SYN-00360,B_synthetic,project_physics_generator,"Generated by this project's implementation of the classical Pierce synthesis physics. Validated against Panahi et al. 2025 Table 2 over the C >= 8 envelope: MAE 0.85 deg, MRE 2.80% across 23 published cases. NOT experimental data.",,generated,,,,,train,0.4794,1.3654,38.0664,19.7981,physics_generator,,19.7981,,,pencil,8.4243,24.8720,theta_cone_deg;theta_iterative_deg;rc_mm;Rc_mm,2.80,C >= 8,P in microperv; rw in mm; C dimensionless; angles in degrees,"SYNTHETIC - physics model output, not a measurement. Aperture-lens coefficient c=0.62."
SYN-00361,B_synthetic,project_physics_generator,"Generated by this project's implementation of the classical Pierce synthesis physics. Validated against Panahi et al. 2025 Table 2 over the C >= 8 envelope: MAE 0.85 deg, MRE 2.80% across 23 published cases. NOT experimental data.",,generated,,,,,train,3.3993,4.0319,85.2075,66.1227,physics_generator,,66.1227,,,pencil,37.2177,40.7011,theta_cone_deg;theta_iterative_deg;rc_mm;Rc_mm,2.80,C >= 8,P in microperv; rw in mm; C dimensionless; angles in degrees,"SYNTHETIC - physics model output, not a measurement. Aperture-lens coefficient c=0.62."
SYN-00362,B_synthetic,project_physics_generator,"Generated by this project's implementation of the classical Pierce synthesis physics. Validated against Panahi et al. 2025 Table 2 over the C >= 8 envelope: MAE 0.85 deg, MRE 2.80% across 23 published cases. NOT experimental data.",,generated,,,,,train,3.6359,1.9414,49.4875,62.4896,physics_generator,,62.4896,,,pencil,13.6575,15.3987,theta_cone_deg;theta_iterative_deg;rc_mm;Rc_mm,2.80,C >= 8,P in microperv; rw in mm; C dimensionless; angles in degrees,"SYNTHETIC - physics model output, not a measurement. Aperture-lens coefficient c=0.62."
SYN-00363,B_synthetic,project_physics_generator,"Generated by this project's implementation of the classical Pierce synthesis physics. Validated against Panahi et al. 2025 Table 2 over the C >= 8 envelope: MAE 0.85 deg, MRE 2.80% across 23 published cases. NOT experimental data.",,generated,,,,,train,0.7245,2.6431,110.3491,28.2408,physics_generator,,28.2408,,,pencil,27.7652,58.6781,theta_cone_deg;theta_iterative_deg;rc_mm;Rc_mm,2.80,C >= 8,P in microperv; rw in mm; C dimensionless; angles in degrees,"SYNTHETIC - physics model output, not a measurement. Aperture-lens coefficient c=0.62."
SYN-00364,B_synthetic,project_physics_generator,"Generated by this project's implementation of the classical Pierce synthesis physics. Validated against Panahi et al. 2025 Table 2 over the C >= 8 envelope: MAE 0.85 deg, MRE 2.80% across 23 published cases. NOT experimental data.",,generated,,,,,train,1.9217,0.8034,11.9621,31.9008,physics_generator,,31.9008,,,pencil,2.7785,5.2578,theta_cone_deg;theta_iterative_deg;rc_mm;Rc_mm,2.80,C >= 8,P in microperv; rw in mm; C dimensionless; angles in degrees,"SYNTHETIC - physics model output, not a measurement. Aperture-lens coefficient c=0.62."
SYN-00365,B_synthetic,project_physics_generator,"Generated by this project's implementation of the classical Pierce synthesis physics. Validated against Panahi et al. 2025 Table 2 over the C >= 8 envelope: MAE 0.85 deg, MRE 2.80% across 23 published cases. NOT experimental data.",,generated,,,,,train,2.4084,3.5939,168.5289,58.4839,physics_generator,,58.4839,,,pencil,46.6555,54.7283,theta_cone_deg;theta_iterative_deg;rc_mm;Rc_mm,2.80,C >= 8,P in microperv; rw in mm; C dimensionless; angles in degrees,"SYNTHETIC - physics model output, not a measurement. Aperture-lens coefficient c=0.62."
SYN-00366,B_synthetic,project_physics_generator,"Generated by this project's implementation of the classical Pierce synthesis physics. Validated against Panahi et al. 2025 Table 2 over the C >= 8 envelope: MAE 0.85 deg, MRE 2.80% across 23 published cases. NOT experimental data.",,generated,,,,,train,2.7242,1.1539,77.6910,56.3871,physics_generator,,56.3871,,,pencil,10.1709,12.2129,theta_cone_deg;theta_iterative_deg;rc_mm;Rc_mm,2.80,C >= 8,P in microperv; rw in mm; C dimensionless; angles in degrees,"SYNTHETIC - physics model output, not a measurement. Aperture-lens coefficient c=0.62."
SYN-00367,B_synthetic,project_physics_generator,"Generated by this project's implementation of the classical Pierce synthesis physics. Validated against Panahi et al. 2025 Table 2 over the C >= 8 envelope: MAE 0.85 deg, MRE 2.80% across 23 published cases. NOT experimental data.",,generated,,,,,train,1.3939,4.4484,27.4879,32.5664,physics_generator,,32.5664,,,pencil,23.3223,43.3277,theta_cone_deg;theta_iterative_deg;rc_mm;Rc_mm,2.80,C >= 8,P in microperv; rw in mm; C dimensionless; angles in degrees,"SYNTHETIC - physics model output, not a measurement. Aperture-lens coefficient c=0.62."
SYN-00368,B_synthetic,project_physics_generator,"Generated by this project's implementation of the classical Pierce synthesis physics. Validated against Panahi et al. 2025 Table 2 over the C >= 8 envelope: MAE 0.85 deg, MRE 2.80% across 23 published cases. NOT experimental data.",,generated,,,,,train,1.0397,2.1086,286.6788,37.9644,physics_generator,,37.9644,,,pencil,35.7017,58.0353,theta_cone_deg;theta_iterative_deg;rc_mm;Rc_mm,2.80,C >= 8,P in microperv; rw in mm; C dimensionless; angles in degrees,"SYNTHETIC - physics model output, not a measurement. Aperture-lens coefficient c=0.62."
SYN-00369,B_synthetic,project_physics_generator,"Generated by this project's implementation of the classical Pierce synthesis physics. Validated against Panahi et al. 2025 Table 2 over the C >= 8 envelope: MAE 0.85 deg, MRE 2.80% across 23 published cases. NOT experimental data.",,generated,,,,,train,3.1079,3.3064,16.0241,44.5853,physics_generator,,44.5853,,,pencil,13.2354,18.8546,theta_cone_deg;theta_iterative_deg;rc_mm;Rc_mm,2.80,C >= 8,P in microperv; rw in mm; C dimensionless; angles in degrees,"SYNTHETIC - physics model output, not a measurement. Aperture-lens coefficient c=0.62."
SYN-00370,B_synthetic,project_physics_generator,"Generated by this project's implementation of the classical Pierce synthesis physics. Validated against Panahi et al. 2025 Table 2 over the C >= 8 envelope: MAE 0.85 deg, MRE 2.80% across 23 published cases. NOT experimental data.",,generated,,,,,train,3.2613,2.1351,115.1248,67.6979,physics_generator,,67.6979,,,pencil,22.9093,24.7616,theta_cone_deg;theta_iterative_deg;rc_mm;Rc_mm,2.80,C >= 8,P in microperv; rw in mm; C dimensionless; angles in degrees,"SYNTHETIC - physics model output, not a measurement. Aperture-lens coefficient c=0.62."
SYN-00371,B_synthetic,project_physics_generator,"Generated by this project's implementation of the classical Pierce synthesis physics. Validated against Panahi et al. 2025 Table 2 over the C >= 8 envelope: MAE 0.85 deg, MRE 2.80% across 23 published cases. NOT experimental data.",,generated,,,,,train,1.0721,3.4657,40.9975,30.3615,physics_generator,,30.3615,,,pencil,22.1907,43.9024,theta_cone_deg;theta_iterative_deg;rc_mm;Rc_mm,2.80,C >= 8,P in microperv; rw in mm; C dimensionless; angles in degrees,"SYNTHETIC - physics model output, not a measurement. Aperture-lens coefficient c=0.62."
SYN-00372,B_synthetic,project_physics_generator,"Generated by this project's implementation of the classical Pierce synthesis physics. Validated against Panahi et al. 2025 Table 2 over the C >= 8 envelope: MAE 0.85 deg, MRE 2.80% across 23 published cases. NOT experimental data.",,generated,,,,,train,1.5724,1.1180,192.0412,45.9149,physics_generator,,45.9149,,,pencil,15.4928,21.5685,theta_cone_deg;theta_iterative_deg;rc_mm;Rc_mm,2.80,C >= 8,P in microperv; rw in mm; C dimensionless; angles in degrees,"SYNTHETIC - physics model output, not a measurement. Aperture-lens coefficient c=0.62."
SYN-00373,B_synthetic,project_physics_generator,"Generated by this project's implementation of the classical Pierce synthesis physics. Validated against Panahi et al. 2025 Table 2 over the C >= 8 envelope: MAE 0.85 deg, MRE 2.80% across 23 published cases. NOT experimental data.",,generated,,,,,train,2.7847,4.2952,10.8245,37.6229,physics_generator,,37.6229,,,pencil,14.1315,23.1489,theta_cone_deg;theta_iterative_deg;rc_mm;Rc_mm,2.80,C >= 8,P in microperv; rw in mm; C dimensionless; angles in degrees,"SYNTHETIC - physics model output, not a measurement. Aperture-lens coefficient c=0.62."
SYN-00374,B_synthetic,project_physics_generator,"Generated by this project's implementation of the classical Pierce synthesis physics. Validated against Panahi et al. 2025 Table 2 over the C >= 8 envelope: MAE 0.85 deg, MRE 2.80% across 23 published cases. NOT experimental data.",,generated,,,,,train,2.2567,0.9570,29.5684,42.7969,physics_generator,,42.7969,,,pencil,5.2038,7.6595,theta_cone_deg;theta_iterative_deg;rc_mm;Rc_mm,2.80,C >= 8,P in microperv; rw in mm; C dimensionless; angles in degrees,"SYNTHETIC - physics model output, not a measurement. Aperture-lens coefficient c=0.62."
SYN-00375,B_synthetic,project_physics_generator,"Generated by this project's implementation of the classical Pierce synthesis physics. Validated against Panahi et al. 2025 Table 2 over the C >= 8 envelope: MAE 0.85 deg, MRE 2.80% across 23 published cases. NOT experimental data.",,generated,,,,,train,1.8876,3.6303,66.3657,44.3691,physics_generator,,44.3691,,,pencil,29.5745,42.2929,theta_cone_deg;theta_iterative_deg;rc_mm;Rc_mm,2.80,C >= 8,P in microperv; rw in mm; C dimensionless; angles in degrees,"SYNTHETIC - physics model output, not a measurement. Aperture-lens coefficient c=0.62."
SYN-00376,B_synthetic,project_physics_generator,"Generated by this project's implementation of the classical Pierce synthesis physics. Validated against Panahi et al. 2025 Table 2 over the C >= 8 envelope: MAE 0.85 deg, MRE 2.80% across 23 published cases. NOT experimental data.",,generated,,,,,train,0.5443,1.7826,19.8734,18.8305,physics_generator,,18.8305,,,pencil,7.9467,24.6203,theta_cone_deg;theta_iterative_deg;rc_mm;Rc_mm,2.80,C >= 8,P in microperv; rw in mm; C dimensionless; angles in degrees,"SYNTHETIC - physics model output, not a measurement. Aperture-lens coefficient c=0.62."
SYN-00377,B_synthetic,project_physics_generator,"Generated by this project's implementation of the classical Pierce synthesis physics. Validated against Panahi et al. 2025 Table 2 over the C >= 8 envelope: MAE 0.85 deg, MRE 2.80% across 23 published cases. NOT experimental data.",,generated,,,,,train,3.3385,1.3940,15.3170,45.8338,physics_generator,,45.8338,,,pencil,5.4558,7.6058,theta_cone_deg;theta_iterative_deg;rc_mm;Rc_mm,2.80,C >= 8,P in microperv; rw in mm; C dimensionless; angles in degrees,"SYNTHETIC - physics model output, not a measurement. Aperture-lens coefficient c=0.62."
SYN-00378,B_synthetic,project_physics_generator,"Generated by this project's implementation of the classical Pierce synthesis physics. Validated against Panahi et al. 2025 Table 2 over the C >= 8 envelope: MAE 0.85 deg, MRE 2.80% across 23 published cases. NOT experimental data.",,generated,,,,,train,0.3010,4.1934,218.3332,19.2593,physics_generator,,19.2593,,,pencil,61.9615,187.8505,theta_cone_deg;theta_iterative_deg;rc_mm;Rc_mm,2.80,C >= 8,P in microperv; rw in mm; C dimensionless; angles in degrees,"SYNTHETIC - physics model output, not a measurement. Aperture-lens coefficient c=0.62."
SYN-00379,B_synthetic,project_physics_generator,"Generated by this project's implementation of the classical Pierce synthesis physics. Validated against Panahi et al. 2025 Table 2 over the C >= 8 envelope: MAE 0.85 deg, MRE 2.80% across 23 published cases. NOT experimental data.",,generated,,,,,train,1.6546,2.3455,22.7586,34.3782,physics_generator,,34.3782,,,pencil,11.1895,19.8167,theta_cone_deg;theta_iterative_deg;rc_mm;Rc_mm,2.80,C >= 8,P in microperv; rw in mm; C dimensionless; angles in degrees,"SYNTHETIC - physics model output, not a measurement. Aperture-lens coefficient c=0.62."
SYN-00380,B_synthetic,project_physics_generator,"Generated by this project's implementation of the classical Pierce synthesis physics. Validated against Panahi et al. 2025 Table 2 over the C >= 8 envelope: MAE 0.85 deg, MRE 2.80% across 23 published cases. NOT experimental data.",,generated,,,,,train,2.0152,3.0540,51.2539,44.2380,physics_generator,,44.2380,,,pencil,21.8644,31.3405,theta_cone_deg;theta_iterative_deg;rc_mm;Rc_mm,2.80,C >= 8,P in microperv; rw in mm; C dimensionless; angles in degrees,"SYNTHETIC - physics model output, not a measurement. Aperture-lens coefficient c=0.62."
SYN-00381,B_synthetic,project_physics_generator,"Generated by this project's implementation of the classical Pierce synthesis physics. Validated against Panahi et al. 2025 Table 2 over the C >= 8 envelope: MAE 0.85 deg, MRE 2.80% across 23 published cases. NOT experimental data.",,generated,,,,,train,2.5497,1.6982,157.1476,60.0974,physics_generator,,60.0974,,,pencil,21.2878,24.5570,theta_cone_deg;theta_iterative_deg;rc_mm;Rc_mm,2.80,C >= 8,P in microperv; rw in mm; C dimensionless; angles in degrees,"SYNTHETIC - physics model output, not a measurement. Aperture-lens coefficient c=0.62."
SYN-00382,B_synthetic,project_physics_generator,"Generated by this project's implementation of the classical Pierce synthesis physics. Validated against Panahi et al. 2025 Table 2 over the C >= 8 envelope: MAE 0.85 deg, MRE 2.80% across 23 published cases. NOT experimental data.",,generated,,,,,train,1.3323,2.9028,8.8239,24.0069,physics_generator,,24.0069,,,pencil,8.6226,21.1939,theta_cone_deg;theta_iterative_deg;rc_mm;Rc_mm,2.80,C >= 8,P in microperv; rw in mm; C dimensionless; angles in degrees,"SYNTHETIC - physics model output, not a measurement. Aperture-lens coefficient c=0.62."
SYN-00383,B_synthetic,project_physics_generator,"Generated by this project's implementation of the classical Pierce synthesis physics. Validated against Panahi et al. 2025 Table 2 over the C >= 8 envelope: MAE 0.85 deg, MRE 2.80% across 23 published cases. NOT experimental data.",,generated,,,,,train,0.8357,0.5549,94.3341,29.8800,physics_generator,,29.8800,,,pencil,5.3899,10.8192,theta_cone_deg;theta_iterative_deg;rc_mm;Rc_mm,2.80,C >= 8,P in microperv; rw in mm; C dimensionless; angles in degrees,"SYNTHETIC - physics model output, not a measurement. Aperture-lens coefficient c=0.62."
SYN-00384,B_synthetic,project_physics_generator,"Generated by this project's implementation of the classical Pierce synthesis physics. Validated against Panahi et al. 2025 Table 2 over the C >= 8 envelope: MAE 0.85 deg, MRE 2.80% across 23 published cases. NOT experimental data.",,generated,,,,,train,3.0168,3.8582,33.4653,51.6636,physics_generator,,51.6636,,,pencil,22.3193,28.4546,theta_cone_deg;theta_iterative_deg;rc_mm;Rc_mm,2.80,C >= 8,P in microperv; rw in mm; C dimensionless; angles in degrees,"SYNTHETIC - physics model output, not a measurement. Aperture-lens coefficient c=0.62."
SYN-00385,B_synthetic,project_physics_generator,"Generated by this project's implementation of the classical Pierce synthesis physics. Validated against Panahi et al. 2025 Table 2 over the C >= 8 envelope: MAE 0.85 deg, MRE 2.80% across 23 published cases. NOT experimental data.",,generated,,,,,train,3.0235,2.0006,146.2223,66.7399,physics_generator,,66.7399,,,pencil,24.1918,26.3320,theta_cone_deg;theta_iterative_deg;rc_mm;Rc_mm,2.80,C >= 8,P in microperv; rw in mm; C dimensionless; angles in degrees,"SYNTHETIC - physics model output, not a measurement. Aperture-lens coefficient c=0.62."
SYN-00386,B_synthetic,project_physics_generator,"Generated by this project's implementation of the classical Pierce synthesis physics. Validated against Panahi et al. 2025 Table 2 over the C >= 8 envelope: MAE 0.85 deg, MRE 2.80% across 23 published cases. NOT experimental data.",,generated,,,,,train,0.8551,3.3341,8.2111,18.6752,physics_generator,,18.6752,,,pencil,9.5538,29.8367,theta_cone_deg;theta_iterative_deg;rc_mm;Rc_mm,2.80,C >= 8,P in microperv; rw in mm; C dimensionless; angles in degrees,"SYNTHETIC - physics model output, not a measurement. Aperture-lens coefficient c=0.62."
SYN-00387,B_synthetic,project_physics_generator,"Generated by this project's implementation of the classical Pierce synthesis physics. Validated against Panahi et al. 2025 Table 2 over the C >= 8 envelope: MAE 0.85 deg, MRE 2.80% across 23 published cases. NOT experimental data.",,generated,,,,,train,1.3114,1.2365,95.6880,38.1163,physics_generator,,38.1163,,,pencil,12.0958,19.5959,theta_cone_deg;theta_iterative_deg;rc_mm;Rc_mm,2.80,C >= 8,P in microperv; rw in mm; C dimensionless; angles in degrees,"SYNTHETIC - physics model output, not a measurement. Aperture-lens coefficient c=0.62."
SYN-00388,B_synthetic,project_physics_generator,"Generated by this project's implementation of the classical Pierce synthesis physics. Validated against Panahi et al. 2025 Table 2 over the C >= 8 envelope: MAE 0.85 deg, MRE 2.80% across 23 published cases. NOT experimental data.",,generated,,,,,train,2.5444,4.4108,33.9583,46.9817,physics_generator,,46.9817,,,pencil,25.7036,35.1556,theta_cone_deg;theta_iterative_deg;rc_mm;Rc_mm,2.80,C >= 8,P in microperv; rw in mm; C dimensionless; angles in degrees,"SYNTHETIC - physics model output, not a measurement. Aperture-lens coefficient c=0.62."
SYN-00389,B_synthetic,project_physics_generator,"Generated by this project's implementation of the classical Pierce synthesis physics. Validated against Panahi et al. 2025 Table 2 over the C >= 8 envelope: MAE 0.85 deg, MRE 2.80% across 23 published cases. NOT experimental data.",,generated,,,,,train,2.0097,0.8370,14.6668,34.4954,physics_generator,,34.4954,,,pencil,3.2053,5.6597,theta_cone_deg;theta_iterative_deg;rc_mm;Rc_mm,2.80,C >= 8,P in microperv; rw in mm; C dimensionless; angles in degrees,"SYNTHETIC - physics model output, not a measurement. Aperture-lens coefficient c=0.62."
SYN-00390,B_synthetic,project_physics_generator,"Generated by this project's implementation of the classical Pierce synthesis physics. Validated against Panahi et al. 2025 Table 2 over the C >= 8 envelope: MAE 0.85 deg, MRE 2.80% across 23 published cases. NOT experimental data.",,generated,,,,,train,1.6332,3.5152,209.1398,47.4012,physics_generator,,47.4012,,,pencil,50.8352,69.0591,theta_cone_deg;theta_iterative_deg;rc_mm;Rc_mm,2.80,C >= 8,P in microperv; rw in mm; C dimensionless; angles in degrees,"SYNTHETIC - physics model output, not a measurement. Aperture-lens coefficient c=0.62."
SYN-00391,B_synthetic,project_physics_generator,"Generated by this project's implementation of the classical Pierce synthesis physics. Validated against Panahi et al. 2025 Table 2 over the C >= 8 envelope: MAE 0.85 deg, MRE 2.80% across 23 published cases. NOT experimental data.",,generated,,,,,train,0.3206,1.9176,25.1735,15.0654,physics_generator,,15.0654,,,pencil,9.6214,37.0164,theta_cone_deg;theta_iterative_deg;rc_mm;Rc_mm,2.80,C >= 8,P in microperv; rw in mm; C dimensionless; angles in degrees,"SYNTHETIC - physics model output, not a measurement. Aperture-lens coefficient c=0.62."
SYN-00392,B_synthetic,project_physics_generator,"Generated by this project's implementation of the classical Pierce synthesis physics. Validated against Panahi et al. 2025 Table 2 over the C >= 8 envelope: MAE 0.85 deg, MRE 2.80% across 23 published cases. NOT experimental data.",,generated,,,,,train,3.3459,2.7472,56.6976,60.7899,physics_generator,,60.7899,,,pencil,20.6858,23.6996,theta_cone_deg;theta_iterative_deg;rc_mm;Rc_mm,2.80,C >= 8,P in microperv; rw in mm; C dimensionless; angles in degrees,"SYNTHETIC - physics model output, not a measurement. Aperture-lens coefficient c=0.62."
SYN-00393,B_synthetic,project_physics_generator,"Generated by this project's implementation of the classical Pierce synthesis physics. Validated against Panahi et al. 2025 Table 2 over the C >= 8 envelope: MAE 0.85 deg, MRE 2.80% across 23 published cases. NOT experimental data.",,generated,,,,,train,3.5822,1.2749,30.8793,56.2565,physics_generator,,56.2565,,,pencil,7.0845,8.5198,theta_cone_deg;theta_iterative_deg;rc_mm;Rc_mm,2.80,C >= 8,P in microperv; rw in mm; C dimensionless; angles in degrees,"SYNTHETIC - physics model output, not a measurement. Aperture-lens coefficient c=0.62."
SYN-00394,B_synthetic,project_physics_generator,"Generated by this project's implementation of the classical Pierce synthesis physics. Validated against Panahi et al. 2025 Table 2 over the C >= 8 envelope: MAE 0.85 deg, MRE 2.80% across 23 published cases. NOT experimental data.",,generated,,,,,train,0.5653,4.0772,69.2831,23.4475,physics_generator,,23.4475,,,pencil,33.9369,85.2881,theta_cone_deg;theta_iterative_deg;rc_mm;Rc_mm,2.80,C >= 8,P in microperv; rw in mm; C dimensionless; angles in degrees,"SYNTHETIC - physics model output, not a measurement. Aperture-lens coefficient c=0.62."
SYN-00395,B_synthetic,project_physics_generator,"Generated by this project's implementation of the classical Pierce synthesis physics. Validated against Panahi et al. 2025 Table 2 over the C >= 8 envelope: MAE 0.85 deg, MRE 2.80% across 23 published cases. NOT experimental data.",,generated,,,,,train,1.8684,2.4797,17.9669,34.8494,physics_generator,,34.8494,,,pencil,10.5106,18.3939,theta_cone_deg;theta_iterative_deg;rc_mm;Rc_mm,2.80,C >= 8,P in microperv; rw in mm; C dimensionless; angles in degrees,"SYNTHETIC - physics model output, not a measurement. Aperture-lens coefficient c=0.62."
SYN-00396,B_synthetic,project_physics_generator,"Generated by this project's implementation of the classical Pierce synthesis physics. Validated against Panahi et al. 2025 Table 2 over the C >= 8 envelope: MAE 0.85 deg, MRE 2.80% across 23 published cases. NOT experimental data.",,generated,,,,,train,2.2497,3.1852,255.2184,59.0950,physics_generator,,59.0950,,,pencil,50.8859,59.3062,theta_cone_deg;theta_iterative_deg;rc_mm;Rc_mm,2.80,C >= 8,P in microperv; rw in mm; C dimensionless; angles in degrees,"SYNTHETIC - physics model output, not a measurement. Aperture-lens coefficient c=0.62."
SYN-00397,B_synthetic,project_physics_generator,"Generated by this project's implementation of the classical Pierce synthesis physics. Validated against Panahi et al. 2025 Table 2 over the C >= 8 envelope: MAE 0.85 deg, MRE 2.80% across 23 published cases. NOT experimental data.",,generated,,,,,train,2.7776,1.5626,123.7265,61.3746,physics_generator,,61.3746,,,pencil,17.3808,19.8011,theta_cone_deg;theta_iterative_deg;rc_mm;Rc_mm,2.80,C >= 8,P in microperv; rw in mm; C dimensionless; angles in degrees,"SYNTHETIC - physics model output, not a measurement. Aperture-lens coefficient c=0.62."
SYN-00398,B_synthetic,project_physics_generator,"Generated by this project's implementation of the classical Pierce synthesis physics. Validated against Panahi et al. 2025 Table 2 over the C >= 8 envelope: MAE 0.85 deg, MRE 2.80% across 23 published cases. NOT experimental data.",,generated,,,,,train,1.5527,2.7721,44.0573,37.4084,physics_generator,,37.4084,,,pencil,18.3998,30.2881,theta_cone_deg;theta_iterative_deg;rc_mm;Rc_mm,2.80,C >= 8,P in microperv; rw in mm; C dimensionless; angles in degrees,"SYNTHETIC - physics model output, not a measurement. Aperture-lens coefficient c=0.62."
SYN-00399,B_synthetic,project_physics_generator,"Generated by this project's implementation of the classical Pierce synthesis physics. Validated against Panahi et al. 2025 Table 2 over the C >= 8 envelope: MAE 0.85 deg, MRE 2.80% across 23 published cases. NOT experimental data.",,generated,,,,,train,1.0934,0.6745,189.3242,37.3853,physics_generator,,37.3853,,,pencil,9.2813,15.2861,theta_cone_deg;theta_iterative_deg;rc_mm;Rc_mm,2.80,C >= 8,P in microperv; rw in mm; C dimensionless; angles in degrees,"SYNTHETIC - physics model output, not a measurement. Aperture-lens coefficient c=0.62."
SYN-00400,B_synthetic,project_physics_generator,"Generated by this project's implementation of the classical Pierce synthesis physics. Validated against Panahi et al. 2025 Table 2 over the C >= 8 envelope: MAE 0.85 deg, MRE 2.80% across 23 published cases. NOT experimental data.",,generated,,,,,train,3.2671,3.9729,10.6674,40.7702,physics_generator,,40.7702,,,pencil,12.9758,19.8703,theta_cone_deg;theta_iterative_deg;rc_mm;Rc_mm,2.80,C >= 8,P in microperv; rw in mm; C dimensionless; angles in degrees,"SYNTHETIC - physics model output, not a measurement. Aperture-lens coefficient c=0.62."
SYN-00401,B_synthetic,project_physics_generator,"Generated by this project's implementation of the classical Pierce synthesis physics. Validated against Panahi et al. 2025 Table 2 over the C >= 8 envelope: MAE 0.85 deg, MRE 2.80% across 23 published cases. NOT experimental data.",,generated,,,,,train,3.1017,0.5859,74.3955,60.7619,physics_generator,,60.7619,,,pencil,5.0533,5.7911,theta_cone_deg;theta_iterative_deg;rc_mm;Rc_mm,2.80,C >= 8,P in microperv; rw in mm; C dimensionless; angles in degrees,"SYNTHETIC - physics model output, not a measurement. Aperture-lens coefficient c=0.62."
SYN-00402,B_synthetic,project_physics_generator,"Generated by this project's implementation of the classical Pierce synthesis physics. Validated against Panahi et al. 2025 Table 2 over the C >= 8 envelope: MAE 0.85 deg, MRE 2.80% across 23 published cases. NOT experimental data.",,generated,,,,,train,1.0196,3.7514,26.3296,27.4313,physics_generator,,27.4313,,,pencil,19.2492,41.7839,theta_cone_deg;theta_iterative_deg;rc_mm;Rc_mm,2.80,C >= 8,P in microperv; rw in mm; C dimensionless; angles in degrees,"SYNTHETIC - physics model output, not a measurement. Aperture-lens coefficient c=0.62."
SYN-00403,B_synthetic,project_physics_generator,"Generated by this project's implementation of the classical Pierce synthesis physics. Validated against Panahi et al. 2025 Table 2 over the C >= 8 envelope: MAE 0.85 deg, MRE 2.80% across 23 published cases. NOT experimental data.",,generated,,,,,train,1.4125,1.6614,317.0869,45.5898,physics_generator,,45.5898,,,pencil,29.5845,41.4146,theta_cone_deg;theta_iterative_deg;rc_mm;Rc_mm,2.80,C >= 8,P in microperv; rw in mm; C dimensionless; angles in degrees,"SYNTHETIC - physics model output, not a measurement. Aperture-lens coefficient c=0.62."
SYN-00404,B_synthetic,project_physics_generator,"Generated by this project's implementation of the classical Pierce synthesis physics. Validated against Panahi et al. 2025 Table 2 over the C >= 8 envelope: MAE 0.85 deg, MRE 2.80% across 23 published cases. NOT experimental data.",,generated,,,,,train,2.7317,2.9880,17.7266,42.5995,physics_generator,,42.5995,,,pencil,12.5806,18.5864,theta_cone_deg;theta_iterative_deg;rc_mm;Rc_mm,2.80,C >= 8,P in microperv; rw in mm; C dimensionless; angles in degrees,"SYNTHETIC - physics model output, not a measurement. Aperture-lens coefficient c=0.62."
SYN-00405,B_synthetic,project_physics_generator,"Generated by this project's implementation of the classical Pierce synthesis physics. Validated against Panahi et al. 2025 Table 2 over the C >= 8 envelope: MAE 0.85 deg, MRE 2.80% across 23 published cases. NOT experimental data.",,generated,,,,,train,2.4167,2.2642,46.0460,48.1818,physics_generator,,48.1818,,,pencil,15.3639,20.6154,theta_cone_deg;theta_iterative_deg;rc_mm;Rc_mm,2.80,C >= 8,P in microperv; rw in mm; C dimensionless; angles in degrees,"SYNTHETIC - physics model output, not a measurement. Aperture-lens coefficient c=0.62."
SYN-00406,B_synthetic,project_physics_generator,"Generated by this project's implementation of the classical Pierce synthesis physics. Validated against Panahi et al. 2025 Table 2 over the C >= 8 envelope: MAE 0.85 deg, MRE 2.80% across 23 published cases. NOT experimental data.",,generated,,,,,train,1.9405,3.0869,102.6875,47.9553,physics_generator,,47.9553,,,pencil,31.2810,42.1223,theta_cone_deg;theta_iterative_deg;rc_mm;Rc_mm,2.80,C >= 8,P in microperv; rw in mm; C dimensionless; angles in degrees,"SYNTHETIC - physics model output, not a measurement. Aperture-lens coefficient c=0.62."
SYN-00407,B_synthetic,project_physics_generator,"Generated by this project's implementation of the classical Pierce synthesis physics. Validated against Panahi et al. 2025 Table 2 over the C >= 8 envelope: MAE 0.85 deg, MRE 2.80% across 23 published cases. NOT experimental data.",,generated,,,,,train,0.7039,1.4969,12.1340,19.1279,physics_generator,,19.1279,,,pencil,5.2143,15.9129,theta_cone_deg;theta_iterative_deg;rc_mm;Rc_mm,2.80,C >= 8,P in microperv; rw in mm; C dimensionless; angles in degrees,"SYNTHETIC - physics model output, not a measurement. Aperture-lens coefficient c=0.62."
SYN-00408,B_synthetic,project_physics_generator,"Generated by this project's implementation of the classical Pierce synthesis physics. Validated against Panahi et al. 2025 Table 2 over the C >= 8 envelope: MAE 0.85 deg, MRE 2.80% across 23 published cases. NOT experimental data.",,generated,,,,,train,3.3915,1.8271,9.9114,40.5915,physics_generator,,40.5915,,,pencil,5.7522,8.8405,theta_cone_deg;theta_iterative_deg;rc_mm;Rc_mm,2.80,C >= 8,P in microperv; rw in mm; C dimensionless; angles in degrees,"SYNTHETIC - physics model output, not a measurement. Aperture-lens coefficient c=0.62."
SYN-00409,B_synthetic,project_physics_generator,"Generated by this project's implementation of the classical Pierce synthesis physics. Validated against Panahi et al. 2025 Table 2 over the C >= 8 envelope: MAE 0.85 deg, MRE 2.80% across 23 published cases. NOT experimental data.",,generated,,,,,train,0.4610,2.5239,140.1564,22.9247,physics_generator,,22.9247,,,pencil,29.8797,76.7090,theta_cone_deg;theta_iterative_deg;rc_mm;Rc_mm,2.80,C >= 8,P in microperv; rw in mm; C dimensionless; angles in degrees,"SYNTHETIC - physics model output, not a measurement. Aperture-lens coefficient c=0.62."
SYN-00410,B_synthetic,project_physics_generator,"Generated by this project's implementation of the classical Pierce synthesis physics. Validated against Panahi et al. 2025 Table 2 over the C >= 8 envelope: MAE 0.85 deg, MRE 2.80% across 23 published cases. NOT experimental data.",,generated,,,,,train,1.7071,0.9339,37.5270,38.3520,physics_generator,,38.3520,,,pencil,5.7212,9.2204,theta_cone_deg;theta_iterative_deg;rc_mm;Rc_mm,2.80,C >= 8,P in microperv; rw in mm; C dimensionless; angles in degrees,"SYNTHETIC - physics model output, not a measurement. Aperture-lens coefficient c=0.62."
SYN-00411,B_synthetic,project_physics_generator,"Generated by this project's implementation of the classical Pierce synthesis physics. Validated against Panahi et al. 2025 Table 2 over the C >= 8 envelope: MAE 0.85 deg, MRE 2.80% across 23 published cases. NOT experimental data.",,generated,,,,,train,2.1748,3.7294,83.9724,49.8247,physics_generator,,49.8247,,,pencil,34.1745,44.7268,theta_cone_deg;theta_iterative_deg;rc_mm;Rc_mm,2.80,C >= 8,P in microperv; rw in mm; C dimensionless; angles in degrees,"SYNTHETIC - physics model output, not a measurement. Aperture-lens coefficient c=0.62."
SYN-00412,B_synthetic,project_physics_generator,"Generated by this project's implementation of the classical Pierce synthesis physics. Validated against Panahi et al. 2025 Table 2 over the C >= 8 envelope: MAE 0.85 deg, MRE 2.80% across 23 published cases. NOT experimental data.",,generated,,,,,train,2.4972,1.0228,244.8290,63.0184,physics_generator,,63.0184,,,pencil,16.0043,17.9591,theta_cone_deg;theta_iterative_deg;rc_mm;Rc_mm,2.80,C >= 8,P in microperv; rw in mm; C dimensionless; angles in degrees,"SYNTHETIC - physics model output, not a measurement. Aperture-lens coefficient c=0.62."
SYN-00413,B_synthetic,project_physics_generator,"Generated by this project's implementation of the classical Pierce synthesis physics. Validated against Panahi et al. 2025 Table 2 over the C >= 8 envelope: MAE 0.85 deg, MRE 2.80% across 23 published cases. NOT experimental data.",,generated,,,,,train,1.1727,4.3143,13.6348,25.5906,physics_generator,,25.5906,,,pencil,15.9309,36.8824,theta_cone_deg;theta_iterative_deg;rc_mm;Rc_mm,2.80,C >= 8,P in microperv; rw in mm; C dimensionless; angles in degrees,"SYNTHETIC - physics model output, not a measurement. Aperture-lens coefficient c=0.62."
SYN-00414,B_synthetic,project_physics_generator,"Generated by this project's implementation of the classical Pierce synthesis physics. Validated against Panahi et al. 2025 Table 2 over the C >= 8 envelope: MAE 0.85 deg, MRE 2.80% across 23 published cases. NOT experimental data.",,generated,,,,,train,0.7828,2.2244,57.5718,27.0771,physics_generator,,27.0771,,,pencil,16.8779,37.0789,theta_cone_deg;theta_iterative_deg;rc_mm;Rc_mm,2.80,C >= 8,P in microperv; rw in mm; C dimensionless; angles in degrees,"SYNTHETIC - physics model output, not a measurement. Aperture-lens coefficient c=0.62."
SYN-00415,B_synthetic,project_physics_generator,"Generated by this project's implementation of the classical Pierce synthesis physics. Validated against Panahi et al. 2025 Table 2 over the C >= 8 envelope: MAE 0.85 deg, MRE 2.80% across 23 published cases. NOT experimental data.",,generated,,,,,train,2.8568,3.4251,20.2976,45.0682,physics_generator,,45.0682,,,pencil,15.4311,21.7969,theta_cone_deg;theta_iterative_deg;rc_mm;Rc_mm,2.80,C >= 8,P in microperv; rw in mm; C dimensionless; angles in degrees,"SYNTHETIC - physics model output, not a measurement. Aperture-lens coefficient c=0.62."
SYN-00416,B_synthetic,project_physics_generator,"Generated by this project's implementation of the classical Pierce synthesis physics. Validated against Panahi et al. 2025 Table 2 over the C >= 8 envelope: MAE 0.85 deg, MRE 2.80% across 23 published cases. NOT experimental data.",,generated,,,,,train,2.9325,1.1807,19.7211,45.4228,physics_generator,,45.4228,,,pencil,5.2432,7.3609,theta_cone_deg;theta_iterative_deg;rc_mm;Rc_mm,2.80,C >= 8,P in microperv; rw in mm; C dimensionless; angles in degrees,"SYNTHETIC - physics model output, not a measurement. Aperture-lens coefficient c=0.62."
SYN-00417,B_synthetic,project_physics_generator,"Generated by this project's implementation of the classical Pierce synthesis physics. Validated against Panahi et al. 2025 Table 2 over the C >= 8 envelope: MAE 0.85 deg, MRE 2.80% across 23 published cases. NOT experimental data.",,generated,,,,,train,0.7638,4.4839,280.9260,32.0530,physics_generator,,32.0530,,,pencil,75.1542,141.6122,theta_cone_deg;theta_iterative_deg;rc_mm;Rc_mm,2.80,C >= 8,P in microperv; rw in mm; C dimensionless; angles in degrees,"SYNTHETIC - physics model output, not a measurement. Aperture-lens coefficient c=0.62."
SYN-00418,B_synthetic,project_physics_generator,"Generated by this project's implementation of the classical Pierce synthesis physics. Validated against Panahi et al. 2025 Table 2 over the C >= 8 envelope: MAE 0.85 deg, MRE 2.80% across 23 published cases. NOT experimental data.",,generated,,,,,train,1.2430,2.0739,29.6880,31.0900,physics_generator,,31.0900,,,pencil,11.2999,21.8827,theta_cone_deg;theta_iterative_deg;rc_mm;Rc_mm,2.80,C >= 8,P in microperv; rw in mm; C dimensionless; angles in degrees,"SYNTHETIC - physics model output, not a measurement. Aperture-lens coefficient c=0.62."
SYN-00419,B_synthetic,project_physics_generator,"Generated by this project's implementation of the classical Pierce synthesis physics. Validated against Panahi et al. 2025 Table 2 over the C >= 8 envelope: MAE 0.85 deg, MRE 2.80% across 23 published cases. NOT experimental data.",,generated,,,,,train,2.4762,3.2785,66.9333,51.9716,physics_generator,,51.9716,,,pencil,26.8223,34.0511,theta_cone_deg;theta_iterative_deg;rc_mm;Rc_mm,2.80,C >= 8,P in microperv; rw in mm; C dimensionless; angles in degrees,"SYNTHETIC - physics model output, not a measurement. Aperture-lens coefficient c=0.62."
SYN-00420,B_synthetic,project_physics_generator,"Generated by this project's implementation of the classical Pierce synthesis physics. Validated against Panahi et al. 2025 Table 2 over the C >= 8 envelope: MAE 0.85 deg, MRE 2.80% across 23 published cases. NOT experimental data.",,generated,,,,,train,2.1543,1.9693,193.6898,55.5006,physics_generator,,55.5006,,,pencil,27.4073,33.2560,theta_cone_deg;theta_iterative_deg;rc_mm;Rc_mm,2.80,C >= 8,P in microperv; rw in mm; C dimensionless; angles in degrees,"SYNTHETIC - physics model output, not a measurement. Aperture-lens coefficient c=0.62."
SYN-00421,B_synthetic,project_physics_generator,"Generated by this project's implementation of the classical Pierce synthesis physics. Validated against Panahi et al. 2025 Table 2 over the C >= 8 envelope: MAE 0.85 deg, MRE 2.80% across 23 published cases. NOT experimental data.",,generated,,,,,train,1.7779,2.6778,10.8680,29.7886,physics_generator,,29.7886,,,pencil,8.8278,17.7694,theta_cone_deg;theta_iterative_deg;rc_mm;Rc_mm,2.80,C >= 8,P in microperv; rw in mm; C dimensionless; angles in degrees,"SYNTHETIC - physics model output, not a measurement. Aperture-lens coefficient c=0.62."
SYN-00422,B_synthetic,project_physics_generator,"Generated by this project's implementation of the classical Pierce synthesis physics. Validated against Panahi et al. 2025 Table 2 over the C >= 8 envelope: MAE 0.85 deg, MRE 2.80% across 23 published cases. NOT experimental data.",,generated,,,,,train,0.4417,0.7678,114.5506,21.9350,physics_generator,,21.9350,,,pencil,8.2176,21.9985,theta_cone_deg;theta_iterative_deg;rc_mm;Rc_mm,2.80,C >= 8,P in microperv; rw in mm; C dimensionless; angles in degrees,"SYNTHETIC - physics model output, not a measurement. Aperture-lens coefficient c=0.62."
SYN-00423,B_synthetic,project_physics_generator,"Generated by this project's implementation of the classical Pierce synthesis physics. Validated against Panahi et al. 2025 Table 2 over the C >= 8 envelope: MAE 0.85 deg, MRE 2.80% across 23 published cases. NOT experimental data.",,generated,,,,,train,3.4668,3.5671,40.6844,58.3495,physics_generator,,58.3495,,,pencil,22.7527,26.7282,theta_cone_deg;theta_iterative_deg;rc_mm;Rc_mm,2.80,C >= 8,P in microperv; rw in mm; C dimensionless; angles in degrees,"SYNTHETIC - physics model output, not a measurement. Aperture-lens coefficient c=0.62."
SYN-00424,B_synthetic,project_physics_generator,"Generated by this project's implementation of the classical Pierce synthesis physics. Validated against Panahi et al. 2025 Table 2 over the C >= 8 envelope: MAE 0.85 deg, MRE 2.80% across 23 published cases. NOT experimental data.",,generated,,,,,train,3.6472,2.4064,93.3629,70.6883,physics_generator,,70.6883,,,pencil,23.2513,24.6376,theta_cone_deg;theta_iterative_deg;rc_mm;Rc_mm,2.80,C >= 8,P in microperv; rw in mm; C dimensionless; angles in degrees,"SYNTHETIC - physics model output, not a measurement. Aperture-lens coefficient c=0.62."
SYN-00425,B_synthetic,project_physics_generator,"Generated by this project's implementation of the classical Pierce synthesis physics. Validated against Panahi et al. 2025 Table 2 over the C >= 8 envelope: MAE 0.85 deg, MRE 2.80% across 23 published cases. NOT experimental data.",,generated,,,,,train,0.6302,3.2408,33.2714,22.2879,physics_generator,,22.2879,,,pencil,18.6935,49.2892,theta_cone_deg;theta_iterative_deg;rc_mm;Rc_mm,2.80,C >= 8,P in microperv; rw in mm; C dimensionless; angles in degrees,"SYNTHETIC - physics model output, not a measurement. Aperture-lens coefficient c=0.62."
SYN-00426,B_synthetic,project_physics_generator,"Generated by this project's implementation of the classical Pierce synthesis physics. Validated against Panahi et al. 2025 Table 2 over the C >= 8 envelope: MAE 0.85 deg, MRE 2.80% across 23 published cases. NOT experimental data.",,generated,,,,,train,1.9626,1.3308,158.2200,51.0948,physics_generator,,51.0948,,,pencil,16.7392,21.5106,theta_cone_deg;theta_iterative_deg;rc_mm;Rc_mm,2.80,C >= 8,P in microperv; rw in mm; C dimensionless; angles in degrees,"SYNTHETIC - physics model output, not a measurement. Aperture-lens coefficient c=0.62."
SYN-00427,B_synthetic,project_physics_generator,"Generated by this project's implementation of the classical Pierce synthesis physics. Validated against Panahi et al. 2025 Table 2 over the C >= 8 envelope: MAE 0.85 deg, MRE 2.80% across 23 published cases. NOT experimental data.",,generated,,,,,train,2.3442,4.0041,8.9078,32.2119,physics_generator,,32.2119,,,pencil,11.9506,22.4192,theta_cone_deg;theta_iterative_deg;rc_mm;Rc_mm,2.80,C >= 8,P in microperv; rw in mm; C dimensionless; angles in degrees,"SYNTHETIC - physics model output, not a measurement. Aperture-lens coefficient c=0.62."
SYN-00428,B_synthetic,project_physics_generator,"Generated by this project's implementation of the classical Pierce synthesis physics. Validated against Panahi et al. 2025 Table 2 over the C >= 8 envelope: MAE 0.85 deg, MRE 2.80% across 23 published cases. NOT experimental data.",,generated,,,,,train,2.6598,0.7437,22.9756,44.5273,physics_generator,,44.5273,,,pencil,3.5648,5.0835,theta_cone_deg;theta_iterative_deg;rc_mm;Rc_mm,2.80,C >= 8,P in microperv; rw in mm; C dimensionless; angles in degrees,"SYNTHETIC - physics model output, not a measurement. Aperture-lens coefficient c=0.62."
SYN-00429,B_synthetic,project_physics_generator,"Generated by this project's implementation of the classical Pierce synthesis physics. Validated against Panahi et al. 2025 Table 2 over the C >= 8 envelope: MAE 0.85 deg, MRE 2.80% across 23 published cases. NOT experimental data.",,generated,,,,,train,1.4351,3.9209,51.6020,36.7410,physics_generator,,36.7410,,,pencil,28.1659,47.0845,theta_cone_deg;theta_iterative_deg;rc_mm;Rc_mm,2.80,C >= 8,P in microperv; rw in mm; C dimensionless; angles in degrees,"SYNTHETIC - physics model output, not a measurement. Aperture-lens coefficient c=0.62."
SYN-00430,B_synthetic,project_physics_generator,"Generated by this project's implementation of the classical Pierce synthesis physics. Validated against Panahi et al. 2025 Table 2 over the C >= 8 envelope: MAE 0.85 deg, MRE 2.80% across 23 published cases. NOT experimental data.",,generated,,,,,train,0.9455,1.5109,15.2279,23.5444,physics_generator,,23.5444,,,pencil,5.8959,14.7597,theta_cone_deg;theta_iterative_deg;rc_mm;Rc_mm,2.80,C >= 8,P in microperv; rw in mm; C dimensionless; angles in degrees,"SYNTHETIC - physics model output, not a measurement. Aperture-lens coefficient c=0.62."
SYN-00431,B_synthetic,project_physics_generator,"Generated by this project's implementation of the classical Pierce synthesis physics. Validated against Panahi et al. 2025 Table 2 over the C >= 8 envelope: MAE 0.85 deg, MRE 2.80% across 23 published cases. NOT experimental data.",,generated,,,,,train,3.1929,1.7329,39.0198,55.0493,physics_generator,,55.0493,,,pencil,10.8244,13.2062,theta_cone_deg;theta_iterative_deg;rc_mm;Rc_mm,2.80,C >= 8,P in microperv; rw in mm; C dimensionless; angles in degrees,"SYNTHETIC - physics model output, not a measurement. Aperture-lens coefficient c=0.62."
SYN-00432,B_synthetic,project_physics_generator,"Generated by this project's implementation of the classical Pierce synthesis physics. Validated against Panahi et al. 2025 Table 2 over the C >= 8 envelope: MAE 0.85 deg, MRE 2.80% across 23 published cases. NOT experimental data.",,generated,,,,,train,1.1106,2.9306,86.9498,34.4091,physics_generator,,34.4091,,,pencil,27.3272,48.3583,theta_cone_deg;theta_iterative_deg;rc_mm;Rc_mm,2.80,C >= 8,P in microperv; rw in mm; C dimensionless; angles in degrees,"SYNTHETIC - physics model output, not a measurement. Aperture-lens coefficient c=0.62."
SYN-00433,B_synthetic,project_physics_generator,"Generated by this project's implementation of the classical Pierce synthesis physics. Validated against Panahi et al. 2025 Table 2 over the C >= 8 envelope: MAE 0.85 deg, MRE 2.80% across 23 published cases. NOT experimental data.",,generated,,,,,train,1.4806,0.5282,9.0288,25.5405,physics_generator,,25.5405,,,pencil,1.5871,3.6810,theta_cone_deg;theta_iterative_deg;rc_mm;Rc_mm,2.80,C >= 8,P in microperv; rw in mm; C dimensionless; angles in degrees,"SYNTHETIC - physics model output, not a measurement. Aperture-lens coefficient c=0.62."
SYN-00434,B_synthetic,project_physics_generator,"Generated by this project's implementation of the classical Pierce synthesis physics. Validated against Panahi et al. 2025 Table 2 over the C >= 8 envelope: MAE 0.85 deg, MRE 2.80% across 23 published cases. NOT experimental data.",,generated,,,,,train,2.8001,3.8226,127.3452,61.9751,physics_generator,,61.9751,,,pencil,43.1373,48.8673,theta_cone_deg;theta_iterative_deg;rc_mm;Rc_mm,2.80,C >= 8,P in microperv; rw in mm; C dimensionless; angles in degrees,"SYNTHETIC - physics model output, not a measurement. Aperture-lens coefficient c=0.62."
SYN-00435,B_synthetic,project_physics_generator,"Generated by this project's implementation of the classical Pierce synthesis physics. Validated against Panahi et al. 2025 Table 2 over the C >= 8 envelope: MAE 0.85 deg, MRE 2.80% across 23 published cases. NOT experimental data.",,generated,,,,,train,2.2719,1.4296,62.1766,48.8399,physics_generator,,48.8399,,,pencil,11.2725,14.9726,theta_cone_deg;theta_iterative_deg;rc_mm;Rc_mm,2.80,C >= 8,P in microperv; rw in mm; C dimensionless; angles in degrees,"SYNTHETIC - physics model output, not a measurement. Aperture-lens coefficient c=0.62."
SYN-00436,B_synthetic,project_physics_generator,"Generated by this project's implementation of the classical Pierce synthesis physics. Validated against Panahi et al. 2025 Table 2 over the C >= 8 envelope: MAE 0.85 deg, MRE 2.80% across 23 published cases. NOT experimental data.",,generated,,,,,train,1.7960,4.2201,21.9828,35.6544,physics_generator,,35.6544,,,pencil,19.7864,33.9451,theta_cone_deg;theta_iterative_deg;rc_mm;Rc_mm,2.80,C >= 8,P in microperv; rw in mm; C dimensionless; angles in degrees,"SYNTHETIC - physics model output, not a measurement. Aperture-lens coefficient c=0.62."
SYN-00437,B_synthetic,project_physics_generator,"Generated by this project's implementation of the classical Pierce synthesis physics. Validated against Panahi et al. 2025 Table 2 over the C >= 8 envelope: MAE 0.85 deg, MRE 2.80% across 23 published cases. NOT experimental data.",,generated,,,,,train,0.5830,2.3177,239.2302,27.3538,physics_generator,,27.3538,,,pencil,35.8475,78.0169,theta_cone_deg;theta_iterative_deg;rc_mm;Rc_mm,2.80,C >= 8,P in microperv; rw in mm; C dimensionless; angles in degrees,"SYNTHETIC - physics model output, not a measurement. Aperture-lens coefficient c=0.62."
SYN-00438,B_synthetic,project_physics_generator,"Generated by this project's implementation of the classical Pierce synthesis physics. Validated against Panahi et al. 2025 Table 2 over the C >= 8 envelope: MAE 0.85 deg, MRE 2.80% across 23 published cases. NOT experimental data.",,generated,,,,,train,3.5085,3.0193,13.3876,45.3897,physics_generator,,45.3897,,,pencil,11.0475,15.5183,theta_cone_deg;theta_iterative_deg;rc_mm;Rc_mm,2.80,C >= 8,P in microperv; rw in mm; C dimensionless; angles in degrees,"SYNTHETIC - physics model output, not a measurement. Aperture-lens coefficient c=0.62."
SYN-00439,B_synthetic,project_physics_generator,"Generated by this project's implementation of the classical Pierce synthesis physics. Validated against Panahi et al. 2025 Table 2 over the C >= 8 envelope: MAE 0.85 deg, MRE 2.80% across 23 published cases. NOT experimental data.",,generated,,,,,train,0.3959,3.6581,16.3382,15.3711,physics_generator,,15.3711,,,pencil,14.7863,55.7829,theta_cone_deg;theta_iterative_deg;rc_mm;Rc_mm,2.80,C >= 8,P in microperv; rw in mm; C dimensionless; angles in degrees,"SYNTHETIC - physics model output, not a measurement. Aperture-lens coefficient c=0.62."
SYN-00440,B_synthetic,project_physics_generator,"Generated by this project's implementation of the classical Pierce synthesis physics. Validated against Panahi et al. 2025 Table 2 over the C >= 8 envelope: MAE 0.85 deg, MRE 2.80% across 23 published cases. NOT experimental data.",,generated,,,,,train,1.6126,1.7556,76.2739,41.4448,physics_generator,,41.4448,,,pencil,15.3328,23.1649,theta_cone_deg;theta_iterative_deg;rc_mm;Rc_mm,2.80,C >= 8,P in microperv; rw in mm; C dimensionless; angles in degrees,"SYNTHETIC - physics model output, not a measurement. Aperture-lens coefficient c=0.62."
SYN-00441,B_synthetic,project_physics_generator,"Generated by this project's implementation of the classical Pierce synthesis physics. Validated against Panahi et al. 2025 Table 2 over the C >= 8 envelope: MAE 0.85 deg, MRE 2.80% across 23 published cases. NOT experimental data.",,generated,,,,,train,2.0804,2.5813,26.8640,40.1786,physics_generator,,40.1786,,,pencil,13.3790,20.7371,theta_cone_deg;theta_iterative_deg;rc_mm;Rc_mm,2.80,C >= 8,P in microperv; rw in mm; C dimensionless; angles in degrees,"SYNTHETIC - physics model output, not a measurement. Aperture-lens coefficient c=0.62."
SYN-00442,B_synthetic,project_physics_generator,"Generated by this project's implementation of the classical Pierce synthesis physics. Validated against Panahi et al. 2025 Table 2 over the C >= 8 envelope: MAE 0.85 deg, MRE 2.80% across 23 published cases. NOT experimental data.",,generated,,,,,train,2.6147,2.1709,11.6909,37.2537,physics_generator,,37.2537,,,pencil,7.4227,12.2619,theta_cone_deg;theta_iterative_deg;rc_mm;Rc_mm,2.80,C >= 8,P in microperv; rw in mm; C dimensionless; angles in degrees,"SYNTHETIC - physics model output, not a measurement. Aperture-lens coefficient c=0.62."
SYN-00443,B_synthetic,project_physics_generator,"Generated by this project's implementation of the classical Pierce synthesis physics. Validated against Panahi et al. 2025 Table 2 over the C >= 8 envelope: MAE 0.85 deg, MRE 2.80% across 23 published cases. NOT experimental data.",,generated,,,,,train,1.2904,3.4927,165.4495,40.3576,physics_generator,,40.3576,,,pencil,44.9250,69.3763,theta_cone_deg;theta_iterative_deg;rc_mm;Rc_mm,2.80,C >= 8,P in microperv; rw in mm; C dimensionless; angles in degrees,"SYNTHETIC - physics model output, not a measurement. Aperture-lens coefficient c=0.62."
SYN-00444,B_synthetic,project_physics_generator,"Generated by this project's implementation of the classical Pierce synthesis physics. Validated against Panahi et al. 2025 Table 2 over the C >= 8 envelope: MAE 0.85 deg, MRE 2.80% across 23 published cases. NOT experimental data.",,generated,,,,,train,0.9308,1.0902,50.4563,29.0915,physics_generator,,29.0915,,,pencil,7.7438,15.9270,theta_cone_deg;theta_iterative_deg;rc_mm;Rc_mm,2.80,C >= 8,P in microperv; rw in mm; C dimensionless; angles in degrees,"SYNTHETIC - physics model output, not a measurement. Aperture-lens coefficient c=0.62."
SYN-00445,B_synthetic,project_physics_generator,"Generated by this project's implementation of the classical Pierce synthesis physics. Validated against Panahi et al. 2025 Table 2 over the C >= 8 envelope: MAE 0.85 deg, MRE 2.80% across 23 published cases. NOT experimental data.",,generated,,,,,train,3.0047,4.2606,112.8146,63.7489,physics_generator,,63.7489,,,pencil,45.2533,50.4573,theta_cone_deg;theta_iterative_deg;rc_mm;Rc_mm,2.80,C >= 8,P in microperv; rw in mm; C dimensionless; angles in degrees,"SYNTHETIC - physics model output, not a measurement. Aperture-lens coefficient c=0.62."
SYN-00446,B_synthetic,project_physics_generator,"Generated by this project's implementation of the classical Pierce synthesis physics. Validated against Panahi et al. 2025 Table 2 over the C >= 8 envelope: MAE 0.85 deg, MRE 2.80% across 23 published cases. NOT experimental data.",,generated,,,,,train,2.9604,0.7890,43.7286,53.7560,physics_generator,,53.7560,,,pencil,5.2173,6.4690,theta_cone_deg;theta_iterative_deg;rc_mm;Rc_mm,2.80,C >= 8,P in microperv; rw in mm; C dimensionless; angles in degrees,"SYNTHETIC - physics model output, not a measurement. Aperture-lens coefficient c=0.62."
SYN-00447,B_synthetic,project_physics_generator,"Generated by this project's implementation of the classical Pierce synthesis physics. Validated against Panahi et al. 2025 Table 2 over the C >= 8 envelope: MAE 0.85 deg, MRE 2.80% across 23 published cases. NOT experimental data.",,generated,,,,,train,0.8916,3.6107,122.8182,31.9069,physics_generator,,31.9069,,,pencil,40.0153,75.7091,theta_cone_deg;theta_iterative_deg;rc_mm;Rc_mm,2.80,C >= 8,P in microperv; rw in mm; C dimensionless; angles in degrees,"SYNTHETIC - physics model output, not a measurement. Aperture-lens coefficient c=0.62."
SYN-00448,B_synthetic,project_physics_generator,"Generated by this project's implementation of the classical Pierce synthesis physics. Validated against Panahi et al. 2025 Table 2 over the C >= 8 envelope: MAE 0.85 deg, MRE 2.80% across 23 published cases. NOT experimental data.",,generated,,,,,train,1.2748,1.9583,10.1456,24.5789,physics_generator,,24.5789,,,pencil,6.2376,14.9962,theta_cone_deg;theta_iterative_deg;rc_mm;Rc_mm,2.80,C >= 8,P in microperv; rw in mm; C dimensionless; angles in degrees,"SYNTHETIC - physics model output, not a measurement. Aperture-lens coefficient c=0.62."
SYN-00449,B_synthetic,project_physics_generator,"Generated by this project's implementation of the classical Pierce synthesis physics. Validated against Panahi et al. 2025 Table 2 over the C >= 8 envelope: MAE 0.85 deg, MRE 2.80% across 23 published cases. NOT experimental data.",,generated,,,,,train,2.6074,2.6287,180.0420,62.1831,physics_generator,,62.1831,,,pencil,35.2718,39.8802,theta_cone_deg;theta_iterative_deg;rc_mm;Rc_mm,2.80,C >= 8,P in microperv; rw in mm; C dimensionless; angles in degrees,"SYNTHETIC - physics model output, not a measurement. Aperture-lens coefficient c=0.62."
SYN-00450,B_synthetic,project_physics_generator,"Generated by this project's implementation of the classical Pierce synthesis physics. Validated against Panahi et al. 2025 Table 2 over the C >= 8 envelope: MAE 0.85 deg, MRE 2.80% across 23 published cases. NOT experimental data.",,generated,,,,,train,2.0794,2.1235,69.8035,47.2365,physics_generator,,47.2365,,,pencil,17.7415,24.1656,theta_cone_deg;theta_iterative_deg;rc_mm;Rc_mm,2.80,C >= 8,P in microperv; rw in mm; C dimensionless; angles in degrees,"SYNTHETIC - physics model output, not a measurement. Aperture-lens coefficient c=0.62."
SYN-00451,B_synthetic,project_physics_generator,"Generated by this project's implementation of the classical Pierce synthesis physics. Validated against Panahi et al. 2025 Table 2 over the C >= 8 envelope: MAE 0.85 deg, MRE 2.80% across 23 published cases. NOT experimental data.",,generated,,,,,train,1.5900,3.2900,31.1080,35.7223,physics_generator,,35.7223,,,pencil,18.3497,31.4284,theta_cone_deg;theta_iterative_deg;rc_mm;Rc_mm,2.80,C >= 8,P in microperv; rw in mm; C dimensionless; angles in degrees,"SYNTHETIC - physics model output, not a measurement. Aperture-lens coefficient c=0.62."
SYN-00452,B_synthetic,project_physics_generator,"Generated by this project's implementation of the classical Pierce synthesis physics. Validated against Panahi et al. 2025 Table 2 over the C >= 8 envelope: MAE 0.85 deg, MRE 2.80% across 23 published cases. NOT experimental data.",,generated,,,,,train,0.3638,1.1376,268.3452,21.6437,physics_generator,,21.6437,,,pencil,18.6348,50.5236,theta_cone_deg;theta_iterative_deg;rc_mm;Rc_mm,2.80,C >= 8,P in microperv; rw in mm; C dimensionless; angles in degrees,"SYNTHETIC - physics model output, not a measurement. Aperture-lens coefficient c=0.62."
SYN-00453,B_synthetic,project_physics_generator,"Generated by this project's implementation of the classical Pierce synthesis physics. Validated against Panahi et al. 2025 Table 2 over the C >= 8 envelope: MAE 0.85 deg, MRE 2.80% across 23 published cases. NOT experimental data.",,generated,,,,,train,3.2762,4.4632,18.8930,47.8282,physics_generator,,47.8282,,,pencil,19.4000,26.1760,theta_cone_deg;theta_iterative_deg;rc_mm;Rc_mm,2.80,C >= 8,P in microperv; rw in mm; C dimensionless; angles in degrees,"SYNTHETIC - physics model output, not a measurement. Aperture-lens coefficient c=0.62."
SYN-00454,B_synthetic,project_physics_generator,"Generated by this project's implementation of the classical Pierce synthesis physics. Validated against Panahi et al. 2025 Table 2 over the C >= 8 envelope: MAE 0.85 deg, MRE 2.80% across 23 published cases. NOT experimental data.",,generated,,,,,train,0.6018,2.8520,14.5655,18.5049,physics_generator,,18.5049,,,pencil,10.8848,34.2950,theta_cone_deg;theta_iterative_deg;rc_mm;Rc_mm,2.80,C >= 8,P in microperv; rw in mm; C dimensionless; angles in degrees,"SYNTHETIC - physics model output, not a measurement. Aperture-lens coefficient c=0.62."
SYN-00455,B_synthetic,project_physics_generator,"Generated by this project's implementation of the classical Pierce synthesis physics. Validated against Panahi et al. 2025 Table 2 over the C >= 8 envelope: MAE 0.85 deg, MRE 2.80% across 23 published cases. NOT experimental data.",,generated,,,,,train,1.8318,0.6995,53.8998,42.2758,physics_generator,,42.2758,,,pencil,5.1357,7.6345,theta_cone_deg;theta_iterative_deg;rc_mm;Rc_mm,2.80,C >= 8,P in microperv; rw in mm; C dimensionless; angles in degrees,"SYNTHETIC - physics model output, not a measurement. Aperture-lens coefficient c=0.62."
SYN-00456,B_synthetic,project_physics_generator,"Generated by this project's implementation of the classical Pierce synthesis physics. Validated against Panahi et al. 2025 Table 2 over the C >= 8 envelope: MAE 0.85 deg, MRE 2.80% across 23 published cases. NOT experimental data.",,generated,,,,,train,2.3127,3.9012,23.9287,41.5865,physics_generator,,41.5865,,,pencil,19.0836,28.7511,theta_cone_deg;theta_iterative_deg;rc_mm;Rc_mm,2.80,C >= 8,P in microperv; rw in mm; C dimensionless; angles in degrees,"SYNTHETIC - physics model output, not a measurement. Aperture-lens coefficient c=0.62."
SYN-00457,B_synthetic,project_physics_generator,"Generated by this project's implementation of the classical Pierce synthesis physics. Validated against Panahi et al. 2025 Table 2 over the C >= 8 envelope: MAE 0.85 deg, MRE 2.80% across 23 published cases. NOT experimental data.",,generated,,,,,train,2.8473,1.3510,8.2690,34.6712,physics_generator,,34.6712,,,pencil,3.8849,6.8292,theta_cone_deg;theta_iterative_deg;rc_mm;Rc_mm,2.80,C >= 8,P in microperv; rw in mm; C dimensionless; angles in degrees,"SYNTHETIC - physics model output, not a measurement. Aperture-lens coefficient c=0.62."
SYN-00458,B_synthetic,project_physics_generator,"Generated by this project's implementation of the classical Pierce synthesis physics. Validated against Panahi et al. 2025 Table 2 over the C >= 8 envelope: MAE 0.85 deg, MRE 2.80% across 23 published cases. NOT experimental data.",,generated,,,,,train,1.5095,4.0488,147.2374,43.4740,physics_generator,,43.4740,,,pencil,49.1283,71.4047,theta_cone_deg;theta_iterative_deg;rc_mm;Rc_mm,2.80,C >= 8,P in microperv; rw in mm; C dimensionless; angles in degrees,"SYNTHETIC - physics model output, not a measurement. Aperture-lens coefficient c=0.62."
SYN-00459,B_synthetic,project_physics_generator,"Generated by this project's implementation of the classical Pierce synthesis physics. Validated against Panahi et al. 2025 Table 2 over the C >= 8 envelope: MAE 0.85 deg, MRE 2.80% across 23 published cases. NOT experimental data.",,generated,,,,,train,1.1366,2.3962,35.7208,30.6188,physics_generator,,30.6188,,,pencil,14.3216,28.1188,theta_cone_deg;theta_iterative_deg;rc_mm;Rc_mm,2.80,C >= 8,P in microperv; rw in mm; C dimensionless; angles in degrees,"SYNTHETIC - physics model output, not a measurement. Aperture-lens coefficient c=0.62."
SYN-00460,B_synthetic,project_physics_generator,"Generated by this project's implementation of the classical Pierce synthesis physics. Validated against Panahi et al. 2025 Table 2 over the C >= 8 envelope: MAE 0.85 deg, MRE 2.80% across 23 published cases. NOT experimental data.",,generated,,,,,train,3.1974,3.1907,100.6665,65.2631,physics_generator,,65.2631,,,pencil,32.0131,35.2474,theta_cone_deg;theta_iterative_deg;rc_mm;Rc_mm,2.80,C >= 8,P in microperv; rw in mm; C dimensionless; angles in degrees,"SYNTHETIC - physics model output, not a measurement. Aperture-lens coefficient c=0.62."
SYN-00461,B_synthetic,project_physics_generator,"Generated by this project's implementation of the classical Pierce synthesis physics. Validated against Panahi et al. 2025 Table 2 over the C >= 8 envelope: MAE 0.85 deg, MRE 2.80% across 23 published cases. NOT experimental data.",,generated,,,,,train,3.1648,2.3599,13.9365,43.3908,physics_generator,,43.3908,,,pencil,8.8100,12.8245,theta_cone_deg;theta_iterative_deg;rc_mm;Rc_mm,2.80,C >= 8,P in microperv; rw in mm; C dimensionless; angles in degrees,"SYNTHETIC - physics model output, not a measurement. Aperture-lens coefficient c=0.62."
SYN-00462,B_synthetic,project_physics_generator,"Generated by this project's implementation of the classical Pierce synthesis physics. Validated against Panahi et al. 2025 Table 2 over the C >= 8 envelope: MAE 0.85 deg, MRE 2.80% across 23 published cases. NOT experimental data.",,generated,,,,,train,0.9831,3.0372,250.2238,36.3168,physics_generator,,36.3168,,,pencil,48.0435,81.1204,theta_cone_deg;theta_iterative_deg;rc_mm;Rc_mm,2.80,C >= 8,P in microperv; rw in mm; C dimensionless; angles in degrees,"SYNTHETIC - physics model output, not a measurement. Aperture-lens coefficient c=0.62."
SYN-00463,B_synthetic,project_physics_generator,"Generated by this project's implementation of the classical Pierce synthesis physics. Validated against Panahi et al. 2025 Table 2 over the C >= 8 envelope: MAE 0.85 deg, MRE 2.80% across 23 published cases. NOT experimental data.",,generated,,,,,train,1.4490,1.3772,21.0364,31.5411,physics_generator,,31.5411,,,pencil,6.3166,12.0750,theta_cone_deg;theta_iterative_deg;rc_mm;Rc_mm,2.80,C >= 8,P in microperv; rw in mm; C dimensionless; angles in degrees,"SYNTHETIC - physics model output, not a measurement. Aperture-lens coefficient c=0.62."
SYN-00464,B_synthetic,project_physics_generator,"Generated by this project's implementation of the classical Pierce synthesis physics. Validated against Panahi et al. 2025 Table 2 over the C >= 8 envelope: MAE 0.85 deg, MRE 2.80% across 23 published cases. NOT experimental data.",,generated,,,,,train,2.6686,4.2077,59.6727,53.3418,physics_generator,,53.3418,,,pencil,32.5040,40.5180,theta_cone_deg;theta_iterative_deg;rc_mm;Rc_mm,2.80,C >= 8,P in microperv; rw in mm; C dimensionless; angles in degrees,"SYNTHETIC - physics model output, not a measurement. Aperture-lens coefficient c=0.62."
SYN-00465,B_synthetic,project_physics_generator,"Generated by this project's implementation of the classical Pierce synthesis physics. Validated against Panahi et al. 2025 Table 2 over the C >= 8 envelope: MAE 0.85 deg, MRE 2.80% across 23 published cases. NOT experimental data.",,generated,,,,,train,2.3469,0.5401,137.1196,55.9251,physics_generator,,55.9251,,,pencil,6.3240,7.6349,theta_cone_deg;theta_iterative_deg;rc_mm;Rc_mm,2.80,C >= 8,P in microperv; rw in mm; C dimensionless; angles in degrees,"SYNTHETIC - physics model output, not a measurement. Aperture-lens coefficient c=0.62."
SYN-00466,B_synthetic,project_physics_generator,"Generated by this project's implementation of the classical Pierce synthesis physics. Validated against Panahi et al. 2025 Table 2 over the C >= 8 envelope: MAE 0.85 deg, MRE 2.80% across 23 published cases. NOT experimental data.",,generated,,,,,train,1.9837,3.8745,9.6980,30.4143,physics_generator,,30.4143,,,pencil,12.0659,23.8339,theta_cone_deg;theta_iterative_deg;rc_mm;Rc_mm,2.80,C >= 8,P in microperv; rw in mm; C dimensionless; angles in degrees,"SYNTHETIC - physics model output, not a measurement. Aperture-lens coefficient c=0.62."
SYN-00467,B_synthetic,project_physics_generator,"Generated by this project's implementation of the classical Pierce synthesis physics. Validated against Panahi et al. 2025 Table 2 over the C >= 8 envelope: MAE 0.85 deg, MRE 2.80% across 23 published cases. NOT experimental data.",,generated,,,,,train,0.6607,1.7145,81.0247,25.9305,physics_generator,,25.9305,,,pencil,15.4331,35.2935,theta_cone_deg;theta_iterative_deg;rc_mm;Rc_mm,2.80,C >= 8,P in microperv; rw in mm; C dimensionless; angles in degrees,"SYNTHETIC - physics model output, not a measurement. Aperture-lens coefficient c=0.62."
SYN-00468,B_synthetic,project_physics_generator,"Generated by this project's implementation of the classical Pierce synthesis physics. Validated against Panahi et al. 2025 Table 2 over the C >= 8 envelope: MAE 0.85 deg, MRE 2.80% across 23 published cases. NOT experimental data.",,generated,,,,,train,3.6993,2.8878,36.2049,59.3208,physics_generator,,59.3208,,,pencil,17.3763,20.2042,theta_cone_deg;theta_iterative_deg;rc_mm;Rc_mm,2.80,C >= 8,P in microperv; rw in mm; C dimensionless; angles in degrees,"SYNTHETIC - physics model output, not a measurement. Aperture-lens coefficient c=0.62."
SYN-00469,B_synthetic,project_physics_generator,"Generated by this project's implementation of the classical Pierce synthesis physics. Validated against Panahi et al. 2025 Table 2 over the C >= 8 envelope: MAE 0.85 deg, MRE 2.80% across 23 published cases. NOT experimental data.",,generated,,,,,train,3.4545,1.1031,104.9143,69.4161,physics_generator,,69.4161,,,pencil,11.2985,12.0690,theta_cone_deg;theta_iterative_deg;rc_mm;Rc_mm,2.80,C >= 8,P in microperv; rw in mm; C dimensionless; angles in degrees,"SYNTHETIC - physics model output, not a measurement. Aperture-lens coefficient c=0.62."
SYN-00470,B_synthetic,project_physics_generator,"Generated by this project's implementation of the classical Pierce synthesis physics. Validated against Panahi et al. 2025 Table 2 over the C >= 8 envelope: MAE 0.85 deg, MRE 2.80% across 23 published cases. NOT experimental data.",,generated,,,,,train,0.4244,4.3116,47.0383,19.2019,physics_generator,,19.2019,,,pencil,29.5707,89.9084,theta_cone_deg;theta_iterative_deg;rc_mm;Rc_mm,2.80,C >= 8,P in microperv; rw in mm; C dimensionless; angles in degrees,"SYNTHETIC - physics model output, not a measurement. Aperture-lens coefficient c=0.62."
SYN-00471,B_synthetic,project_physics_generator,"Generated by this project's implementation of the classical Pierce synthesis physics. Validated against Panahi et al. 2025 Table 2 over the C >= 8 envelope: MAE 0.85 deg, MRE 2.80% across 23 published cases. NOT experimental data.",,generated,,,,,train,1.7436,2.1515,177.3088,48.3059,physics_generator,,48.3059,,,pencil,28.6487,38.3668,theta_cone_deg;theta_iterative_deg;rc_mm;Rc_mm,2.80,C >= 8,P in microperv; rw in mm; C dimensionless; angles in degrees,"SYNTHETIC - physics model output, not a measurement. Aperture-lens coefficient c=0.62."
SYN-00472,B_synthetic,project_physics_generator,"Generated by this project's implementation of the classical Pierce synthesis physics. Validated against Panahi et al. 2025 Table 2 over the C >= 8 envelope: MAE 0.85 deg, MRE 2.80% across 23 published cases. NOT experimental data.",,generated,,,,,train,2.1117,3.4508,12.5828,33.9939,physics_generator,,33.9939,,,pencil,12.2409,21.8937,theta_cone_deg;theta_iterative_deg;rc_mm;Rc_mm,2.80,C >= 8,P in microperv; rw in mm; C dimensionless; angles in degrees,"SYNTHETIC - physics model output, not a measurement. Aperture-lens coefficient c=0.62."
SYN-00473,B_synthetic,project_physics_generator,"Generated by this project's implementation of the classical Pierce synthesis physics. Validated against Panahi et al. 2025 Table 2 over the C >= 8 envelope: MAE 0.85 deg, MRE 2.80% across 23 published cases. NOT experimental data.",,generated,,,,,train,2.4275,1.7970,25.7711,43.3625,physics_generator,,43.3625,,,pencil,9.1224,13.2861,theta_cone_deg;theta_iterative_deg;rc_mm;Rc_mm,2.80,C >= 8,P in microperv; rw in mm; C dimensionless; angles in degrees,"SYNTHETIC - physics model output, not a measurement. Aperture-lens coefficient c=0.62."
SYN-00474,B_synthetic,project_physics_generator,"Generated by this project's implementation of the classical Pierce synthesis physics. Validated against Panahi et al. 2025 Table 2 over the C >= 8 envelope: MAE 0.85 deg, MRE 2.80% across 23 published cases. NOT experimental data.",,generated,,,,,train,1.2158,2.6002,72.8244,35.2935,physics_generator,,35.2935,,,pencil,22.1895,38.4057,theta_cone_deg;theta_iterative_deg;rc_mm;Rc_mm,2.80,C >= 8,P in microperv; rw in mm; C dimensionless; angles in degrees,"SYNTHETIC - physics model output, not a measurement. Aperture-lens coefficient c=0.62."
SYN-00475,B_synthetic,project_physics_generator,"Generated by this project's implementation of the classical Pierce synthesis physics. Validated against Panahi et al. 2025 Table 2 over the C >= 8 envelope: MAE 0.85 deg, MRE 2.80% across 23 published cases. NOT experimental data.",,generated,,,,,train,0.7396,0.9401,17.0964,21.3221,physics_generator,,21.3221,,,pencil,3.8873,10.6907,theta_cone_deg;theta_iterative_deg;rc_mm;Rc_mm,2.80,C >= 8,P in microperv; rw in mm; C dimensionless; angles in degrees,"SYNTHETIC - physics model output, not a measurement. Aperture-lens coefficient c=0.62."
SYN-00476,B_synthetic,project_physics_generator,"Generated by this project's implementation of the classical Pierce synthesis physics. Validated against Panahi et al. 2025 Table 2 over the C >= 8 envelope: MAE 0.85 deg, MRE 2.80% across 23 published cases. NOT experimental data.",,generated,,,,,train,2.8960,1.9048,52.7146,54.8589,physics_generator,,54.8589,,,pencil,13.8295,16.9119,theta_cone_deg;theta_iterative_deg;rc_mm;Rc_mm,2.80,C >= 8,P in microperv; rw in mm; C dimensionless; angles in degrees,"SYNTHETIC - physics model output, not a measurement. Aperture-lens coefficient c=0.62."
SYN-00477,B_synthetic,project_physics_generator,"Generated by this project's implementation of the classical Pierce synthesis physics. Validated against Panahi et al. 2025 Table 2 over the C >= 8 envelope: MAE 0.85 deg, MRE 2.80% across 23 published cases. NOT experimental data.",,generated,,,,,train,0.8269,2.6963,23.4738,24.0933,physics_generator,,24.0933,,,pencil,13.0635,32.0007,theta_cone_deg;theta_iterative_deg;rc_mm;Rc_mm,2.80,C >= 8,P in microperv; rw in mm; C dimensionless; angles in degrees,"SYNTHETIC - physics model output, not a measurement. Aperture-lens coefficient c=0.62."
SYN-00478,B_synthetic,project_physics_generator,"Generated by this project's implementation of the classical Pierce synthesis physics. Validated against Panahi et al. 2025 Table 2 over the C >= 8 envelope: MAE 0.85 deg, MRE 2.80% across 23 published cases. NOT experimental data.",,generated,,,,,train,1.1799,0.8563,224.0821,39.6995,physics_generator,,39.6995,,,pencil,12.8178,20.0666,theta_cone_deg;theta_iterative_deg;rc_mm;Rc_mm,2.80,C >= 8,P in microperv; rw in mm; C dimensionless; angles in degrees,"SYNTHETIC - physics model output, not a measurement. Aperture-lens coefficient c=0.62."
SYN-00479,B_synthetic,project_physics_generator,"Generated by this project's implementation of the classical Pierce synthesis physics. Validated against Panahi et al. 2025 Table 2 over the C >= 8 envelope: MAE 0.85 deg, MRE 2.80% across 23 published cases. NOT experimental data.",,generated,,,,,train,2.5127,3.5570,15.7891,39.5763,physics_generator,,39.5763,,,pencil,14.1338,22.1844,theta_cone_deg;theta_iterative_deg;rc_mm;Rc_mm,2.80,C >= 8,P in microperv; rw in mm; C dimensionless; angles in degrees,"SYNTHETIC - physics model output, not a measurement. Aperture-lens coefficient c=0.62."
SYN-00480,B_synthetic,project_physics_generator,"Generated by this project's implementation of the classical Pierce synthesis physics. Validated against Panahi et al. 2025 Table 2 over the C >= 8 envelope: MAE 0.85 deg, MRE 2.80% across 23 published cases. NOT experimental data.",,generated,,,,,train,2.1974,1.1952,32.5691,42.9467,physics_generator,,42.9467,,,pencil,6.8211,10.0116,theta_cone_deg;theta_iterative_deg;rc_mm;Rc_mm,2.80,C >= 8,P in microperv; rw in mm; C dimensionless; angles in degrees,"SYNTHETIC - physics model output, not a measurement. Aperture-lens coefficient c=0.62."
SYN-00481,B_synthetic,project_physics_generator,"Generated by this project's implementation of the classical Pierce synthesis physics. Validated against Panahi et al. 2025 Table 2 over the C >= 8 envelope: MAE 0.85 deg, MRE 2.80% across 23 published cases. NOT experimental data.",,generated,,,,,train,1.7082,4.3920,91.3824,43.8787,physics_generator,,43.8787,,,pencil,41.9851,60.5729,theta_cone_deg;theta_iterative_deg;rc_mm;Rc_mm,2.80,C >= 8,P in microperv; rw in mm; C dimensionless; angles in degrees,"SYNTHETIC - physics model output, not a measurement. Aperture-lens coefficient c=0.62."
SYN-00482,B_synthetic,project_physics_generator,"Generated by this project's implementation of the classical Pierce synthesis physics. Validated against Panahi et al. 2025 Table 2 over the C >= 8 envelope: MAE 0.85 deg, MRE 2.80% across 23 published cases. NOT experimental data.",,generated,,,,,train,0.5115,2.0520,8.5902,14.6435,physics_generator,,14.6435,,,pencil,6.0143,23.7903,theta_cone_deg;theta_iterative_deg;rc_mm;Rc_mm,2.80,C >= 8,P in microperv; rw in mm; C dimensionless; angles in degrees,"SYNTHETIC - physics model output, not a measurement. Aperture-lens coefficient c=0.62."
SYN-00483,B_synthetic,project_physics_generator,"Generated by this project's implementation of the classical Pierce synthesis physics. Validated against Panahi et al. 2025 Table 2 over the C >= 8 envelope: MAE 0.85 deg, MRE 2.80% across 23 published cases. NOT experimental data.",,generated,,,,,train,3.6107,0.6322,11.1074,43.5828,physics_generator,,43.5828,,,pencil,2.1070,3.0563,theta_cone_deg;theta_iterative_deg;rc_mm;Rc_mm,2.80,C >= 8,P in microperv; rw in mm; C dimensionless; angles in degrees,"SYNTHETIC - physics model output, not a measurement. Aperture-lens coefficient c=0.62."
SYN-00484,B_synthetic,project_physics_generator,"Generated by this project's implementation of the classical Pierce synthesis physics. Validated against Panahi et al. 2025 Table 2 over the C >= 8 envelope: MAE 0.85 deg, MRE 2.80% across 23 published cases. NOT experimental data.",,generated,,,,,train,0.6933,3.9550,197.9765,29.4062,physics_generator,,29.4062,,,pencil,55.6480,113.3363,theta_cone_deg;theta_iterative_deg;rc_mm;Rc_mm,2.80,C >= 8,P in microperv; rw in mm; C dimensionless; angles in degrees,"SYNTHETIC - physics model output, not a measurement. Aperture-lens coefficient c=0.62."
SYN-00485,B_synthetic,project_physics_generator,"Generated by this project's implementation of the classical Pierce synthesis physics. Validated against Panahi et al. 2025 Table 2 over the C >= 8 envelope: MAE 0.85 deg, MRE 2.80% across 23 published cases. NOT experimental data.",,generated,,,,,train,1.8996,1.6151,42.1696,41.4654,physics_generator,,41.4654,,,pencil,10.4878,15.8386,theta_cone_deg;theta_iterative_deg;rc_mm;Rc_mm,2.80,C >= 8,P in microperv; rw in mm; C dimensionless; angles in degrees,"SYNTHETIC - physics model output, not a measurement. Aperture-lens coefficient c=0.62."
SYN-00486,B_synthetic,project_physics_generator,"Generated by this project's implementation of the classical Pierce synthesis physics. Validated against Panahi et al. 2025 Table 2 over the C >= 8 envelope: MAE 0.85 deg, MRE 2.80% across 23 published cases. NOT experimental data.",,generated,,,,,train,2.3807,2.7845,118.7196,55.2963,physics_generator,,55.2963,,,pencil,30.3391,36.9041,theta_cone_deg;theta_iterative_deg;rc_mm;Rc_mm,2.80,C >= 8,P in microperv; rw in mm; C dimensionless; angles in degrees,"SYNTHETIC - physics model output, not a measurement. Aperture-lens coefficient c=0.62."
SYN-00487,B_synthetic,project_physics_generator,"Generated by this project's implementation of the classical Pierce synthesis physics. Validated against Panahi et al. 2025 Table 2 over the C >= 8 envelope: MAE 0.85 deg, MRE 2.80% across 23 published cases. NOT experimental data.",,generated,,,,,train,2.7030,2.4677,274.8733,67.7299,physics_generator,,67.7299,,,pencil,40.9134,44.2112,theta_cone_deg;theta_iterative_deg;rc_mm;Rc_mm,2.80,C >= 8,P in microperv; rw in mm; C dimensionless; angles in degrees,"SYNTHETIC - physics model output, not a measurement. Aperture-lens coefficient c=0.62."
SYN-00488,B_synthetic,project_physics_generator,"Generated by this project's implementation of the classical Pierce synthesis physics. Validated against Panahi et al. 2025 Table 2 over the C >= 8 envelope: MAE 0.85 deg, MRE 2.80% across 23 published cases. NOT experimental data.",,generated,,,,,train,1.3654,3.1333,19.2939,30.0234,physics_generator,,30.0234,,,pencil,13.7628,27.5061,theta_cone_deg;theta_iterative_deg;rc_mm;Rc_mm,2.80,C >= 8,P in microperv; rw in mm; C dimensionless; angles in degrees,"SYNTHETIC - physics model output, not a measurement. Aperture-lens coefficient c=0.62."
SYN-00489,B_synthetic,project_physics_generator,"Generated by this project's implementation of the classical Pierce synthesis physics. Validated against Panahi et al. 2025 Table 2 over the C >= 8 envelope: MAE 0.85 deg, MRE 2.80% across 23 published cases. NOT experimental data.",,generated,,,,,train,1.0153,1.2933,64.5758,31.5351,physics_generator,,31.5351,,,pencil,10.3930,19.8712,theta_cone_deg;theta_iterative_deg;rc_mm;Rc_mm,2.80,C >= 8,P in microperv; rw in mm; C dimensionless; angles in degrees,"SYNTHETIC - physics model output, not a measurement. Aperture-lens coefficient c=0.62."
SYN-00490,B_synthetic,project_physics_generator,"Generated by this project's implementation of the classical Pierce synthesis physics. Validated against Panahi et al. 2025 Table 2 over the C >= 8 envelope: MAE 0.85 deg, MRE 2.80% across 23 published cases. NOT experimental data.",,generated,,,,,train,3.0759,4.1200,28.6457,50.6332,physics_generator,,50.6332,,,pencil,22.0508,28.5224,theta_cone_deg;theta_iterative_deg;rc_mm;Rc_mm,2.80,C >= 8,P in microperv; rw in mm; C dimensionless; angles in degrees,"SYNTHETIC - physics model output, not a measurement. Aperture-lens coefficient c=0.62."
SYN-00491,B_synthetic,project_physics_generator,"Generated by this project's implementation of the classical Pierce synthesis physics. Validated against Panahi et al. 2025 Table 2 over the C >= 8 envelope: MAE 0.85 deg, MRE 2.80% across 23 published cases. NOT experimental data.",,generated,,,,,train,3.2295,1.4463,164.3067,71.4020,physics_generator,,71.4020,,,pencil,18.5393,19.5608,theta_cone_deg;theta_iterative_deg;rc_mm;Rc_mm,2.80,C >= 8,P in microperv; rw in mm; C dimensionless; angles in degrees,"SYNTHETIC - physics model output, not a measurement. Aperture-lens coefficient c=0.62."
SYN-00492,B_synthetic,project_physics_generator,"Generated by this project's implementation of the classical Pierce synthesis physics. Validated against Panahi et al. 2025 Table 2 over the C >= 8 envelope: MAE 0.85 deg, MRE 2.80% across 23 published cases. NOT experimental data.",,generated,,,,,train,1.0475,4.1558,11.6090,23.1349,physics_generator,,23.1349,,,pencil,14.1597,36.0391,theta_cone_deg;theta_iterative_deg;rc_mm;Rc_mm,2.80,C >= 8,P in microperv; rw in mm; C dimensionless; angles in degrees,"SYNTHETIC - physics model output, not a measurement. Aperture-lens coefficient c=0.62."
SYN-00493,B_synthetic,project_physics_generator,"Generated by this project's implementation of the classical Pierce synthesis physics. Validated against Panahi et al. 2025 Table 2 over the C >= 8 envelope: MAE 0.85 deg, MRE 2.80% across 23 published cases. NOT experimental data.",,generated,,,,,train,1.5437,2.3082,107.2368,42.3303,physics_generator,,42.3303,,,pencil,23.9030,35.4958,theta_cone_deg;theta_iterative_deg;rc_mm;Rc_mm,2.80,C >= 8,P in microperv; rw in mm; C dimensionless; angles in degrees,"SYNTHETIC - physics model output, not a measurement. Aperture-lens coefficient c=0.62."
SYN-00494,B_synthetic,project_physics_generator,"Generated by this project's implementation of the classical Pierce synthesis physics. Validated against Panahi et al. 2025 Table 2 over the C >= 8 envelope: MAE 0.85 deg, MRE 2.80% across 23 published cases. NOT experimental data.",,generated,,,,,train,2.7636,3.1066,47.9660,52.4685,physics_generator,,52.4685,,,pencil,21.5155,27.1311,theta_cone_deg;theta_iterative_deg;rc_mm;Rc_mm,2.80,C >= 8,P in microperv; rw in mm; C dimensionless; angles in degrees,"SYNTHETIC - physics model output, not a measurement. Aperture-lens coefficient c=0.62."
SYN-00495,B_synthetic,project_physics_generator,"Generated by this project's implementation of the classical Pierce synthesis physics. Validated against Panahi et al. 2025 Table 2 over the C >= 8 envelope: MAE 0.85 deg, MRE 2.80% across 23 published cases. NOT experimental data.",,generated,,,,,train,2.2288,1.6412,16.4516,37.4918,physics_generator,,37.4918,,,pencil,6.6569,10.9371,theta_cone_deg;theta_iterative_deg;rc_mm;Rc_mm,2.80,C >= 8,P in microperv; rw in mm; C dimensionless; angles in degrees,"SYNTHETIC - physics model output, not a measurement. Aperture-lens coefficient c=0.62."
SYN-00496,B_synthetic,project_physics_generator,"Generated by this project's implementation of the classical Pierce synthesis physics. Validated against Panahi et al. 2025 Table 2 over the C >= 8 envelope: MAE 0.85 deg, MRE 2.80% across 23 published cases. NOT experimental data.",,generated,,,,,train,1.8657,2.9435,295.1478,53.4068,physics_generator,,53.4068,,,pencil,50.5685,62.9833,theta_cone_deg;theta_iterative_deg;rc_mm;Rc_mm,2.80,C >= 8,P in microperv; rw in mm; C dimensionless; angles in degrees,"SYNTHETIC - physics model output, not a measurement. Aperture-lens coefficient c=0.62."
SYN-00497,B_synthetic,project_physics_generator,"Generated by this project's implementation of the classical Pierce synthesis physics. Validated against Panahi et al. 2025 Table 2 over the C >= 8 envelope: MAE 0.85 deg, MRE 2.80% across 23 published cases. NOT experimental data.",,generated,,,,,train,0.5133,0.5959,28.2618,19.5239,physics_generator,,19.5239,,,pencil,3.1679,9.4789,theta_cone_deg;theta_iterative_deg;rc_mm;Rc_mm,2.80,C >= 8,P in microperv; rw in mm; C dimensionless; angles in degrees,"SYNTHETIC - physics model output, not a measurement. Aperture-lens coefficient c=0.62."
SYN-00498,B_synthetic,project_physics_generator,"Generated by this project's implementation of the classical Pierce synthesis physics. Validated against Panahi et al. 2025 Table 2 over the C >= 8 envelope: MAE 0.85 deg, MRE 2.80% across 23 published cases. NOT experimental data.",,generated,,,,,train,3.5517,3.8015,80.2319,67.4225,physics_generator,,67.4225,,,pencil,34.0507,36.8769,theta_cone_deg;theta_iterative_deg;rc_mm;Rc_mm,2.80,C >= 8,P in microperv; rw in mm; C dimensionless; angles in degrees,"SYNTHETIC - physics model output, not a measurement. Aperture-lens coefficient c=0.62."
SYN-00499,B_synthetic,project_physics_generator,"Generated by this project's implementation of the classical Pierce synthesis physics. Validated against Panahi et al. 2025 Table 2 over the C >= 8 envelope: MAE 0.85 deg, MRE 2.80% across 23 published cases. NOT experimental data.",,generated,,,,,train,3.3631,2.2032,21.8215,50.2206,physics_generator,,50.2206,,,pencil,10.2920,13.3921,theta_cone_deg;theta_iterative_deg;rc_mm;Rc_mm,2.80,C >= 8,P in microperv; rw in mm; C dimensionless; angles in degrees,"SYNTHETIC - physics model output, not a measurement. Aperture-lens coefficient c=0.62."
SYN-00500,B_synthetic,project_physics_generator,"Generated by this project's implementation of the classical Pierce synthesis physics. Validated against Panahi et al. 2025 Table 2 over the C >= 8 envelope: MAE 0.85 deg, MRE 2.80% across 23 published cases. NOT experimental data.",,generated,,,,,train,0.3328,3.3814,61.7121,17.6095,physics_generator,,17.6095,,,pencil,26.5634,87.8049,theta_cone_deg;theta_iterative_deg;rc_mm;Rc_mm,2.80,C >= 8,P in microperv; rw in mm; C dimensionless; angles in degrees,"SYNTHETIC - physics model output, not a measurement. Aperture-lens coefficient c=0.62."
SYN-00501,B_synthetic,project_physics_generator,"Generated by this project's implementation of the classical Pierce synthesis physics. Validated against Panahi et al. 2025 Table 2 over the C >= 8 envelope: MAE 0.85 deg, MRE 2.80% across 23 published cases. NOT experimental data.",,generated,,,,,train,1.6757,1.0339,12.7312,30.2239,physics_generator,,30.2239,,,pencil,3.6891,7.3287,theta_cone_deg;theta_iterative_deg;rc_mm;Rc_mm,2.80,C >= 8,P in microperv; rw in mm; C dimensionless; angles in degrees,"SYNTHETIC - physics model output, not a measurement. Aperture-lens coefficient c=0.62."
SYN-00502,B_synthetic,project_physics_generator,"Generated by this project's implementation of the classical Pierce synthesis physics. Validated against Panahi et al. 2025 Table 2 over the C >= 8 envelope: MAE 0.85 deg, MRE 2.80% across 23 published cases. NOT experimental data.",,generated,,,,,train,2.0439,4.3635,227.5311,54.8014,physics_generator,,54.8014,,,pencil,65.8196,80.5470,theta_cone_deg;theta_iterative_deg;rc_mm;Rc_mm,2.80,C >= 8,P in microperv; rw in mm; C dimensionless; angles in degrees,"SYNTHETIC - physics model output, not a measurement. Aperture-lens coefficient c=0.62."
SYN-00503,B_synthetic,project_physics_generator,"Generated by this project's implementation of the classical Pierce synthesis physics. Validated against Panahi et al. 2025 Table 2 over the C >= 8 envelope: MAE 0.85 deg, MRE 2.80% across 23 published cases. NOT experimental data.",,generated,,,,,train,2.5716,0.8843,87.5941,55.4480,physics_generator,,55.4480,,,pencil,8.2763,10.0488,theta_cone_deg;theta_iterative_deg;rc_mm;Rc_mm,2.80,C >= 8,P in microperv; rw in mm; C dimensionless; angles in degrees,"SYNTHETIC - physics model output, not a measurement. Aperture-lens coefficient c=0.62."
SYN-00504,B_synthetic,project_physics_generator,"Generated by this project's implementation of the classical Pierce synthesis physics. Validated against Panahi et al. 2025 Table 2 over the C >= 8 envelope: MAE 0.85 deg, MRE 2.80% across 23 published cases. NOT experimental data.",,generated,,,,,train,1.3602,3.7178,39.3126,34.2068,physics_generator,,34.2068,,,pencil,23.3104,41.4641,theta_cone_deg;theta_iterative_deg;rc_mm;Rc_mm,2.80,C >= 8,P in microperv; rw in mm; C dimensionless; angles in degrees,"SYNTHETIC - physics model output, not a measurement. Aperture-lens coefficient c=0.62."
SYN-00505,B_synthetic,project_physics_generator,"Generated by this project's implementation of the classical Pierce synthesis physics. Validated against Panahi et al. 2025 Table 2 over the C >= 8 envelope: MAE 0.85 deg, MRE 2.80% across 23 published cases. NOT experimental data.",,generated,,,,,train,0.8611,1.8703,133.9085,31.6329,physics_generator,,31.6329,,,pencil,21.6428,41.2657,theta_cone_deg;theta_iterative_deg;rc_mm;Rc_mm,2.80,C >= 8,P in microperv; rw in mm; C dimensionless; angles in degrees,"SYNTHETIC - physics model output, not a measurement. Aperture-lens coefficient c=0.62."
SYN-00506,B_synthetic,project_physics_generator,"Generated by this project's implementation of the classical Pierce synthesis physics. Validated against Panahi et al. 2025 Table 2 over the C >= 8 envelope: MAE 0.85 deg, MRE 2.80% across 23 published cases. NOT experimental data.",,generated,,,,,train,3.0479,2.5446,9.4933,37.7917,physics_generator,,37.7917,,,pencil,7.8402,12.7942,theta_cone_deg;theta_iterative_deg;rc_mm;Rc_mm,2.80,C >= 8,P in microperv; rw in mm; C dimensionless; angles in degrees,"SYNTHETIC - physics model output, not a measurement. Aperture-lens coefficient c=0.62."
SYN-00507,B_synthetic,project_physics_generator,"Generated by this project's implementation of the classical Pierce synthesis physics. Validated against Panahi et al. 2025 Table 2 over the C >= 8 envelope: MAE 0.85 deg, MRE 2.80% across 23 published cases. NOT experimental data.",,generated,,,,,train,3.0456,0.8793,181.1649,69.4303,physics_generator,,69.4303,,,pencil,11.8348,12.6407,theta_cone_deg;theta_iterative_deg;rc_mm;Rc_mm,2.80,C >= 8,P in microperv; rw in mm; C dimensionless; angles in degrees,"SYNTHETIC - physics model output, not a measurement. Aperture-lens coefficient c=0.62."
SYN-00508,B_synthetic,project_physics_generator,"Generated by this project's implementation of the classical Pierce synthesis physics. Validated against Panahi et al. 2025 Table 2 over the C >= 8 envelope: MAE 0.85 deg, MRE 2.80% across 23 published cases. NOT experimental data.",,generated,,,,,train,0.8630,3.7060,10.2113,20.1868,physics_generator,,20.1868,,,pencil,11.8424,34.3176,theta_cone_deg;theta_iterative_deg;rc_mm;Rc_mm,2.80,C >= 8,P in microperv; rw in mm; C dimensionless; angles in degrees,"SYNTHETIC - physics model output, not a measurement. Aperture-lens coefficient c=0.62."
SYN-00509,B_synthetic,project_physics_generator,"Generated by this project's implementation of the classical Pierce synthesis physics. Validated against Panahi et al. 2025 Table 2 over the C >= 8 envelope: MAE 0.85 deg, MRE 2.80% across 23 published cases. NOT experimental data.",,generated,,,,,train,1.3567,1.8660,122.0363,40.0327,physics_generator,,40.0327,,,pencil,20.6138,32.0476,theta_cone_deg;theta_iterative_deg;rc_mm;Rc_mm,2.80,C >= 8,P in microperv; rw in mm; C dimensionless; angles in degrees,"SYNTHETIC - physics model output, not a measurement. Aperture-lens coefficient c=0.62."
SYN-00510,B_synthetic,project_physics_generator,"Generated by this project's implementation of the classical Pierce synthesis physics. Validated against Panahi et al. 2025 Table 2 over the C >= 8 envelope: MAE 0.85 deg, MRE 2.80% across 23 published cases. NOT experimental data.",,generated,,,,,train,2.5755,2.5316,43.4597,49.4827,physics_generator,,49.4827,,,pencil,16.6890,21.9532,theta_cone_deg;theta_iterative_deg;rc_mm;Rc_mm,2.80,C >= 8,P in microperv; rw in mm; C dimensionless; angles in degrees,"SYNTHETIC - physics model output, not a measurement. Aperture-lens coefficient c=0.62."
SYN-00511,B_synthetic,project_physics_generator,"Generated by this project's implementation of the classical Pierce synthesis physics. Validated against Panahi et al. 2025 Table 2 over the C >= 8 envelope: MAE 0.85 deg, MRE 2.80% across 23 published cases. NOT experimental data.",,generated,,,,,train,2.0408,2.2167,18.7727,36.8884,physics_generator,,36.8884,,,pencil,9.6046,16.0008,theta_cone_deg;theta_iterative_deg;rc_mm;Rc_mm,2.80,C >= 8,P in microperv; rw in mm; C dimensionless; angles in degrees,"SYNTHETIC - physics model output, not a measurement. Aperture-lens coefficient c=0.62."
SYN-00512,B_synthetic,project_physics_generator,"Generated by this project's implementation of the classical Pierce synthesis physics. Validated against Panahi et al. 2025 Table 2 over the C >= 8 envelope: MAE 0.85 deg, MRE 2.80% across 23 published cases. NOT experimental data.",,generated,,,,,train,1.6784,3.3862,266.6978,49.5172,physics_generator,,49.5172,,,pencil,55.2996,72.7052,theta_cone_deg;theta_iterative_deg;rc_mm;Rc_mm,2.80,C >= 8,P in microperv; rw in mm; C dimensionless; angles in degrees,"SYNTHETIC - physics model output, not a measurement. Aperture-lens coefficient c=0.62."
SYN-00513,B_synthetic,project_physics_generator,"Generated by this project's implementation of the classical Pierce synthesis physics. Validated against Panahi et al. 2025 Table 2 over the C >= 8 envelope: MAE 0.85 deg, MRE 2.80% across 23 published cases. NOT experimental data.",,generated,,,,,train,0.3285,1.0462,31.3021,15.8339,physics_generator,,15.8339,,,pencil,5.8535,21.4533,theta_cone_deg;theta_iterative_deg;rc_mm;Rc_mm,2.80,C >= 8,P in microperv; rw in mm; C dimensionless; angles in degrees,"SYNTHETIC - physics model output, not a measurement. Aperture-lens coefficient c=0.62."
SYN-00514,B_synthetic,project_physics_generator,"Generated by this project's implementation of the classical Pierce synthesis physics. Validated against Panahi et al. 2025 Table 2 over the C >= 8 envelope: MAE 0.85 deg, MRE 2.80% across 23 published cases. NOT experimental data.",,generated,,,,,train,3.3679,4.3690,70.2545,63.4773,physics_generator,,63.4773,,,pencil,36.6201,40.9274,theta_cone_deg;theta_iterative_deg;rc_mm;Rc_mm,2.80,C >= 8,P in microperv; rw in mm; C dimensionless; angles in degrees,"SYNTHETIC - physics model output, not a measurement. Aperture-lens coefficient c=0.62."
SYN-00515,B_synthetic,project_physics_generator,"Generated by this project's implementation of the classical Pierce synthesis physics. Validated against Panahi et al. 2025 Table 2 over the C >= 8 envelope: MAE 0.85 deg, MRE 2.80% across 23 published cases. NOT experimental data.",,generated,,,,,train,3.5478,1.6538,24.1256,52.9921,physics_generator,,52.9921,,,pencil,8.1231,10.1723,theta_cone_deg;theta_iterative_deg;rc_mm;Rc_mm,2.80,C >= 8,P in microperv; rw in mm; C dimensionless; angles in degrees,"SYNTHETIC - physics model output, not a measurement. Aperture-lens coefficient c=0.62."
SYN-00516,B_synthetic,project_physics_generator,"Generated by this project's implementation of the classical Pierce synthesis physics. Validated against Panahi et al. 2025 Table 2 over the C >= 8 envelope: MAE 0.85 deg, MRE 2.80% across 23 published cases. NOT experimental data.",,generated,,,,,train,0.5169,2.9492,54.3306,21.6744,physics_generator,,21.6744,,,pencil,21.7383,58.8586,theta_cone_deg;theta_iterative_deg;rc_mm;Rc_mm,2.80,C >= 8,P in microperv; rw in mm; C dimensionless; angles in degrees,"SYNTHETIC - physics model output, not a measurement. Aperture-lens coefficient c=0.62."
SYN-00517,B_synthetic,project_physics_generator,"Generated by this project's implementation of the classical Pierce synthesis physics. Validated against Panahi et al. 2025 Table 2 over the C >= 8 envelope: MAE 0.85 deg, MRE 2.80% across 23 published cases. NOT experimental data.",,generated,,,,,train,1.8639,0.6092,14.4491,33.0296,physics_generator,,33.0296,,,pencil,2.3157,4.2485,theta_cone_deg;theta_iterative_deg;rc_mm;Rc_mm,2.80,C >= 8,P in microperv; rw in mm; C dimensionless; angles in degrees,"SYNTHETIC - physics model output, not a measurement. Aperture-lens coefficient c=0.62."
SYN-00518,B_synthetic,project_physics_generator,"Generated by this project's implementation of the classical Pierce synthesis physics. Validated against Panahi et al. 2025 Table 2 over the C >= 8 envelope: MAE 0.85 deg, MRE 2.80% across 23 published cases. NOT experimental data.",,generated,,,,,train,2.2310,3.8060,205.9693,57.1909,physics_generator,,57.1909,,,pencil,54.6219,64.9890,theta_cone_deg;theta_iterative_deg;rc_mm;Rc_mm,2.80,C >= 8,P in microperv; rw in mm; C dimensionless; angles in degrees,"SYNTHETIC - physics model output, not a measurement. Aperture-lens coefficient c=0.62."
SYN-00519,B_synthetic,project_physics_generator,"Generated by this project's implementation of the classical Pierce synthesis physics. Validated against Panahi et al. 2025 Table 2 over the C >= 8 envelope: MAE 0.85 deg, MRE 2.80% across 23 published cases. NOT experimental data.",,generated,,,,,train,2.7588,1.4423,99.8624,59.1268,physics_generator,,59.1268,,,pencil,14.4132,16.7926,theta_cone_deg;theta_iterative_deg;rc_mm;Rc_mm,2.80,C >= 8,P in microperv; rw in mm; C dimensionless; angles in degrees,"SYNTHETIC - physics model output, not a measurement. Aperture-lens coefficient c=0.62."
SYN-00520,B_synthetic,project_physics_generator,"Generated by this project's implementation of the classical Pierce synthesis physics. Validated against Panahi et al. 2025 Table 2 over the C >= 8 envelope: MAE 0.85 deg, MRE 2.80% across 23 published cases. NOT experimental data.",,generated,,,,,train,1.5481,4.1430,35.4273,36.0258,physics_generator,,36.0258,,,pencil,24.6593,41.9270,theta_cone_deg;theta_iterative_deg;rc_mm;Rc_mm,2.80,C >= 8,P in microperv; rw in mm; C dimensionless; angles in degrees,"SYNTHETIC - physics model output, not a measurement. Aperture-lens coefficient c=0.62."
SYN-00521,B_synthetic,project_physics_generator,"Generated by this project's implementation of the classical Pierce synthesis physics. Validated against Panahi et al. 2025 Table 2 over the C >= 8 envelope: MAE 0.85 deg, MRE 2.80% across 23 published cases. NOT experimental data.",,generated,,,,,train,1.0448,2.3030,148.4480,35.5038,physics_generator,,35.5038,,,pencil,28.0596,48.3156,theta_cone_deg;theta_iterative_deg;rc_mm;Rc_mm,2.80,C >= 8,P in microperv; rw in mm; C dimensionless; angles in degrees,"SYNTHETIC - physics model output, not a measurement. Aperture-lens coefficient c=0.62."
SYN-00522,B_synthetic,project_physics_generator,"Generated by this project's implementation of the classical Pierce synthesis physics. Validated against Panahi et al. 2025 Table 2 over the C >= 8 envelope: MAE 0.85 deg, MRE 2.80% across 23 published cases. NOT experimental data.",,generated,,,,,train,3.2326,3.0945,8.3352,37.1668,physics_generator,,37.1668,,,pencil,8.9341,14.7881,theta_cone_deg;theta_iterative_deg;rc_mm;Rc_mm,2.80,C >= 8,P in microperv; rw in mm; C dimensionless; angles in degrees,"SYNTHETIC - physics model output, not a measurement. Aperture-lens coefficient c=0.62."
SYN-00523,B_synthetic,project_physics_generator,"Generated by this project's implementation of the classical Pierce synthesis physics. Validated against Panahi et al. 2025 Table 2 over the C >= 8 envelope: MAE 0.85 deg, MRE 2.80% across 23 published cases. NOT experimental data.",,generated,,,,,train,3.0807,2.4561,60.0454,58.2969,physics_generator,,58.2969,,,pencil,19.0323,22.3703,theta_cone_deg;theta_iterative_deg;rc_mm;Rc_mm,2.80,C >= 8,P in microperv; rw in mm; C dimensionless; angles in degrees,"SYNTHETIC - physics model output, not a measurement. Aperture-lens coefficient c=0.62."
SYN-00524,B_synthetic,project_physics_generator,"Generated by this project's implementation of the classical Pierce synthesis physics. Validated against Panahi et al. 2025 Table 2 over the C >= 8 envelope: MAE 0.85 deg, MRE 2.80% across 23 published cases. NOT experimental data.",,generated,,,,,train,1.0109,3.1305,21.1723,26.1869,physics_generator,,26.1869,,,pencil,14.4043,32.6405,theta_cone_deg;theta_iterative_deg;rc_mm;Rc_mm,2.80,C >= 8,P in microperv; rw in mm; C dimensionless; angles in degrees,"SYNTHETIC - physics model output, not a measurement. Aperture-lens coefficient c=0.62."
SYN-00525,B_synthetic,project_physics_generator,"Generated by this project's implementation of the classical Pierce synthesis physics. Validated against Panahi et al. 2025 Table 2 over the C >= 8 envelope: MAE 0.85 deg, MRE 2.80% across 23 published cases. NOT experimental data.",,generated,,,,,train,1.3681,1.2829,248.6291,43.6262,physics_generator,,43.6262,,,pencil,20.2293,29.3199,theta_cone_deg;theta_iterative_deg;rc_mm;Rc_mm,2.80,C >= 8,P in microperv; rw in mm; C dimensionless; angles in degrees,"SYNTHETIC - physics model output, not a measurement. Aperture-lens coefficient c=0.62."
SYN-00526,B_synthetic,project_physics_generator,"Generated by this project's implementation of the classical Pierce synthesis physics. Validated against Panahi et al. 2025 Table 2 over the C >= 8 envelope: MAE 0.85 deg, MRE 2.80% across 23 published cases. NOT experimental data.",,generated,,,,,train,2.6999,4.1164,13.8509,39.7558,physics_generator,,39.7558,,,pencil,15.3201,23.9557,theta_cone_deg;theta_iterative_deg;rc_mm;Rc_mm,2.80,C >= 8,P in microperv; rw in mm; C dimensionless; angles in degrees,"SYNTHETIC - physics model output, not a measurement. Aperture-lens coefficient c=0.62."
SYN-00527,B_synthetic,project_physics_generator,"Generated by this project's implementation of the classical Pierce synthesis physics. Validated against Panahi et al. 2025 Table 2 over the C >= 8 envelope: MAE 0.85 deg, MRE 2.80% across 23 published cases. NOT experimental data.",,generated,,,,,train,2.3847,0.6353,35.9745,45.7798,physics_generator,,45.7798,,,pencil,3.8102,5.3166,theta_cone_deg;theta_iterative_deg;rc_mm;Rc_mm,2.80,C >= 8,P in microperv; rw in mm; C dimensionless; angles in degrees,"SYNTHETIC - physics model output, not a measurement. Aperture-lens coefficient c=0.62."
SYN-00528,B_synthetic,project_physics_generator,"Generated by this project's implementation of the classical Pierce synthesis physics. Validated against Panahi et al. 2025 Table 2 over the C >= 8 envelope: MAE 0.85 deg, MRE 2.80% across 23 published cases. NOT experimental data.",,generated,,,,,train,1.8961,3.9649,80.5267,45.7473,physics_generator,,45.7473,,,pencil,35.5794,49.6732,theta_cone_deg;theta_iterative_deg;rc_mm;Rc_mm,2.80,C >= 8,P in microperv; rw in mm; C dimensionless; angles in degrees,"SYNTHETIC - physics model output, not a measurement. Aperture-lens coefficient c=0.62."
SYN-00529,B_synthetic,project_physics_generator,"Generated by this project's implementation of the classical Pierce synthesis physics. Validated against Panahi et al. 2025 Table 2 over the C >= 8 envelope: MAE 0.85 deg, MRE 2.80% across 23 published cases. NOT experimental data.",,generated,,,,,train,0.6952,1.6174,9.7584,17.8375,physics_generator,,17.8375,,,pencil,5.0524,16.4938,theta_cone_deg;theta_iterative_deg;rc_mm;Rc_mm,2.80,C >= 8,P in microperv; rw in mm; C dimensionless; angles in degrees,"SYNTHETIC - physics model output, not a measurement. Aperture-lens coefficient c=0.62."
SYN-00530,B_synthetic,project_physics_generator,"Generated by this project's implementation of the classical Pierce synthesis physics. Validated against Panahi et al. 2025 Table 2 over the C >= 8 envelope: MAE 0.85 deg, MRE 2.80% across 23 published cases. NOT experimental data.",,generated,,,,,train,3.4268,1.1973,12.6862,44.1174,physics_generator,,44.1174,,,pencil,4.2646,6.1261,theta_cone_deg;theta_iterative_deg;rc_mm;Rc_mm,2.80,C >= 8,P in microperv; rw in mm; C dimensionless; angles in degrees,"SYNTHETIC - physics model output, not a measurement. Aperture-lens coefficient c=0.62."
SYN-00531,B_synthetic,project_physics_generator,"Generated by this project's implementation of the classical Pierce synthesis physics. Validated against Panahi et al. 2025 Table 2 over the C >= 8 envelope: MAE 0.85 deg, MRE 2.80% across 23 published cases. NOT experimental data.",,generated,,,,,train,0.5088,4.4029,178.7270,24.7477,physics_generator,,24.7477,,,pencil,58.8614,140.6071,theta_cone_deg;theta_iterative_deg;rc_mm;Rc_mm,2.80,C >= 8,P in microperv; rw in mm; C dimensionless; angles in degrees,"SYNTHETIC - physics model output, not a measurement. Aperture-lens coefficient c=0.62."
SYN-00532,B_synthetic,project_physics_generator,"Generated by this project's implementation of the classical Pierce synthesis physics. Validated against Panahi et al. 2025 Table 2 over the C >= 8 envelope: MAE 0.85 deg, MRE 2.80% across 23 published cases. NOT experimental data.",,generated,,,,,train,1.7126,2.0553,46.6627,39.8221,physics_generator,,39.8221,,,pencil,14.0400,21.9235,theta_cone_deg;theta_iterative_deg;rc_mm;Rc_mm,2.80,C >= 8,P in microperv; rw in mm; C dimensionless; angles in degrees,"SYNTHETIC - physics model output, not a measurement. Aperture-lens coefficient c=0.62."
SYN-00533,B_synthetic,project_physics_generator,"Generated by this project's implementation of the classical Pierce synthesis physics. Validated against Panahi et al. 2025 Table 2 over the C >= 8 envelope: MAE 0.85 deg, MRE 2.80% across 23 published cases. NOT experimental data.",,generated,,,,,train,2.1927,3.3576,104.0526,51.6282,physics_generator,,51.6282,,,pencil,34.2491,43.6851,theta_cone_deg;theta_iterative_deg;rc_mm;Rc_mm,2.80,C >= 8,P in microperv; rw in mm; C dimensionless; angles in degrees,"SYNTHETIC - physics model output, not a measurement. Aperture-lens coefficient c=0.62."
SYN-00534,B_synthetic,project_physics_generator,"Generated by this project's implementation of the classical Pierce synthesis physics. Validated against Panahi et al. 2025 Table 2 over the C >= 8 envelope: MAE 0.85 deg, MRE 2.80% across 23 published cases. NOT experimental data.",,generated,,,,,train,2.5150,1.8942,303.3404,65.1899,physics_generator,,65.1899,,,pencil,32.9899,36.3444,theta_cone_deg;theta_iterative_deg;rc_mm;Rc_mm,2.80,C >= 8,P in microperv; rw in mm; C dimensionless; angles in degrees,"SYNTHETIC - physics model output, not a measurement. Aperture-lens coefficient c=0.62."
SYN-00535,B_synthetic,project_physics_generator,"Generated by this project's implementation of the classical Pierce synthesis physics. Validated against Panahi et al. 2025 Table 2 over the C >= 8 envelope: MAE 0.85 deg, MRE 2.80% across 23 published cases. NOT experimental data.",,generated,,,,,train,1.1781,2.6925,16.9560,27.0288,physics_generator,,27.0288,,,pencil,11.0870,24.3972,theta_cone_deg;theta_iterative_deg;rc_mm;Rc_mm,2.80,C >= 8,P in microperv; rw in mm; C dimensionless; angles in degrees,"SYNTHETIC - physics model output, not a measurement. Aperture-lens coefficient c=0.62."
SYN-00536,B_synthetic,project_physics_generator,"Generated by this project's implementation of the classical Pierce synthesis physics. Validated against Panahi et al. 2025 Table 2 over the C >= 8 envelope: MAE 0.85 deg, MRE 2.80% across 23 published cases. NOT experimental data.",,generated,,,,,train,0.8305,0.8449,73.4237,28.8554,physics_generator,,28.8554,,,pencil,7.2400,15.0021,theta_cone_deg;theta_iterative_deg;rc_mm;Rc_mm,2.80,C >= 8,P in microperv; rw in mm; C dimensionless; angles in degrees,"SYNTHETIC - physics model output, not a measurement. Aperture-lens coefficient c=0.62."
SYN-00537,B_synthetic,project_physics_generator,"Generated by this project's implementation of the classical Pierce synthesis physics. Validated against Panahi et al. 2025 Table 2 over the C >= 8 envelope: MAE 0.85 deg, MRE 2.80% across 23 published cases. NOT experimental data.",,generated,,,,,train,2.8921,3.5544,25.9772,47.8970,physics_generator,,47.8970,,,pencil,18.1159,24.4169,theta_cone_deg;theta_iterative_deg;rc_mm;Rc_mm,2.80,C >= 8,P in microperv; rw in mm; C dimensionless; angles in degrees,"SYNTHETIC - physics model output, not a measurement. Aperture-lens coefficient c=0.62."
SYN-00538,B_synthetic,project_physics_generator,"Generated by this project's implementation of the classical Pierce synthesis physics. Validated against Panahi et al. 2025 Table 2 over the C >= 8 envelope: MAE 0.85 deg, MRE 2.80% across 23 published cases. NOT experimental data.",,generated,,,,,train,2.9247,1.8105,15.9153,43.0521,physics_generator,,43.0521,,,pencil,7.2229,10.5805,theta_cone_deg;theta_iterative_deg;rc_mm;Rc_mm,2.80,C >= 8,P in microperv; rw in mm; C dimensionless; angles in degrees,"SYNTHETIC - physics model output, not a measurement. Aperture-lens coefficient c=0.62."
SYN-00539,B_synthetic,project_physics_generator,"Generated by this project's implementation of the classical Pierce synthesis physics. Validated against Panahi et al. 2025 Table 2 over the C >= 8 envelope: MAE 0.85 deg, MRE 2.80% across 23 published cases. NOT experimental data.",,generated,,,,,train,0.7419,2.6050,225.9259,30.8907,physics_generator,,30.8907,,,pencil,39.1547,76.2652,theta_cone_deg;theta_iterative_deg;rc_mm;Rc_mm,2.80,C >= 8,P in microperv; rw in mm; C dimensionless; angles in degrees,"SYNTHETIC - physics model output, not a measurement. Aperture-lens coefficient c=0.62."
SYN-00540,B_synthetic,project_physics_generator,"Generated by this project's implementation of the classical Pierce synthesis physics. Validated against Panahi et al. 2025 Table 2 over the C >= 8 envelope: MAE 0.85 deg, MRE 2.80% across 23 published cases. NOT experimental data.",,generated,,,,,train,1.2119,0.9525,23.2811,29.3192,physics_generator,,29.3192,,,pencil,4.5958,9.3854,theta_cone_deg;theta_iterative_deg;rc_mm;Rc_mm,2.80,C >= 8,P in microperv; rw in mm; C dimensionless; angles in degrees,"SYNTHETIC - physics model output, not a measurement. Aperture-lens coefficient c=0.62."
SYN-00541,B_synthetic,project_physics_generator,"Generated by this project's implementation of the classical Pierce synthesis physics. Validated against Panahi et al. 2025 Table 2 over the C >= 8 envelope: MAE 0.85 deg, MRE 2.80% across 23 published cases. NOT experimental data.",,generated,,,,,train,2.4310,3.6502,52.2932,49.3947,physics_generator,,49.3947,,,pencil,26.3962,34.7679,theta_cone_deg;theta_iterative_deg;rc_mm;Rc_mm,2.80,C >= 8,P in microperv; rw in mm; C dimensionless; angles in degrees,"SYNTHETIC - physics model output, not a measurement. Aperture-lens coefficient c=0.62."
SYN-00542,B_synthetic,project_physics_generator,"Generated by this project's implementation of the classical Pierce synthesis physics. Validated against Panahi et al. 2025 Table 2 over the C >= 8 envelope: MAE 0.85 deg, MRE 2.80% across 23 published cases. NOT experimental data.",,generated,,,,,train,2.1090,1.0981,151.3417,53.0587,physics_generator,,53.0587,,,pencil,13.5087,16.9016,theta_cone_deg;theta_iterative_deg;rc_mm;Rc_mm,2.80,C >= 8,P in microperv; rw in mm; C dimensionless; angles in degrees,"SYNTHETIC - physics model output, not a measurement. Aperture-lens coefficient c=0.62."
SYN-00543,B_synthetic,project_physics_generator,"Generated by this project's implementation of the classical Pierce synthesis physics. Validated against Panahi et al. 2025 Table 2 over the C >= 8 envelope: MAE 0.85 deg, MRE 2.80% across 23 published cases. NOT experimental data.",,generated,,,,,train,1.7467,4.2997,8.5216,27.2354,physics_generator,,27.2354,,,pencil,12.5517,27.4266,theta_cone_deg;theta_iterative_deg;rc_mm;Rc_mm,2.80,C >= 8,P in microperv; rw in mm; C dimensionless; angles in degrees,"SYNTHETIC - physics model output, not a measurement. Aperture-lens coefficient c=0.62."
SYN-00544,B_synthetic,project_physics_generator,"Generated by this project's implementation of the classical Pierce synthesis physics. Validated against Panahi et al. 2025 Table 2 over the C >= 8 envelope: MAE 0.85 deg, MRE 2.80% across 23 published cases. NOT experimental data.",,generated,,,,,train,0.4196,2.1472,92.1133,20.8355,physics_generator,,20.8355,,,pencil,20.6083,57.9395,theta_cone_deg;theta_iterative_deg;rc_mm;Rc_mm,2.80,C >= 8,P in microperv; rw in mm; C dimensionless; angles in degrees,"SYNTHETIC - physics model output, not a measurement. Aperture-lens coefficient c=0.62."
SYN-00545,B_synthetic,project_physics_generator,"Generated by this project's implementation of the classical Pierce synthesis physics. Validated against Panahi et al. 2025 Table 2 over the C >= 8 envelope: MAE 0.85 deg, MRE 2.80% across 23 published cases. NOT experimental data.",,generated,,,,,train,3.4589,3.4377,32.8368,55.7997,physics_generator,,55.7997,,,pencil,19.6994,23.8181,theta_cone_deg;theta_iterative_deg;rc_mm;Rc_mm,2.80,C >= 8,P in microperv; rw in mm; C dimensionless; angles in degrees,"SYNTHETIC - physics model output, not a measurement. Aperture-lens coefficient c=0.62."
SYN-00546,B_synthetic,project_physics_generator,"Generated by this project's implementation of the classical Pierce synthesis physics. Validated against Panahi et al. 2025 Table 2 over the C >= 8 envelope: MAE 0.85 deg, MRE 2.80% across 23 published cases. NOT experimental data.",,generated,,,,,train,0.6647,3.8617,42.4324,23.8022,physics_generator,,23.8022,,,pencil,25.1553,62.3304,theta_cone_deg;theta_iterative_deg;rc_mm;Rc_mm,2.80,C >= 8,P in microperv; rw in mm; C dimensionless; angles in degrees,"SYNTHETIC - physics model output, not a measurement. Aperture-lens coefficient c=0.62."
SYN-00547,B_synthetic,project_physics_generator,"Generated by this project's implementation of the classical Pierce synthesis physics. Validated against Panahi et al. 2025 Table 2 over the C >= 8 envelope: MAE 0.85 deg, MRE 2.80% across 23 published cases. NOT experimental data.",,generated,,,,,train,1.9814,1.7093,196.7596,52.8094,physics_generator,,52.8094,,,pencil,23.9760,30.0968,theta_cone_deg;theta_iterative_deg;rc_mm;Rc_mm,2.80,C >= 8,P in microperv; rw in mm; C dimensionless; angles in degrees,"SYNTHETIC - physics model output, not a measurement. Aperture-lens coefficient c=0.62."
SYN-00548,B_synthetic,project_physics_generator,"Generated by this project's implementation of the classical Pierce synthesis physics. Validated against Panahi et al. 2025 Table 2 over the C >= 8 envelope: MAE 0.85 deg, MRE 2.80% across 23 published cases. NOT experimental data.",,generated,,,,,train,2.3488,2.8758,11.0367,34.6019,physics_generator,,34.6019,,,pencil,9.5538,16.8239,theta_cone_deg;theta_iterative_deg;rc_mm;Rc_mm,2.80,C >= 8,P in microperv; rw in mm; C dimensionless; angles in degrees,"SYNTHETIC - physics model output, not a measurement. Aperture-lens coefficient c=0.62."
SYN-00549,B_synthetic,project_physics_generator,"Generated by this project's implementation of the classical Pierce synthesis physics. Validated against Panahi et al. 2025 Table 2 over the C >= 8 envelope: MAE 0.85 deg, MRE 2.80% across 23 published cases. NOT experimental data.",,generated,,,,,train,2.6643,2.3725,28.4698,46.5981,physics_generator,,46.5981,,,pencil,12.6590,17.4233,theta_cone_deg;theta_iterative_deg;rc_mm;Rc_mm,2.80,C >= 8,P in microperv; rw in mm; C dimensionless; angles in degrees,"SYNTHETIC - physics model output, not a measurement. Aperture-lens coefficient c=0.62."
SYN-00550,B_synthetic,project_physics_generator,"Generated by this project's implementation of the classical Pierce synthesis physics. Validated against Panahi et al. 2025 Table 2 over the C >= 8 envelope: MAE 0.85 deg, MRE 2.80% across 23 published cases. NOT experimental data.",,generated,,,,,train,1.4537,3.0429,64.1642,38.2034,physics_generator,,38.2034,,,pencil,24.3746,39.4121,theta_cone_deg;theta_iterative_deg;rc_mm;Rc_mm,2.80,C >= 8,P in microperv; rw in mm; C dimensionless; angles in degrees,"SYNTHETIC - physics model output, not a measurement. Aperture-lens coefficient c=0.62."
SYN-00551,B_synthetic,project_physics_generator,"Generated by this project's implementation of the classical Pierce synthesis physics. Validated against Panahi et al. 2025 Table 2 over the C >= 8 envelope: MAE 0.85 deg, MRE 2.80% across 23 published cases. NOT experimental data.",,generated,,,,,train,0.9800,1.3905,19.4186,25.3153,physics_generator,,25.3153,,,pencil,6.1274,14.3297,theta_cone_deg;theta_iterative_deg;rc_mm;Rc_mm,2.80,C >= 8,P in microperv; rw in mm; C dimensionless; angles in degrees,"SYNTHETIC - physics model output, not a measurement. Aperture-lens coefficient c=0.62."
SYN-00552,B_synthetic,project_physics_generator,"Generated by this project's implementation of the classical Pierce synthesis physics. Validated against Panahi et al. 2025 Table 2 over the C >= 8 envelope: MAE 0.85 deg, MRE 2.80% across 23 published cases. NOT experimental data.",,generated,,,,,train,3.2017,1.3541,48.3498,57.4216,physics_generator,,57.4216,,,pencil,9.4154,11.1734,theta_cone_deg;theta_iterative_deg;rc_mm;Rc_mm,2.80,C >= 8,P in microperv; rw in mm; C dimensionless; angles in degrees,"SYNTHETIC - physics model output, not a measurement. Aperture-lens coefficient c=0.62."
SYN-00553,B_synthetic,project_physics_generator,"Generated by this project's implementation of the classical Pierce synthesis physics. Validated against Panahi et al. 2025 Table 2 over the C >= 8 envelope: MAE 0.85 deg, MRE 2.80% across 23 published cases. NOT experimental data.",,generated,,,,,train,1.1318,4.0586,108.1184,35.7214,physics_generator,,35.7214,,,pencil,42.2017,72.2823,theta_cone_deg;theta_iterative_deg;rc_mm;Rc_mm,2.80,C >= 8,P in microperv; rw in mm; C dimensionless; angles in degrees,"SYNTHETIC - physics model output, not a measurement. Aperture-lens coefficient c=0.62."
SYN-00554,B_synthetic,project_physics_generator,"Generated by this project's implementation of the classical Pierce synthesis physics. Validated against Panahi et al. 2025 Table 2 over the C >= 8 envelope: MAE 0.85 deg, MRE 2.80% across 23 published cases. NOT experimental data.",,generated,,,,,train,1.5126,2.3986,11.5136,27.8706,physics_generator,,27.8706,,,pencil,8.1388,17.4101,theta_cone_deg;theta_iterative_deg;rc_mm;Rc_mm,2.80,C >= 8,P in microperv; rw in mm; C dimensionless; angles in degrees,"SYNTHETIC - physics model output, not a measurement. Aperture-lens coefficient c=0.62."
SYN-00555,B_synthetic,project_physics_generator,"Generated by this project's implementation of the classical Pierce synthesis physics. Validated against Panahi et al. 2025 Table 2 over the C >= 8 envelope: MAE 0.85 deg, MRE 2.80% across 23 published cases. NOT experimental data.",,generated,,,,,train,2.8446,3.2018,162.9944,65.0348,physics_generator,,65.0348,,,pencil,40.8770,45.0900,theta_cone_deg;theta_iterative_deg;rc_mm;Rc_mm,2.80,C >= 8,P in microperv; rw in mm; C dimensionless; angles in degrees,"SYNTHETIC - physics model output, not a measurement. Aperture-lens coefficient c=0.62."
SYN-00556,B_synthetic,project_physics_generator,"Generated by this project's implementation of the classical Pierce synthesis physics. Validated against Panahi et al. 2025 Table 2 over the C >= 8 envelope: MAE 0.85 deg, MRE 2.80% across 23 published cases. NOT experimental data.",,generated,,,,,train,2.3163,1.5499,79.5735,51.3033,physics_generator,,51.3033,,,pencil,13.8259,17.7149,theta_cone_deg;theta_iterative_deg;rc_mm;Rc_mm,2.80,C >= 8,P in microperv; rw in mm; C dimensionless; angles in degrees,"SYNTHETIC - physics model output, not a measurement. Aperture-lens coefficient c=0.62."
SYN-00557,B_synthetic,project_physics_generator,"Generated by this project's implementation of the classical Pierce synthesis physics. Validated against Panahi et al. 2025 Table 2 over the C >= 8 envelope: MAE 0.85 deg, MRE 2.80% across 23 published cases. NOT experimental data.",,generated,,,,,train,1.8279,2.8492,28.0360,37.7682,physics_generator,,37.7682,,,pencil,15.0863,24.6320,theta_cone_deg;theta_iterative_deg;rc_mm;Rc_mm,2.80,C >= 8,P in microperv; rw in mm; C dimensionless; angles in degrees,"SYNTHETIC - physics model output, not a measurement. Aperture-lens coefficient c=0.62."
SYN-00558,B_synthetic,project_physics_generator,"Generated by this project's implementation of the classical Pierce synthesis physics. Validated against Panahi et al. 2025 Table 2 over the C >= 8 envelope: MAE 0.85 deg, MRE 2.80% across 23 published cases. NOT experimental data.",,generated,,,,,train,0.6041,0.6892,297.5063,28.4543,physics_generator,,28.4543,,,pencil,11.8871,24.9489,theta_cone_deg;theta_iterative_deg;rc_mm;Rc_mm,2.80,C >= 8,P in microperv; rw in mm; C dimensionless; angles in degrees,"SYNTHETIC - physics model output, not a measurement. Aperture-lens coefficient c=0.62."
SYN-00559,B_synthetic,project_physics_generator,"Generated by this project's implementation of the classical Pierce synthesis physics. Validated against Panahi et al. 2025 Table 2 over the C >= 8 envelope: MAE 0.85 deg, MRE 2.80% across 23 published cases. NOT experimental data.",,generated,,,,,train,3.5172,3.8977,16.5869,48.1738,physics_generator,,48.1738,,,pencil,15.8740,21.3025,theta_cone_deg;theta_iterative_deg;rc_mm;Rc_mm,2.80,C >= 8,P in microperv; rw in mm; C dimensionless; angles in degrees,"SYNTHETIC - physics model output, not a measurement. Aperture-lens coefficient c=0.62."
SYN-00560,B_synthetic,project_physics_generator,"Generated by this project's implementation of the classical Pierce synthesis physics. Validated against Panahi et al. 2025 Table 2 over the C >= 8 envelope: MAE 0.85 deg, MRE 2.80% across 23 published cases. NOT experimental data.",,generated,,,,,train,0.3607,3.2862,12.8107,13.8369,physics_generator,,13.8369,,,pencil,11.7620,49.1806,theta_cone_deg;theta_iterative_deg;rc_mm;Rc_mm,2.80,C >= 8,P in microperv; rw in mm; C dimensionless; angles in degrees,"SYNTHETIC - physics model output, not a measurement. Aperture-lens coefficient c=0.62."
SYN-00561,B_synthetic,project_physics_generator,"Generated by this project's implementation of the classical Pierce synthesis physics. Validated against Panahi et al. 2025 Table 2 over the C >= 8 envelope: MAE 0.85 deg, MRE 2.80% across 23 published cases. NOT experimental data.",,generated,,,,,train,1.5948,1.1262,61.3332,39.9288,physics_generator,,39.9288,,,pencil,8.8199,13.7417,theta_cone_deg;theta_iterative_deg;rc_mm;Rc_mm,2.80,C >= 8,P in microperv; rw in mm; C dimensionless; angles in degrees,"SYNTHETIC - physics model output, not a measurement. Aperture-lens coefficient c=0.62."
SYN-00562,B_synthetic,project_physics_generator,"Generated by this project's implementation of the classical Pierce synthesis physics. Validated against Panahi et al. 2025 Table 2 over the C >= 8 envelope: MAE 0.85 deg, MRE 2.80% across 23 published cases. NOT experimental data.",,generated,,,,,train,2.0751,4.4607,21.6825,38.4098,physics_generator,,38.4098,,,pencil,20.7710,33.4325,theta_cone_deg;theta_iterative_deg;rc_mm;Rc_mm,2.80,C >= 8,P in microperv; rw in mm; C dimensionless; angles in degrees,"SYNTHETIC - physics model output, not a measurement. Aperture-lens coefficient c=0.62."
SYN-00563,B_synthetic,project_physics_generator,"Generated by this project's implementation of the classical Pierce synthesis physics. Validated against Panahi et al. 2025 Table 2 over the C >= 8 envelope: MAE 0.85 deg, MRE 2.80% across 23 published cases. NOT experimental data.",,generated,,,,,train,2.6093,0.7910,9.4349,34.7546,physics_generator,,34.7546,,,pencil,2.4297,4.2622,theta_cone_deg;theta_iterative_deg;rc_mm;Rc_mm,2.80,C >= 8,P in microperv; rw in mm; C dimensionless; angles in degrees,"SYNTHETIC - physics model output, not a measurement. Aperture-lens coefficient c=0.62."
SYN-00564,B_synthetic,project_physics_generator,"Generated by this project's implementation of the classical Pierce synthesis physics. Validated against Panahi et al. 2025 Table 2 over the C >= 8 envelope: MAE 0.85 deg, MRE 2.80% across 23 published cases. NOT experimental data.",,generated,,,,,train,1.2726,3.6216,133.0560,39.0452,physics_generator,,39.0452,,,pencil,41.7752,66.3168,theta_cone_deg;theta_iterative_deg;rc_mm;Rc_mm,2.80,C >= 8,P in microperv; rw in mm; C dimensionless; angles in degrees,"SYNTHETIC - physics model output, not a measurement. Aperture-lens coefficient c=0.62."
SYN-00565,B_synthetic,project_physics_generator,"Generated by this project's implementation of the classical Pierce synthesis physics. Validated against Panahi et al. 2025 Table 2 over the C >= 8 envelope: MAE 0.85 deg, MRE 2.80% across 23 published cases. NOT experimental data.",,generated,,,,,train,0.8955,1.9616,39.5670,27.4785,physics_generator,,27.4785,,,pencil,12.3388,26.7412,theta_cone_deg;theta_iterative_deg;rc_mm;Rc_mm,2.80,C >= 8,P in microperv; rw in mm; C dimensionless; angles in degrees,"SYNTHETIC - physics model output, not a measurement. Aperture-lens coefficient c=0.62."
SYN-00566,B_synthetic,project_physics_generator,"Generated by this project's implementation of the classical Pierce synthesis physics. Validated against Panahi et al. 2025 Table 2 over the C >= 8 envelope: MAE 0.85 deg, MRE 2.80% across 23 published cases. NOT experimental data.",,generated,,,,,train,2.9569,2.6388,88.1405,60.6059,physics_generator,,60.6059,,,pencil,24.7743,28.4349,theta_cone_deg;theta_iterative_deg;rc_mm;Rc_mm,2.80,C >= 8,P in microperv; rw in mm; C dimensionless; angles in degrees,"SYNTHETIC - physics model output, not a measurement. Aperture-lens coefficient c=0.62."
SYN-00567,B_synthetic,project_physics_generator,"Generated by this project's implementation of the classical Pierce synthesis physics. Validated against Panahi et al. 2025 Table 2 over the C >= 8 envelope: MAE 0.85 deg, MRE 2.80% across 23 published cases. NOT experimental data.",,generated,,,,,train,3.0090,2.1593,34.1684,51.7966,physics_generator,,51.7966,,,pencil,12.6218,16.0619,theta_cone_deg;theta_iterative_deg;rc_mm;Rc_mm,2.80,C >= 8,P in microperv; rw in mm; C dimensionless; angles in degrees,"SYNTHETIC - physics model output, not a measurement. Aperture-lens coefficient c=0.62."
SYN-00568,B_synthetic,project_physics_generator,"Generated by this project's implementation of the classical Pierce synthesis physics. Validated against Panahi et al. 2025 Table 2 over the C >= 8 envelope: MAE 0.85 deg, MRE 2.80% across 23 published cases. NOT experimental data.",,generated,,,,,train,0.9260,3.4899,96.3011,31.6286,physics_generator,,31.6286,,,pencil,34.2471,65.3059,theta_cone_deg;theta_iterative_deg;rc_mm;Rc_mm,2.80,C >= 8,P in microperv; rw in mm; C dimensionless; angles in degrees,"SYNTHETIC - physics model output, not a measurement. Aperture-lens coefficient c=0.62."
SYN-00569,B_synthetic,project_physics_generator,"Generated by this project's implementation of the classical Pierce synthesis physics. Validated against Panahi et al. 2025 Table 2 over the C >= 8 envelope: MAE 0.85 deg, MRE 2.80% across 23 published cases. NOT experimental data.",,generated,,,,,train,1.2936,1.0798,8.1583,22.9861,physics_generator,,22.9861,,,pencil,3.0842,7.8978,theta_cone_deg;theta_iterative_deg;rc_mm;Rc_mm,2.80,C >= 8,P in microperv; rw in mm; C dimensionless; angles in degrees,"SYNTHETIC - physics model output, not a measurement. Aperture-lens coefficient c=0.62."
SYN-00570,B_synthetic,project_physics_generator,"Generated by this project's implementation of the classical Pierce synthesis physics. Validated against Panahi et al. 2025 Table 2 over the C >= 8 envelope: MAE 0.85 deg, MRE 2.80% across 23 published cases. NOT experimental data.",,generated,,,,,train,2.6120,4.2570,145.3159,60.3729,physics_generator,,60.3729,,,pencil,51.3174,59.0357,theta_cone_deg;theta_iterative_deg;rc_mm;Rc_mm,2.80,C >= 8,P in microperv; rw in mm; C dimensionless; angles in degrees,"SYNTHETIC - physics model output, not a measurement. Aperture-lens coefficient c=0.62."
SYN-00571,B_synthetic,project_physics_generator,"Generated by this project's implementation of the classical Pierce synthesis physics. Validated against Panahi et al. 2025 Table 2 over the C >= 8 envelope: MAE 0.85 deg, MRE 2.80% across 23 published cases. NOT experimental data.",,generated,,,,,train,2.0840,0.9947,56.3336,45.7648,physics_generator,,45.7648,,,pencil,7.4656,10.4197,theta_cone_deg;theta_iterative_deg;rc_mm;Rc_mm,2.80,C >= 8,P in microperv; rw in mm; C dimensionless; angles in degrees,"SYNTHETIC - physics model output, not a measurement. Aperture-lens coefficient c=0.62."
SYN-00572,B_synthetic,project_physics_generator,"Generated by this project's implementation of the classical Pierce synthesis physics. Validated against Panahi et al. 2025 Table 2 over the C >= 8 envelope: MAE 0.85 deg, MRE 2.80% across 23 published cases. NOT experimental data.",,generated,,,,,train,1.6086,3.6680,25.0173,34.5106,physics_generator,,34.5106,,,pencil,18.3465,32.3824,theta_cone_deg;theta_iterative_deg;rc_mm;Rc_mm,2.80,C >= 8,P in microperv; rw in mm; C dimensionless; angles in degrees,"SYNTHETIC - physics model output, not a measurement. Aperture-lens coefficient c=0.62."
SYN-00573,B_synthetic,project_physics_generator,"Generated by this project's implementation of the classical Pierce synthesis physics. Validated against Panahi et al. 2025 Table 2 over the C >= 8 envelope: MAE 0.85 deg, MRE 2.80% across 23 published cases. NOT experimental data.",,generated,,,,,train,0.3982,1.7579,210.4316,22.1575,physics_generator,,22.1575,,,pencil,25.5011,67.6147,theta_cone_deg;theta_iterative_deg;rc_mm;Rc_mm,2.80,C >= 8,P in microperv; rw in mm; C dimensionless; angles in degrees,"SYNTHETIC - physics model output, not a measurement. Aperture-lens coefficient c=0.62."
SYN-00574,B_synthetic,project_physics_generator,"Generated by this project's implementation of the classical Pierce synthesis physics. Validated against Panahi et al. 2025 Table 2 over the C >= 8 envelope: MAE 0.85 deg, MRE 2.80% across 23 published cases. NOT experimental data.",,generated,,,,,train,3.3247,2.5924,14.7608,45.2791,physics_generator,,45.2791,,,pencil,9.9600,14.0175,theta_cone_deg;theta_iterative_deg;rc_mm;Rc_mm,2.80,C >= 8,P in microperv; rw in mm; C dimensionless; angles in degrees,"SYNTHETIC - physics model output, not a measurement. Aperture-lens coefficient c=0.62."
SYN-00575,B_synthetic,project_physics_generator,"Generated by this project's implementation of the classical Pierce synthesis physics. Validated against Panahi et al. 2025 Table 2 over the C >= 8 envelope: MAE 0.85 deg, MRE 2.80% across 23 published cases. NOT experimental data.",,generated,,,,,train,0.5799,4.2310,18.1116,19.0748,physics_generator,,19.0748,,,pencil,18.0061,55.0977,theta_cone_deg;theta_iterative_deg;rc_mm;Rc_mm,2.80,C >= 8,P in microperv; rw in mm; C dimensionless; angles in degrees,"SYNTHETIC - physics model output, not a measurement. Aperture-lens coefficient c=0.62."
SYN-00576,B_synthetic,project_physics_generator,"Generated by this project's implementation of the classical Pierce synthesis physics. Validated against Panahi et al. 2025 Table 2 over the C >= 8 envelope: MAE 0.85 deg, MRE 2.80% across 23 published cases. NOT experimental data.",,generated,,,,,train,1.8008,2.3210,68.7338,43.4315,physics_generator,,43.4315,,,pencil,19.2422,27.9892,theta_cone_deg;theta_iterative_deg;rc_mm;Rc_mm,2.80,C >= 8,P in microperv; rw in mm; C dimensionless; angles in degrees,"SYNTHETIC - physics model output, not a measurement. Aperture-lens coefficient c=0.62."
SYN-00577,B_synthetic,project_physics_generator,"Generated by this project's implementation of the classical Pierce synthesis physics. Validated against Panahi et al. 2025 Table 2 over the C >= 8 envelope: MAE 0.85 deg, MRE 2.80% across 23 published cases. NOT experimental data.",,generated,,,,,train,2.2675,3.0295,30.6274,43.1994,physics_generator,,43.1994,,,pencil,16.7656,24.4918,theta_cone_deg;theta_iterative_deg;rc_mm;Rc_mm,2.80,C >= 8,P in microperv; rw in mm; C dimensionless; angles in degrees,"SYNTHETIC - physics model output, not a measurement. Aperture-lens coefficient c=0.62."
SYN-00578,B_synthetic,project_physics_generator,"Generated by this project's implementation of the classical Pierce synthesis physics. Validated against Panahi et al. 2025 Table 2 over the C >= 8 envelope: MAE 0.85 deg, MRE 2.80% across 23 published cases. NOT experimental data.",,generated,,,,,train,2.8020,1.7222,10.5827,37.4777,physics_generator,,37.4777,,,pencil,5.6027,9.2080,theta_cone_deg;theta_iterative_deg;rc_mm;Rc_mm,2.80,C >= 8,P in microperv; rw in mm; C dimensionless; angles in degrees,"SYNTHETIC - physics model output, not a measurement. Aperture-lens coefficient c=0.62."
SYN-00579,B_synthetic,project_physics_generator,"Generated by this project's implementation of the classical Pierce synthesis physics. Validated against Panahi et al. 2025 Table 2 over the C >= 8 envelope: MAE 0.85 deg, MRE 2.80% across 23 published cases. NOT experimental data.",,generated,,,,,train,1.4783,2.9268,187.7802,44.2023,physics_generator,,44.2023,,,pencil,40.1071,57.5265,theta_cone_deg;theta_iterative_deg;rc_mm;Rc_mm,2.80,C >= 8,P in microperv; rw in mm; C dimensionless; angles in degrees,"SYNTHETIC - physics model output, not a measurement. Aperture-lens coefficient c=0.62."
SYN-00580,B_synthetic,project_physics_generator,"Generated by this project's implementation of the classical Pierce synthesis physics. Validated against Panahi et al. 2025 Table 2 over the C >= 8 envelope: MAE 0.85 deg, MRE 2.80% across 23 published cases. NOT experimental data.",,generated,,,,,train,1.1145,0.5168,44.4223,31.3783,physics_generator,,31.3783,,,pencil,3.4448,6.6158,theta_cone_deg;theta_iterative_deg;rc_mm;Rc_mm,2.80,C >= 8,P in microperv; rw in mm; C dimensionless; angles in degrees,"SYNTHETIC - physics model output, not a measurement. Aperture-lens coefficient c=0.62."
SYN-00581,B_synthetic,project_physics_generator,"Generated by this project's implementation of the classical Pierce synthesis physics. Validated against Panahi et al. 2025 Table 2 over the C >= 8 envelope: MAE 0.85 deg, MRE 2.80% across 23 published cases. NOT experimental data.",,generated,,,,,train,3.1894,3.8200,124.7227,67.5405,physics_generator,,67.5405,,,pencil,42.6620,46.1636,theta_cone_deg;theta_iterative_deg;rc_mm;Rc_mm,2.80,C >= 8,P in microperv; rw in mm; C dimensionless; angles in degrees,"SYNTHETIC - physics model output, not a measurement. Aperture-lens coefficient c=0.62."
SYN-00582,B_synthetic,project_physics_generator,"Generated by this project's implementation of the classical Pierce synthesis physics. Validated against Panahi et al. 2025 Table 2 over the C >= 8 envelope: MAE 0.85 deg, MRE 2.80% across 23 published cases. NOT experimental data.",,generated,,,,,train,3.1171,0.7387,17.8362,45.8734,physics_generator,,45.8734,,,pencil,3.1197,4.3462,theta_cone_deg;theta_iterative_deg;rc_mm;Rc_mm,2.80,C >= 8,P in microperv; rw in mm; C dimensionless; angles in degrees,"SYNTHETIC - physics model output, not a measurement. Aperture-lens coefficient c=0.62."
SYN-00583,B_synthetic,project_physics_generator,"Generated by this project's implementation of the classical Pierce synthesis physics. Validated against Panahi et al. 2025 Table 2 over the C >= 8 envelope: MAE 0.85 deg, MRE 2.80% across 23 published cases. NOT experimental data.",,generated,,,,,train,0.9478,3.9091,319.1208,36.4660,physics_generator,,36.4660,,,pencil,69.8322,117.4942,theta_cone_deg;theta_iterative_deg;rc_mm;Rc_mm,2.80,C >= 8,P in microperv; rw in mm; C dimensionless; angles in degrees,"SYNTHETIC - physics model output, not a measurement. Aperture-lens coefficient c=0.62."
SYN-00584,B_synthetic,project_physics_generator,"Generated by this project's implementation of the classical Pierce synthesis physics. Validated against Panahi et al. 2025 Table 2 over the C >= 8 envelope: MAE 0.85 deg, MRE 2.80% across 23 published cases. NOT experimental data.",,generated,,,,,train,1.4311,1.5066,26.1604,32.7182,physics_generator,,32.7182,,,pencil,7.7058,14.2566,theta_cone_deg;theta_iterative_deg;rc_mm;Rc_mm,2.80,C >= 8,P in microperv; rw in mm; C dimensionless; angles in degrees,"SYNTHETIC - physics model output, not a measurement. Aperture-lens coefficient c=0.62."
SYN-00585,B_synthetic,project_physics_generator,"Generated by this project's implementation of the classical Pierce synthesis physics. Validated against Panahi et al. 2025 Table 2 over the C >= 8 envelope: MAE 0.85 deg, MRE 2.80% across 23 published cases. NOT experimental data.",,generated,,,,,train,2.6633,2.8284,73.9339,55.1695,physics_generator,,55.1695,,,pencil,24.3199,29.6278,theta_cone_deg;theta_iterative_deg;rc_mm;Rc_mm,2.80,C >= 8,P in microperv; rw in mm; C dimensionless; angles in degrees,"SYNTHETIC - physics model output, not a measurement. Aperture-lens coefficient c=0.62."
SYN-00586,B_synthetic,project_physics_generator,"Generated by this project's implementation of the classical Pierce synthesis physics. Validated against Panahi et al. 2025 Table 2 over the C >= 8 envelope: MAE 0.85 deg, MRE 2.80% across 23 published cases. NOT experimental data.",,generated,,,,,train,2.3415,2.4199,169.9088,57.5018,physics_generator,,57.5018,,,pencil,31.5432,37.3996,theta_cone_deg;theta_iterative_deg;rc_mm;Rc_mm,2.80,C >= 8,P in microperv; rw in mm; C dimensionless; angles in degrees,"SYNTHETIC - physics model output, not a measurement. Aperture-lens coefficient c=0.62."
SYN-00587,B_synthetic,project_physics_generator,"Generated by this project's implementation of the classical Pierce synthesis physics. Validated against Panahi et al. 2025 Table 2 over the C >= 8 envelope: MAE 0.85 deg, MRE 2.80% across 23 published cases. NOT experimental data.",,generated,,,,,train,1.9658,3.2456,12.0589,32.3545,physics_generator,,32.3545,,,pencil,11.2706,21.0604,theta_cone_deg;theta_iterative_deg;rc_mm;Rc_mm,2.80,C >= 8,P in microperv; rw in mm; C dimensionless; angles in degrees,"SYNTHETIC - physics model output, not a measurement. Aperture-lens coefficient c=0.62."
SYN-00588,B_synthetic,project_physics_generator,"Generated by this project's implementation of the classical Pierce synthesis physics. Validated against Panahi et al. 2025 Table 2 over the C >= 8 envelope: MAE 0.85 deg, MRE 2.80% across 23 published cases. NOT experimental data.",,generated,,,,,train,0.6254,1.3431,103.3225,25.9509,physics_generator,,25.9509,,,pencil,13.6522,31.1978,theta_cone_deg;theta_iterative_deg;rc_mm;Rc_mm,2.80,C >= 8,P in microperv; rw in mm; C dimensionless; angles in degrees,"SYNTHETIC - physics model output, not a measurement. Aperture-lens coefficient c=0.62."
SYN-00589,B_synthetic,project_physics_generator,"Generated by this project's implementation of the classical Pierce synthesis physics. Validated against Panahi et al. 2025 Table 2 over the C >= 8 envelope: MAE 0.85 deg, MRE 2.80% across 23 published cases. NOT experimental data.",,generated,,,,,train,3.6516,4.0096,46.3409,61.8567,physics_generator,,61.8567,,,pencil,27.2951,30.9549,theta_cone_deg;theta_iterative_deg;rc_mm;Rc_mm,2.80,C >= 8,P in microperv; rw in mm; C dimensionless; angles in degrees,"SYNTHETIC - physics model output, not a measurement. Aperture-lens coefficient c=0.62."
SYN-00590,B_synthetic,project_physics_generator,"Generated by this project's implementation of the classical Pierce synthesis physics. Validated against Panahi et al. 2025 Table 2 over the C >= 8 envelope: MAE 0.85 deg, MRE 2.80% across 23 published cases. NOT experimental data.",,generated,,,,,train,3.4633,1.9819,84.6678,66.9045,physics_generator,,66.9045,,,pencil,18.2364,19.8254,theta_cone_deg;theta_iterative_deg;rc_mm;Rc_mm,2.80,C >= 8,P in microperv; rw in mm; C dimensionless; angles in degrees,"SYNTHETIC - physics model output, not a measurement. Aperture-lens coefficient c=0.62."
SYN-00591,B_synthetic,project_physics_generator,"Generated by this project's implementation of the classical Pierce synthesis physics. Validated against Panahi et al. 2025 Table 2 over the C >= 8 envelope: MAE 0.85 deg, MRE 2.80% across 23 published cases. NOT experimental data.",,generated,,,,,train,0.4457,2.6835,37.8291,19.0562,physics_generator,,19.0562,,,pencil,16.5052,50.5524,theta_cone_deg;theta_iterative_deg;rc_mm;Rc_mm,2.80,C >= 8,P in microperv; rw in mm; C dimensionless; angles in degrees,"SYNTHETIC - physics model output, not a measurement. Aperture-lens coefficient c=0.62."
SYN-00592,B_synthetic,project_physics_generator,"Generated by this project's implementation of the classical Pierce synthesis physics. Validated against Panahi et al. 2025 Table 2 over the C >= 8 envelope: MAE 0.85 deg, MRE 2.80% across 23 published cases. NOT experimental data.",,generated,,,,,train,1.7756,0.7811,139.0442,47.3844,physics_generator,,47.3844,,,pencil,9.2108,12.5161,theta_cone_deg;theta_iterative_deg;rc_mm;Rc_mm,2.80,C >= 8,P in microperv; rw in mm; C dimensionless; angles in degrees,"SYNTHETIC - physics model output, not a measurement. Aperture-lens coefficient c=0.62."
SYN-00593,B_synthetic,project_physics_generator,"Generated by this project's implementation of the classical Pierce synthesis physics. Validated against Panahi et al. 2025 Table 2 over the C >= 8 envelope: MAE 0.85 deg, MRE 2.80% across 23 published cases. NOT experimental data.",,generated,,,,,train,2.1561,3.5716,9.8306,31.9007,physics_generator,,31.9007,,,pencil,11.1985,21.1912,theta_cone_deg;theta_iterative_deg;rc_mm;Rc_mm,2.80,C >= 8,P in microperv; rw in mm; C dimensionless; angles in degrees,"SYNTHETIC - physics model output, not a measurement. Aperture-lens coefficient c=0.62."
SYN-00594,B_synthetic,project_physics_generator,"Generated by this project's implementation of the classical Pierce synthesis physics. Validated against Panahi et al. 2025 Table 2 over the C >= 8 envelope: MAE 0.85 deg, MRE 2.80% across 23 published cases. NOT experimental data.",,generated,,,,,train,2.4718,1.1767,20.1366,41.5497,physics_generator,,41.5497,,,pencil,5.2801,7.9608,theta_cone_deg;theta_iterative_deg;rc_mm;Rc_mm,2.80,C >= 8,P in microperv; rw in mm; C dimensionless; angles in degrees,"SYNTHETIC - physics model output, not a measurement. Aperture-lens coefficient c=0.62."
SYN-00595,B_synthetic,project_physics_generator,"Generated by this project's implementation of the classical Pierce synthesis physics. Validated against Panahi et al. 2025 Table 2 over the C >= 8 envelope: MAE 0.85 deg, MRE 2.80% across 23 published cases. NOT experimental data.",,generated,,,,,train,1.2478,4.4711,57.1019,34.5917,physics_generator,,34.5917,,,pencil,33.7861,59.5113,theta_cone_deg;theta_iterative_deg;rc_mm;Rc_mm,2.80,C >= 8,P in microperv; rw in mm; C dimensionless; angles in degrees,"SYNTHETIC - physics model output, not a measurement. Aperture-lens coefficient c=0.62."
SYN-00596,B_synthetic,project_physics_generator,"Generated by this project's implementation of the classical Pierce synthesis physics. Validated against Panahi et al. 2025 Table 2 over the C >= 8 envelope: MAE 0.85 deg, MRE 2.80% across 23 published cases. NOT experimental data.",,generated,,,,,train,0.7607,2.0687,13.7477,20.5520,physics_generator,,20.5520,,,pencil,7.6701,21.8486,theta_cone_deg;theta_iterative_deg;rc_mm;Rc_mm,2.80,C >= 8,P in microperv; rw in mm; C dimensionless; angles in degrees,"SYNTHETIC - physics model output, not a measurement. Aperture-lens coefficient c=0.62."
SYN-00597,B_synthetic,project_physics_generator,"Generated by this project's implementation of the classical Pierce synthesis physics. Validated against Panahi et al. 2025 Table 2 over the C >= 8 envelope: MAE 0.85 deg, MRE 2.80% across 23 published cases. NOT experimental data.",,generated,,,,,train,2.9352,3.2664,246.8020,70.9012,physics_generator,,70.9012,,,pencil,51.3148,54.3039,theta_cone_deg;theta_iterative_deg;rc_mm;Rc_mm,2.80,C >= 8,P in microperv; rw in mm; C dimensionless; angles in degrees,"SYNTHETIC - physics model output, not a measurement. Aperture-lens coefficient c=0.62."
SYN-00598,B_synthetic,project_physics_generator,"Generated by this project's implementation of the classical Pierce synthesis physics. Validated against Panahi et al. 2025 Table 2 over the C >= 8 envelope: MAE 0.85 deg, MRE 2.80% across 23 published cases. NOT experimental data.",,generated,,,,,train,2.8616,1.0259,67.4727,56.8063,physics_generator,,56.8063,,,pencil,8.4269,10.0701,theta_cone_deg;theta_iterative_deg;rc_mm;Rc_mm,2.80,C >= 8,P in microperv; rw in mm; C dimensionless; angles in degrees,"SYNTHETIC - physics model output, not a measurement. Aperture-lens coefficient c=0.62."
SYN-00599,B_synthetic,project_physics_generator,"Generated by this project's implementation of the classical Pierce synthesis physics. Validated against Panahi et al. 2025 Table 2 over the C >= 8 envelope: MAE 0.85 deg, MRE 2.80% across 23 published cases. NOT experimental data.",,generated,,,,,train,0.7784,4.3242,29.9337,24.4077,physics_generator,,24.4077,,,pencil,23.6586,57.2533,theta_cone_deg;theta_iterative_deg;rc_mm;Rc_mm,2.80,C >= 8,P in microperv; rw in mm; C dimensionless; angles in degrees,"SYNTHETIC - physics model output, not a measurement. Aperture-lens coefficient c=0.62."
SYN-00600,B_synthetic,project_physics_generator,"Generated by this project's implementation of the classical Pierce synthesis physics. Validated against Panahi et al. 2025 Table 2 over the C >= 8 envelope: MAE 0.85 deg, MRE 2.80% across 23 published cases. NOT experimental data.",,generated,,,,,train,1.1754,2.2267,278.6332,40.5238,physics_generator,,40.5238,,,pencil,37.1694,57.2046,theta_cone_deg;theta_iterative_deg;rc_mm;Rc_mm,2.80,C >= 8,P in microperv; rw in mm; C dimensionless; angles in degrees,"SYNTHETIC - physics model output, not a measurement. Aperture-lens coefficient c=0.62."
SYN-00601,B_synthetic,project_physics_generator,"Generated by this project's implementation of the classical Pierce synthesis physics. Validated against Panahi et al. 2025 Table 2 over the C >= 8 envelope: MAE 0.85 deg, MRE 2.80% across 23 published cases. NOT experimental data.",,generated,,,,,train,2.4941,3.4362,19.5647,41.4829,physics_generator,,41.4829,,,pencil,15.1990,22.9455,theta_cone_deg;theta_iterative_deg;rc_mm;Rc_mm,2.80,C >= 8,P in microperv; rw in mm; C dimensionless; angles in degrees,"SYNTHETIC - physics model output, not a measurement. Aperture-lens coefficient c=0.62."
SYN-00602,B_synthetic,project_physics_generator,"Generated by this project's implementation of the classical Pierce synthesis physics. Validated against Panahi et al. 2025 Table 2 over the C >= 8 envelope: MAE 0.85 deg, MRE 2.80% across 23 published cases. NOT experimental data.",,generated,,,,,train,2.1787,1.8155,40.3528,44.4132,physics_generator,,44.4132,,,pencil,11.5329,16.4796,theta_cone_deg;theta_iterative_deg;rc_mm;Rc_mm,2.80,C >= 8,P in microperv; rw in mm; C dimensionless; angles in degrees,"SYNTHETIC - physics model output, not a measurement. Aperture-lens coefficient c=0.62."
SYN-00603,B_synthetic,project_physics_generator,"Generated by this project's implementation of the classical Pierce synthesis physics. Validated against Panahi et al. 2025 Table 2 over the C >= 8 envelope: MAE 0.85 deg, MRE 2.80% across 23 published cases. NOT experimental data.",,generated,,,,,train,1.7036,2.5211,113.6416,45.0922,physics_generator,,45.0922,,,pencil,26.8753,37.9464,theta_cone_deg;theta_iterative_deg;rc_mm;Rc_mm,2.80,C >= 8,P in microperv; rw in mm; C dimensionless; angles in degrees,"SYNTHETIC - physics model output, not a measurement. Aperture-lens coefficient c=0.62."
SYN-00604,B_synthetic,project_physics_generator,"Generated by this project's implementation of the classical Pierce synthesis physics. Validated against Panahi et al. 2025 Table 2 over the C >= 8 envelope: MAE 0.85 deg, MRE 2.80% across 23 published cases. NOT experimental data.",,generated,,,,,train,0.4628,0.9236,10.9555,15.0388,physics_generator,,15.0388,,,pencil,3.0569,11.7813,theta_cone_deg;theta_iterative_deg;rc_mm;Rc_mm,2.80,C >= 8,P in microperv; rw in mm; C dimensionless; angles in degrees,"SYNTHETIC - physics model output, not a measurement. Aperture-lens coefficient c=0.62."
SYN-00605,B_synthetic,project_physics_generator,"Generated by this project's implementation of the classical Pierce synthesis physics. Validated against Panahi et al. 2025 Table 2 over the C >= 8 envelope: MAE 0.85 deg, MRE 2.80% across 23 published cases. NOT experimental data.",,generated,,,,,train,3.6327,2.2535,8.9649,40.6334,physics_generator,,40.6334,,,pencil,6.7474,10.3612,theta_cone_deg;theta_iterative_deg;rc_mm;Rc_mm,2.80,C >= 8,P in microperv; rw in mm; C dimensionless; angles in degrees,"SYNTHETIC - physics model output, not a measurement. Aperture-lens coefficient c=0.62."
SYN-00606,B_synthetic,project_physics_generator,"Generated by this project's implementation of the classical Pierce synthesis physics. Validated against Panahi et al. 2025 Table 2 over the C >= 8 envelope: MAE 0.85 deg, MRE 2.80% across 23 published cases. NOT experimental data.",,generated,,,,,train,0.7012,3.0831,159.1985,28.9176,physics_generator,,28.9176,,,pencil,38.9010,80.4484,theta_cone_deg;theta_iterative_deg;rc_mm;Rc_mm,2.80,C >= 8,P in microperv; rw in mm; C dimensionless; angles in degrees,"SYNTHETIC - physics model output, not a measurement. Aperture-lens coefficient c=0.62."
SYN-00607,B_synthetic,project_physics_generator,"Generated by this project's implementation of the classical Pierce synthesis physics. Validated against Panahi et al. 2025 Table 2 over the C >= 8 envelope: MAE 0.85 deg, MRE 2.80% across 23 published cases. NOT experimental data.",,generated,,,,,train,1.9449,1.4855,33.0653,40.2701,physics_generator,,40.2701,,,pencil,8.5422,13.2152,theta_cone_deg;theta_iterative_deg;rc_mm;Rc_mm,2.80,C >= 8,P in microperv; rw in mm; C dimensionless; angles in degrees,"SYNTHETIC - physics model output, not a measurement. Aperture-lens coefficient c=0.62."
SYN-00608,B_synthetic,project_physics_generator,"Generated by this project's implementation of the classical Pierce synthesis physics. Validated against Panahi et al. 2025 Table 2 over the C >= 8 envelope: MAE 0.85 deg, MRE 2.80% across 23 published cases. NOT experimental data.",,generated,,,,,train,2.4119,4.1638,92.7629,53.7800,physics_generator,,53.7800,,,pencil,40.1028,49.7089,theta_cone_deg;theta_iterative_deg;rc_mm;Rc_mm,2.80,C >= 8,P in microperv; rw in mm; C dimensionless; angles in degrees,"SYNTHETIC - physics model output, not a measurement. Aperture-lens coefficient c=0.62."
SYN-00609,B_synthetic,project_physics_generator,"Generated by this project's implementation of the classical Pierce synthesis physics. Validated against Panahi et al. 2025 Table 2 over the C >= 8 envelope: MAE 0.85 deg, MRE 2.80% across 23 published cases. NOT experimental data.",,generated,,,,,train,2.7340,0.5879,214.7512,65.8965,physics_generator,,65.8965,,,pencil,8.6157,9.4387,theta_cone_deg;theta_iterative_deg;rc_mm;Rc_mm,2.80,C >= 8,P in microperv; rw in mm; C dimensionless; angles in degrees,"SYNTHETIC - physics model output, not a measurement. Aperture-lens coefficient c=0.62."
SYN-00610,B_synthetic,project_physics_generator,"Generated by this project's implementation of the classical Pierce synthesis physics. Validated against Panahi et al. 2025 Table 2 over the C >= 8 envelope: MAE 0.85 deg, MRE 2.80% across 23 published cases. NOT experimental data.",,generated,,,,,train,1.4106,3.7623,15.1301,28.8897,physics_generator,,28.8897,,,pencil,14.6342,30.2907,theta_cone_deg;theta_iterative_deg;rc_mm;Rc_mm,2.80,C >= 8,P in microperv; rw in mm; C dimensionless; angles in degrees,"SYNTHETIC - physics model output, not a measurement. Aperture-lens coefficient c=0.62."
SYN-00611,B_synthetic,project_physics_generator,"Generated by this project's implementation of the classical Pierce synthesis physics. Validated against Panahi et al. 2025 Table 2 over the C >= 8 envelope: MAE 0.85 deg, MRE 2.80% across 23 published cases. NOT experimental data.",,generated,,,,,train,1.0231,1.6647,51.9330,30.7036,physics_generator,,30.7036,,,pencil,11.9965,23.4950,theta_cone_deg;theta_iterative_deg;rc_mm;Rc_mm,2.80,C >= 8,P in microperv; rw in mm; C dimensionless; angles in degrees,"SYNTHETIC - physics model output, not a measurement. Aperture-lens coefficient c=0.62."
SYN-00612,B_synthetic,project_physics_generator,"Generated by this project's implementation of the classical Pierce synthesis physics. Validated against Panahi et al. 2025 Table 2 over the C >= 8 envelope: MAE 0.85 deg, MRE 2.80% across 23 published cases. NOT experimental data.",,generated,,,,,train,3.0978,2.9982,23.1176,48.5590,physics_generator,,48.5590,,,pencil,14.4156,19.2301,theta_cone_deg;theta_iterative_deg;rc_mm;Rc_mm,2.80,C >= 8,P in microperv; rw in mm; C dimensionless; angles in degrees,"SYNTHETIC - physics model output, not a measurement. Aperture-lens coefficient c=0.62."
SYN-00613,B_synthetic,project_physics_generator,"Generated by this project's implementation of the classical Pierce synthesis physics. Validated against Panahi et al. 2025 Table 2 over the C >= 8 envelope: MAE 0.85 deg, MRE 2.80% across 23 published cases. NOT experimental data.",,generated,,,,,train,3.2648,1.5761,128.3705,69.0217,physics_generator,,69.0217,,,pencil,17.8577,19.1254,theta_cone_deg;theta_iterative_deg;rc_mm;Rc_mm,2.80,C >= 8,P in microperv; rw in mm; C dimensionless; angles in degrees,"SYNTHETIC - physics model output, not a measurement. Aperture-lens coefficient c=0.62."
SYN-00614,B_synthetic,project_physics_generator,"Generated by this project's implementation of the classical Pierce synthesis physics. Validated against Panahi et al. 2025 Table 2 over the C >= 8 envelope: MAE 0.85 deg, MRE 2.80% across 23 published cases. NOT experimental data.",,generated,,,,,train,1.0953,2.7768,9.1036,21.9608,physics_generator,,21.9608,,,pencil,8.3782,22.4034,theta_cone_deg;theta_iterative_deg;rc_mm;Rc_mm,2.80,C >= 8,P in microperv; rw in mm; C dimensionless; angles in degrees,"SYNTHETIC - physics model output, not a measurement. Aperture-lens coefficient c=0.62."
SYN-00615,B_synthetic,project_physics_generator,"Generated by this project's implementation of the classical Pierce synthesis physics. Validated against Panahi et al. 2025 Table 2 over the C >= 8 envelope: MAE 0.85 deg, MRE 2.80% across 23 published cases. NOT experimental data.",,generated,,,,,train,1.5491,0.6869,86.2408,41.2177,physics_generator,,41.2177,,,pencil,6.3788,9.6806,theta_cone_deg;theta_iterative_deg;rc_mm;Rc_mm,2.80,C >= 8,P in microperv; rw in mm; C dimensionless; angles in degrees,"SYNTHETIC - physics model output, not a measurement. Aperture-lens coefficient c=0.62."
SYN-00616,B_synthetic,project_physics_generator,"Generated by this project's implementation of the classical Pierce synthesis physics. Validated against Panahi et al. 2025 Table 2 over the C >= 8 envelope: MAE 0.85 deg, MRE 2.80% across 23 published cases. NOT experimental data.",,generated,,,,,train,2.7815,3.9784,38.7101,50.6682,physics_generator,,50.6682,,,pencil,24.7524,32.0010,theta_cone_deg;theta_iterative_deg;rc_mm;Rc_mm,2.80,C >= 8,P in microperv; rw in mm; C dimensionless; angles in degrees,"SYNTHETIC - physics model output, not a measurement. Aperture-lens coefficient c=0.62."
SYN-00617,B_synthetic,project_physics_generator,"Generated by this project's implementation of the classical Pierce synthesis physics. Validated against Panahi et al. 2025 Table 2 over the C >= 8 envelope: MAE 0.85 deg, MRE 2.80% across 23 published cases. NOT experimental data.",,generated,,,,,train,2.2466,1.2699,13.2784,35.6431,physics_generator,,35.6431,,,pencil,4.6275,7.9410,theta_cone_deg;theta_iterative_deg;rc_mm;Rc_mm,2.80,C >= 8,P in microperv; rw in mm; C dimensionless; angles in degrees,"SYNTHETIC - physics model output, not a measurement. Aperture-lens coefficient c=0.62."
SYN-00618,B_synthetic,project_physics_generator,"Generated by this project's implementation of the classical Pierce synthesis physics. Validated against Panahi et al. 2025 Table 2 over the C >= 8 envelope: MAE 0.85 deg, MRE 2.80% across 23 published cases. NOT experimental data.",,generated,,,,,train,1.8711,4.0653,237.3337,52.1627,physics_generator,,52.1627,,,pencil,62.6287,79.3014,theta_cone_deg;theta_iterative_deg;rc_mm;Rc_mm,2.80,C >= 8,P in microperv; rw in mm; C dimensionless; angles in degrees,"SYNTHETIC - physics model output, not a measurement. Aperture-lens coefficient c=0.62."
SYN-00619,B_synthetic,project_physics_generator,"Generated by this project's implementation of the classical Pierce synthesis physics. Validated against Panahi et al. 2025 Table 2 over the C >= 8 envelope: MAE 0.85 deg, MRE 2.80% across 23 published cases. NOT experimental data.",,generated,,,,,train,0.5610,2.4754,22.1599,19.5380,physics_generator,,19.5380,,,pencil,11.6528,34.8436,theta_cone_deg;theta_iterative_deg;rc_mm;Rc_mm,2.80,C >= 8,P in microperv; rw in mm; C dimensionless; angles in degrees,"SYNTHETIC - physics model output, not a measurement. Aperture-lens coefficient c=0.62."
SYN-00620,B_synthetic,project_physics_generator,"Generated by this project's implementation of the classical Pierce synthesis physics. Validated against Panahi et al. 2025 Table 2 over the C >= 8 envelope: MAE 0.85 deg, MRE 2.80% across 23 published cases. NOT experimental data.",,generated,,,,,train,3.5869,3.1722,62.6911,64.8187,physics_generator,,64.8187,,,pencil,25.1164,27.7540,theta_cone_deg;theta_iterative_deg;rc_mm;Rc_mm,2.80,C >= 8,P in microperv; rw in mm; C dimensionless; angles in degrees,"SYNTHETIC - physics model output, not a measurement. Aperture-lens coefficient c=0.62."
SYN-00621,B_synthetic,project_physics_generator,"Generated by this project's implementation of the classical Pierce synthesis physics. Validated against Panahi et al. 2025 Table 2 over the C >= 8 envelope: MAE 0.85 deg, MRE 2.80% across 23 published cases. NOT experimental data.",,generated,,,,,train,3.3420,0.8329,27.0362,52.4833,physics_generator,,52.4833,,,pencil,4.3309,5.4602,theta_cone_deg;theta_iterative_deg;rc_mm;Rc_mm,2.80,C >= 8,P in microperv; rw in mm; C dimensionless; angles in degrees,"SYNTHETIC - physics model output, not a measurement. Aperture-lens coefficient c=0.62."
SYN-00622,B_synthetic,project_physics_generator,"Generated by this project's implementation of the classical Pierce synthesis physics. Validated against Panahi et al. 2025 Table 2 over the C >= 8 envelope: MAE 0.85 deg, MRE 2.80% across 23 published cases. NOT experimental data.",,generated,,,,,train,0.3242,3.5024,76.7451,17.8631,physics_generator,,17.8631,,,pencil,30.6823,100.0257,theta_cone_deg;theta_iterative_deg;rc_mm;Rc_mm,2.80,C >= 8,P in microperv; rw in mm; C dimensionless; angles in degrees,"SYNTHETIC - physics model output, not a measurement. Aperture-lens coefficient c=0.62."
SYN-00623,B_synthetic,project_physics_generator,"Generated by this project's implementation of the classical Pierce synthesis physics. Validated against Panahi et al. 2025 Table 2 over the C >= 8 envelope: MAE 0.85 deg, MRE 2.80% across 23 published cases. NOT experimental data.",,generated,,,,,train,1.6313,1.9124,16.2369,31.6948,physics_generator,,31.6948,,,pencil,7.7059,14.6669,theta_cone_deg;theta_iterative_deg;rc_mm;Rc_mm,2.80,C >= 8,P in microperv; rw in mm; C dimensionless; angles in degrees,"SYNTHETIC - physics model output, not a measurement. Aperture-lens coefficient c=0.62."
SYN-00624,B_synthetic,project_physics_generator,"Generated by this project's implementation of the classical Pierce synthesis physics. Validated against Panahi et al. 2025 Table 2 over the C >= 8 envelope: MAE 0.85 deg, MRE 2.80% across 23 published cases. NOT experimental data.",,generated,,,,,train,2.0120,2.7351,291.1936,55.8988,physics_generator,,55.8988,,,pencil,46.6734,56.3655,theta_cone_deg;theta_iterative_deg;rc_mm;Rc_mm,2.80,C >= 8,P in microperv; rw in mm; C dimensionless; angles in degrees,"SYNTHETIC - physics model output, not a measurement. Aperture-lens coefficient c=0.62."
SYN-00625,B_synthetic,project_physics_generator,"Generated by this project's implementation of the classical Pierce synthesis physics. Validated against Panahi et al. 2025 Table 2 over the C >= 8 envelope: MAE 0.85 deg, MRE 2.80% across 23 published cases. NOT experimental data.",,generated,,,,,train,2.5396,2.0132,112.1153,57.0939,physics_generator,,57.0939,,,pencil,21.3163,25.3897,theta_cone_deg;theta_iterative_deg;rc_mm;Rc_mm,2.80,C >= 8,P in microperv; rw in mm; C dimensionless; angles in degrees,"SYNTHETIC - physics model output, not a measurement. Aperture-lens coefficient c=0.62."
SYN-00626,B_synthetic,project_physics_generator,"Generated by this project's implementation of the classical Pierce synthesis physics. Validated against Panahi et al. 2025 Table 2 over the C >= 8 envelope: MAE 0.85 deg, MRE 2.80% across 23 published cases. NOT experimental data.",,generated,,,,,train,1.3157,3.3398,50.1319,34.9112,physics_generator,,34.9112,,,pencil,23.6474,41.3195,theta_cone_deg;theta_iterative_deg;rc_mm;Rc_mm,2.80,C >= 8,P in microperv; rw in mm; C dimensionless; angles in degrees,"SYNTHETIC - physics model output, not a measurement. Aperture-lens coefficient c=0.62."
SYN-00627,B_synthetic,project_physics_generator,"Generated by this project's implementation of the classical Pierce synthesis physics. Validated against Panahi et al. 2025 Table 2 over the C >= 8 envelope: MAE 0.85 deg, MRE 2.80% across 23 published cases. NOT experimental data.",,generated,,,,,train,0.8524,1.2498,166.5097,32.2262,physics_generator,,32.2262,,,pencil,16.1276,30.2432,theta_cone_deg;theta_iterative_deg;rc_mm;Rc_mm,2.80,C >= 8,P in microperv; rw in mm; C dimensionless; angles in degrees,"SYNTHETIC - physics model output, not a measurement. Aperture-lens coefficient c=0.62."
SYN-00628,B_synthetic,project_physics_generator,"Generated by this project's implementation of the classical Pierce synthesis physics. Validated against Panahi et al. 2025 Table 2 over the C >= 8 envelope: MAE 0.85 deg, MRE 2.80% across 23 published cases. NOT experimental data.",,generated,,,,,train,3.0266,4.4154,11.7632,40.3451,physics_generator,,40.3451,,,pencil,15.1436,23.3918,theta_cone_deg;theta_iterative_deg;rc_mm;Rc_mm,2.80,C >= 8,P in microperv; rw in mm; C dimensionless; angles in degrees,"SYNTHETIC - physics model output, not a measurement. Aperture-lens coefficient c=0.62."
SYN-00629,B_synthetic,project_physics_generator,"Generated by this project's implementation of the classical Pierce synthesis physics. Validated against Panahi et al. 2025 Table 2 over the C >= 8 envelope: MAE 0.85 deg, MRE 2.80% across 23 published cases. NOT experimental data.",,generated,,,,,train,3.0204,1.6944,101.3430,62.8707,physics_generator,,62.8707,,,pencil,17.0572,19.1659,theta_cone_deg;theta_iterative_deg;rc_mm;Rc_mm,2.80,C >= 8,P in microperv; rw in mm; C dimensionless; angles in degrees,"SYNTHETIC - physics model output, not a measurement. Aperture-lens coefficient c=0.62."
SYN-00630,B_synthetic,project_physics_generator,"Generated by this project's implementation of the classical Pierce synthesis physics. Validated against Panahi et al. 2025 Table 2 over the C >= 8 envelope: MAE 0.85 deg, MRE 2.80% across 23 published cases. NOT experimental data.",,generated,,,,,train,0.8318,2.8921,45.3314,27.0001,physics_generator,,27.0001,,,pencil,19.4723,42.8913,theta_cone_deg;theta_iterative_deg;rc_mm;Rc_mm,2.80,C >= 8,P in microperv; rw in mm; C dimensionless; angles in degrees,"SYNTHETIC - physics model output, not a measurement. Aperture-lens coefficient c=0.62."
SYN-00631,B_synthetic,project_physics_generator,"Generated by this project's implementation of the classical Pierce synthesis physics. Validated against Panahi et al. 2025 Table 2 over the C >= 8 envelope: MAE 0.85 deg, MRE 2.80% across 23 published cases. NOT experimental data.",,generated,,,,,train,1.3346,0.5524,173.8622,41.3549,physics_generator,,41.3549,,,pencil,7.2837,11.0239,theta_cone_deg;theta_iterative_deg;rc_mm;Rc_mm,2.80,C >= 8,P in microperv; rw in mm; C dimensionless; angles in degrees,"SYNTHETIC - physics model output, not a measurement. Aperture-lens coefficient c=0.62."
SYN-00632,B_synthetic,project_physics_generator,"Generated by this project's implementation of the classical Pierce synthesis physics. Validated against Panahi et al. 2025 Table 2 over the C >= 8 envelope: MAE 0.85 deg, MRE 2.80% across 23 published cases. NOT experimental data.",,generated,,,,,train,2.5478,3.8468,12.2838,37.2797,physics_generator,,37.2797,,,pencil,13.4824,22.2589,theta_cone_deg;theta_iterative_deg;rc_mm;Rc_mm,2.80,C >= 8,P in microperv; rw in mm; C dimensionless; angles in degrees,"SYNTHETIC - physics model output, not a measurement. Aperture-lens coefficient c=0.62."
SYN-00633,B_synthetic,project_physics_generator,"Generated by this project's implementation of the classical Pierce synthesis physics. Validated against Panahi et al. 2025 Table 2 over the C >= 8 envelope: MAE 0.85 deg, MRE 2.80% across 23 published cases. NOT experimental data.",,generated,,,,,train,2.0195,1.4049,26.6492,39.4734,physics_generator,,39.4734,,,pencil,7.2525,11.4083,theta_cone_deg;theta_iterative_deg;rc_mm;Rc_mm,2.80,C >= 8,P in microperv; rw in mm; C dimensionless; angles in degrees,"SYNTHETIC - physics model output, not a measurement. Aperture-lens coefficient c=0.62."
SYN-00634,B_synthetic,project_physics_generator,"Generated by this project's implementation of the classical Pierce synthesis physics. Validated against Panahi et al. 2025 Table 2 over the C >= 8 envelope: MAE 0.85 deg, MRE 2.80% across 23 published cases. NOT experimental data.",,generated,,,,,train,1.6498,4.1954,75.6523,41.9273,physics_generator,,41.9273,,,pencil,36.4910,54.6120,theta_cone_deg;theta_iterative_deg;rc_mm;Rc_mm,2.80,C >= 8,P in microperv; rw in mm; C dimensionless; angles in degrees,"SYNTHETIC - physics model output, not a measurement. Aperture-lens coefficient c=0.62."
SYN-00635,B_synthetic,project_physics_generator,"Generated by this project's implementation of the classical Pierce synthesis physics. Validated against Panahi et al. 2025 Table 2 over the C >= 8 envelope: MAE 0.85 deg, MRE 2.80% across 23 published cases. NOT experimental data.",,generated,,,,,train,0.3041,2.3557,17.4471,13.6492,physics_generator,,13.6492,,,pencil,9.8396,41.6972,theta_cone_deg;theta_iterative_deg;rc_mm;Rc_mm,2.80,C >= 8,P in microperv; rw in mm; C dimensionless; angles in degrees,"SYNTHETIC - physics model output, not a measurement. Aperture-lens coefficient c=0.62."
SYN-00636,B_synthetic,project_physics_generator,"Generated by this project's implementation of the classical Pierce synthesis physics. Validated against Panahi et al. 2025 Table 2 over the C >= 8 envelope: MAE 0.85 deg, MRE 2.80% across 23 published cases. NOT experimental data.",,generated,,,,,train,3.5790,0.9669,13.4713,45.9695,physics_generator,,45.9695,,,pencil,3.5487,4.9358,theta_cone_deg;theta_iterative_deg;rc_mm;Rc_mm,2.80,C >= 8,P in microperv; rw in mm; C dimensionless; angles in degrees,"SYNTHETIC - physics model output, not a measurement. Aperture-lens coefficient c=0.62."
SYN-00637,B_synthetic,project_physics_generator,"Generated by this project's implementation of the classical Pierce synthesis physics. Validated against Panahi et al. 2025 Table 2 over the C >= 8 envelope: MAE 0.85 deg, MRE 2.80% across 23 published cases. NOT experimental data.",,generated,,,,,train,0.5421,3.6334,240.7618,26.3465,physics_generator,,26.3465,,,pencil,56.3775,127.0339,theta_cone_deg;theta_iterative_deg;rc_mm;Rc_mm,2.80,C >= 8,P in microperv; rw in mm; C dimensionless; angles in degrees,"SYNTHETIC - physics model output, not a measurement. Aperture-lens coefficient c=0.62."
SYN-00638,B_synthetic,project_physics_generator,"Generated by this project's implementation of the classical Pierce synthesis physics. Validated against Panahi et al. 2025 Table 2 over the C >= 8 envelope: MAE 0.85 deg, MRE 2.80% across 23 published cases. NOT experimental data.",,generated,,,,,train,1.8916,1.7937,20.6228,36.1630,physics_generator,,36.1630,,,pencil,8.1455,13.8039,theta_cone_deg;theta_iterative_deg;rc_mm;Rc_mm,2.80,C >= 8,P in microperv; rw in mm; C dimensionless; angles in degrees,"SYNTHETIC - physics model output, not a measurement. Aperture-lens coefficient c=0.62."
SYN-00639,B_synthetic,project_physics_generator,"Generated by this project's implementation of the classical Pierce synthesis physics. Validated against Panahi et al. 2025 Table 2 over the C >= 8 envelope: MAE 0.85 deg, MRE 2.80% across 23 published cases. NOT experimental data.",,generated,,,,,train,2.2531,2.6194,58.3208,48.1171,physics_generator,,48.1171,,,pencil,20.0036,26.8682,theta_cone_deg;theta_iterative_deg;rc_mm;Rc_mm,2.80,C >= 8,P in microperv; rw in mm; C dimensionless; angles in degrees,"SYNTHETIC - physics model output, not a measurement. Aperture-lens coefficient c=0.62."
SYN-00640,B_synthetic,project_physics_generator,"Generated by this project's implementation of the classical Pierce synthesis physics. Validated against Panahi et al. 2025 Table 2 over the C >= 8 envelope: MAE 0.85 deg, MRE 2.80% across 23 published cases. NOT experimental data.",,generated,,,,,train,2.7874,2.1323,142.0157,62.8166,physics_generator,,62.8166,,,pencil,25.4110,28.5662,theta_cone_deg;theta_iterative_deg;rc_mm;Rc_mm,2.80,C >= 8,P in microperv; rw in mm; C dimensionless; angles in degrees,"SYNTHETIC - physics model output, not a measurement. Aperture-lens coefficient c=0.62."
SYN-00641,B_synthetic,project_physics_generator,"Generated by this project's implementation of the classical Pierce synthesis physics. Validated against Panahi et al. 2025 Table 2 over the C >= 8 envelope: MAE 0.85 deg, MRE 2.80% across 23 published cases. NOT experimental data.",,generated,,,,,train,1.5693,3.4541,10.0677,27.2782,physics_generator,,27.2782,,,pencil,10.9598,23.9134,theta_cone_deg;theta_iterative_deg;rc_mm;Rc_mm,2.80,C >= 8,P in microperv; rw in mm; C dimensionless; angles in degrees,"SYNTHETIC - physics model output, not a measurement. Aperture-lens coefficient c=0.62."
SYN-00642,B_synthetic,project_physics_generator,"Generated by this project's implementation of the classical Pierce synthesis physics. Validated against Panahi et al. 2025 Table 2 over the C >= 8 envelope: MAE 0.85 deg, MRE 2.80% across 23 published cases. NOT experimental data.",,generated,,,,,train,1.0769,1.1144,82.5937,33.6225,physics_generator,,33.6225,,,pencil,10.1280,18.2909,theta_cone_deg;theta_iterative_deg;rc_mm;Rc_mm,2.80,C >= 8,P in microperv; rw in mm; C dimensionless; angles in degrees,"SYNTHETIC - physics model output, not a measurement. Aperture-lens coefficient c=0.62."
SYN-00643,B_synthetic,project_physics_generator,"Generated by this project's implementation of the classical Pierce synthesis physics. Validated against Panahi et al. 2025 Table 2 over the C >= 8 envelope: MAE 0.85 deg, MRE 2.80% across 23 published cases. NOT experimental data.",,generated,,,,,train,3.2570,4.2848,37.0697,55.1547,physics_generator,,55.1547,,,pencil,26.0882,31.7878,theta_cone_deg;theta_iterative_deg;rc_mm;Rc_mm,2.80,C >= 8,P in microperv; rw in mm; C dimensionless; angles in degrees,"SYNTHETIC - physics model output, not a measurement. Aperture-lens coefficient c=0.62."
SYN-00644,B_synthetic,project_physics_generator,"Generated by this project's implementation of the classical Pierce synthesis physics. Validated against Panahi et al. 2025 Table 2 over the C >= 8 envelope: MAE 0.85 deg, MRE 2.80% across 23 published cases. NOT experimental data.",,generated,,,,,train,1.0428,4.4443,14.9150,24.6343,physics_generator,,24.6343,,,pencil,17.1639,41.1778,theta_cone_deg;theta_iterative_deg;rc_mm;Rc_mm,2.80,C >= 8,P in microperv; rw in mm; C dimensionless; angles in degrees,"SYNTHETIC - physics model output, not a measurement. Aperture-lens coefficient c=0.62."
SYN-00645,B_synthetic,project_physics_generator,"Generated by this project's implementation of the classical Pierce synthesis physics. Validated against Panahi et al. 2025 Table 2 over the C >= 8 envelope: MAE 0.85 deg, MRE 2.80% across 23 published cases. NOT experimental data.",,generated,,,,,train,1.3891,2.0965,55.8051,36.5254,physics_generator,,36.5254,,,pencil,15.6615,26.3140,theta_cone_deg;theta_iterative_deg;rc_mm;Rc_mm,2.80,C >= 8,P in microperv; rw in mm; C dimensionless; angles in degrees,"SYNTHETIC - physics model output, not a measurement. Aperture-lens coefficient c=0.62."
SYN-00646,B_synthetic,project_physics_generator,"Generated by this project's implementation of the classical Pierce synthesis physics. Validated against Panahi et al. 2025 Table 2 over the C >= 8 envelope: MAE 0.85 deg, MRE 2.80% across 23 published cases. NOT experimental data.",,generated,,,,,train,2.7286,3.3011,24.8495,45.9251,physics_generator,,45.9251,,,pencil,16.4557,22.9050,theta_cone_deg;theta_iterative_deg;rc_mm;Rc_mm,2.80,C >= 8,P in microperv; rw in mm; C dimensionless; angles in degrees,"SYNTHETIC - physics model output, not a measurement. Aperture-lens coefficient c=0.62."
SYN-00647,B_synthetic,project_physics_generator,"Generated by this project's implementation of the classical Pierce synthesis physics. Validated against Panahi et al. 2025 Table 2 over the C >= 8 envelope: MAE 0.85 deg, MRE 2.80% across 23 published cases. NOT experimental data.",,generated,,,,,train,2.4066,1.9472,8.1038,31.5236,physics_generator,,31.5236,,,pencil,5.5431,10.6017,theta_cone_deg;theta_iterative_deg;rc_mm;Rc_mm,2.80,C >= 8,P in microperv; rw in mm; C dimensionless; angles in degrees,"SYNTHETIC - physics model output, not a measurement. Aperture-lens coefficient c=0.62."
SYN-00648,B_synthetic,project_physics_generator,"Generated by this project's implementation of the classical Pierce synthesis physics. Validated against Panahi et al. 2025 Table 2 over the C >= 8 envelope: MAE 0.85 deg, MRE 2.80% across 23 published cases. NOT experimental data.",,generated,,,,,train,1.9240,2.6557,143.9488,49.8880,physics_generator,,49.8880,,,pencil,31.8624,41.6618,theta_cone_deg;theta_iterative_deg;rc_mm;Rc_mm,2.80,C >= 8,P in microperv; rw in mm; C dimensionless; angles in degrees,"SYNTHETIC - physics model output, not a measurement. Aperture-lens coefficient c=0.62."
SYN-00649,B_synthetic,project_physics_generator,"Generated by this project's implementation of the classical Pierce synthesis physics. Validated against Panahi et al. 2025 Table 2 over the C >= 8 envelope: MAE 0.85 deg, MRE 2.80% across 23 published cases. NOT experimental data.",,generated,,,,,train,0.7206,0.8079,34.5242,24.0232,physics_generator,,24.0232,,,pencil,4.7469,11.6601,theta_cone_deg;theta_iterative_deg;rc_mm;Rc_mm,2.80,C >= 8,P in microperv; rw in mm; C dimensionless; angles in degrees,"SYNTHETIC - physics model output, not a measurement. Aperture-lens coefficient c=0.62."
SYN-00650,B_synthetic,project_physics_generator,"Generated by this project's implementation of the classical Pierce synthesis physics. Validated against Panahi et al. 2025 Table 2 over the C >= 8 envelope: MAE 0.85 deg, MRE 2.80% across 23 published cases. NOT experimental data.",,generated,,,,,train,3.6394,3.6072,96.8714,71.0705,physics_generator,,71.0705,,,pencil,35.5032,37.5330,theta_cone_deg;theta_iterative_deg;rc_mm;Rc_mm,2.80,C >= 8,P in microperv; rw in mm; C dimensionless; angles in degrees,"SYNTHETIC - physics model output, not a measurement. Aperture-lens coefficient c=0.62."
SYN-00651,B_synthetic,project_physics_generator,"Generated by this project's implementation of the classical Pierce synthesis physics. Validated against Panahi et al. 2025 Table 2 over the C >= 8 envelope: MAE 0.85 deg, MRE 2.80% across 23 published cases. NOT experimental data.",,generated,,,,,train,3.3949,2.3842,44.6405,58.6498,physics_generator,,58.6498,,,pencil,15.9294,18.6527,theta_cone_deg;theta_iterative_deg;rc_mm;Rc_mm,2.80,C >= 8,P in microperv; rw in mm; C dimensionless; angles in degrees,"SYNTHETIC - physics model output, not a measurement. Aperture-lens coefficient c=0.62."
SYN-00652,B_synthetic,project_physics_generator,"Generated by this project's implementation of the classical Pierce synthesis physics. Validated against Panahi et al. 2025 Table 2 over the C >= 8 envelope: MAE 0.85 deg, MRE 2.80% across 23 published cases. NOT experimental data.",,generated,,,,,train,0.4842,3.2186,125.6806,23.2367,physics_generator,,23.2367,,,pencil,36.0834,91.4591,theta_cone_deg;theta_iterative_deg;rc_mm;Rc_mm,2.80,C >= 8,P in microperv; rw in mm; C dimensionless; angles in degrees,"SYNTHETIC - physics model output, not a measurement. Aperture-lens coefficient c=0.62."
SYN-00653,B_synthetic,project_physics_generator,"Generated by this project's implementation of the classical Pierce synthesis physics. Validated against Panahi et al. 2025 Table 2 over the C >= 8 envelope: MAE 0.85 deg, MRE 2.80% across 23 published cases. NOT experimental data.",,generated,,,,,train,1.6838,1.3709,10.4925,28.6540,physics_generator,,28.6540,,,pencil,4.4406,9.2606,theta_cone_deg;theta_iterative_deg;rc_mm;Rc_mm,2.80,C >= 8,P in microperv; rw in mm; C dimensionless; angles in degrees,"SYNTHETIC - physics model output, not a measurement. Aperture-lens coefficient c=0.62."
SYN-00654,B_synthetic,project_physics_generator,"Generated by this project's implementation of the classical Pierce synthesis physics. Validated against Panahi et al. 2025 Table 2 over the C >= 8 envelope: MAE 0.85 deg, MRE 2.80% across 23 published cases. NOT experimental data.",,generated,,,,,train,2.1716,4.0442,187.0114,55.5293,physics_generator,,55.5293,,,pencil,55.3059,67.0850,theta_cone_deg;theta_iterative_deg;rc_mm;Rc_mm,2.80,C >= 8,P in microperv; rw in mm; C dimensionless; angles in degrees,"SYNTHETIC - physics model output, not a measurement. Aperture-lens coefficient c=0.62."
SYN-00655,B_synthetic,project_physics_generator,"Generated by this project's implementation of the classical Pierce synthesis physics. Validated against Panahi et al. 2025 Table 2 over the C >= 8 envelope: MAE 0.85 deg, MRE 2.80% across 23 published cases. NOT experimental data.",,generated,,,,,train,2.4871,0.7041,68.4541,52.2935,physics_generator,,52.2935,,,pencil,5.8251,7.3628,theta_cone_deg;theta_iterative_deg;rc_mm;Rc_mm,2.80,C >= 8,P in microperv; rw in mm; C dimensionless; angles in degrees,"SYNTHETIC - physics model output, not a measurement. Aperture-lens coefficient c=0.62."
SYN-00656,B_synthetic,project_physics_generator,"Generated by this project's implementation of the classical Pierce synthesis physics. Validated against Panahi et al. 2025 Table 2 over the C >= 8 envelope: MAE 0.85 deg, MRE 2.80% across 23 published cases. NOT experimental data.",,generated,,,,,train,1.1562,3.8813,30.3655,30.0505,physics_generator,,30.0505,,,pencil,21.3879,42.7107,theta_cone_deg;theta_iterative_deg;rc_mm;Rc_mm,2.80,C >= 8,P in microperv; rw in mm; C dimensionless; angles in degrees,"SYNTHETIC - physics model output, not a measurement. Aperture-lens coefficient c=0.62."
SYN-00657,B_synthetic,project_physics_generator,"Generated by this project's implementation of the classical Pierce synthesis physics. Validated against Panahi et al. 2025 Table 2 over the C >= 8 envelope: MAE 0.85 deg, MRE 2.80% across 23 published cases. NOT experimental data.",,generated,,,,,train,0.7994,1.5335,259.3003,32.5904,physics_generator,,32.5904,,,pencil,24.6943,45.8465,theta_cone_deg;theta_iterative_deg;rc_mm;Rc_mm,2.80,C >= 8,P in microperv; rw in mm; C dimensionless; angles in degrees,"SYNTHETIC - physics model output, not a measurement. Aperture-lens coefficient c=0.62."
SYN-00658,B_synthetic,project_physics_generator,"Generated by this project's implementation of the classical Pierce synthesis physics. Validated against Panahi et al. 2025 Table 2 over the C >= 8 envelope: MAE 0.85 deg, MRE 2.80% across 23 published cases. NOT experimental data.",,generated,,,,,train,2.8666,2.8641,18.2012,44.0164,physics_generator,,44.0164,,,pencil,12.2192,17.5850,theta_cone_deg;theta_iterative_deg;rc_mm;Rc_mm,2.80,C >= 8,P in microperv; rw in mm; C dimensionless; angles in degrees,"SYNTHETIC - physics model output, not a measurement. Aperture-lens coefficient c=0.62."
SYN-00659,B_synthetic,project_physics_generator,"Generated by this project's implementation of the classical Pierce synthesis physics. Validated against Panahi et al. 2025 Table 2 over the C >= 8 envelope: MAE 0.85 deg, MRE 2.80% across 23 published cases. NOT experimental data.",,generated,,,,,train,2.9557,0.6236,22.2697,46.9009,physics_generator,,46.9009,,,pencil,2.9428,4.0303,theta_cone_deg;theta_iterative_deg;rc_mm;Rc_mm,2.80,C >= 8,P in microperv; rw in mm; C dimensionless; angles in degrees,"SYNTHETIC - physics model output, not a measurement. Aperture-lens coefficient c=0.62."
SYN-00660,B_synthetic,project_physics_generator,"Generated by this project's implementation of the classical Pierce synthesis physics. Validated against Panahi et al. 2025 Table 2 over the C >= 8 envelope: MAE 0.85 deg, MRE 2.80% across 23 published cases. NOT experimental data.",,generated,,,,,train,0.7673,3.7891,63.1700,27.1388,physics_generator,,27.1388,,,pencil,30.1159,66.0224,theta_cone_deg;theta_iterative_deg;rc_mm;Rc_mm,2.80,C >= 8,P in microperv; rw in mm; C dimensionless; angles in degrees,"SYNTHETIC - physics model output, not a measurement. Aperture-lens coefficient c=0.62."
SYN-00661,B_synthetic,project_physics_generator,"Generated by this project's implementation of the classical Pierce synthesis physics. Validated against Panahi et al. 2025 Table 2 over the C >= 8 envelope: MAE 0.85 deg, MRE 2.80% across 23 published cases. NOT experimental data.",,generated,,,,,train,1.2398,1.6369,13.1647,26.0962,physics_generator,,26.0962,,,pencil,5.9393,13.5022,theta_cone_deg;theta_iterative_deg;rc_mm;Rc_mm,2.80,C >= 8,P in microperv; rw in mm; C dimensionless; angles in degrees,"SYNTHETIC - physics model output, not a measurement. Aperture-lens coefficient c=0.62."
SYN-00662,B_synthetic,project_physics_generator,"Generated by this project's implementation of the classical Pierce synthesis physics. Validated against Panahi et al. 2025 Table 2 over the C >= 8 envelope: MAE 0.85 deg, MRE 2.80% across 23 published cases. NOT experimental data.",,generated,,,,,train,2.4529,2.9636,236.3706,61.9622,physics_generator,,61.9622,,,pencil,45.5637,51.6222,theta_cone_deg;theta_iterative_deg;rc_mm;Rc_mm,2.80,C >= 8,P in microperv; rw in mm; C dimensionless; angles in degrees,"SYNTHETIC - physics model output, not a measurement. Aperture-lens coefficient c=0.62."
SYN-00663,B_synthetic,project_physics_generator,"Generated by this project's implementation of the classical Pierce synthesis physics. Validated against Panahi et al. 2025 Table 2 over the C >= 8 envelope: MAE 0.85 deg, MRE 2.80% across 23 published cases. NOT experimental data.",,generated,,,,,train,2.1377,2.2881,85.8887,49.4866,physics_generator,,49.4866,,,pencil,21.2052,27.8923,theta_cone_deg;theta_iterative_deg;rc_mm;Rc_mm,2.80,C >= 8,P in microperv; rw in mm; C dimensionless; angles in degrees,"SYNTHETIC - physics model output, not a measurement. Aperture-lens coefficient c=0.62."
SYN-00664,B_synthetic,project_physics_generator,"Generated by this project's implementation of the classical Pierce synthesis physics. Validated against Panahi et al. 2025 Table 2 over the C >= 8 envelope: MAE 0.85 deg, MRE 2.80% across 23 published cases. NOT experimental data.",,generated,,,,,train,1.7678,3.1109,38.3797,39.2365,physics_generator,,39.2365,,,pencil,19.2722,30.4688,theta_cone_deg;theta_iterative_deg;rc_mm;Rc_mm,2.80,C >= 8,P in microperv; rw in mm; C dimensionless; angles in degrees,"SYNTHETIC - physics model output, not a measurement. Aperture-lens coefficient c=0.62."
SYN-00665,B_synthetic,project_physics_generator,"Generated by this project's implementation of the classical Pierce synthesis physics. Validated against Panahi et al. 2025 Table 2 over the C >= 8 envelope: MAE 0.85 deg, MRE 2.80% across 23 published cases. NOT experimental data.",,generated,,,,,train,0.4515,1.4587,129.3543,22.4846,physics_generator,,22.4846,,,pencil,16.5898,43.3795,theta_cone_deg;theta_iterative_deg;rc_mm;Rc_mm,2.80,C >= 8,P in microperv; rw in mm; C dimensionless; angles in degrees,"SYNTHETIC - physics model output, not a measurement. Aperture-lens coefficient c=0.62."
SYN-00666,B_synthetic,project_physics_generator,"Generated by this project's implementation of the classical Pierce synthesis physics. Validated against Panahi et al. 2025 Table 2 over the C >= 8 envelope: MAE 0.85 deg, MRE 2.80% across 23 published cases. NOT experimental data.",,generated,,,,,train,3.4835,4.1281,9.1484,40.0330,physics_generator,,40.0330,,,pencil,12.4860,19.4115,theta_cone_deg;theta_iterative_deg;rc_mm;Rc_mm,2.80,C >= 8,P in microperv; rw in mm; C dimensionless; angles in degrees,"SYNTHETIC - physics model output, not a measurement. Aperture-lens coefficient c=0.62."
SYN-00667,B_synthetic,project_physics_generator,"Generated by this project's implementation of the classical Pierce synthesis physics. Validated against Panahi et al. 2025 Table 2 over the C >= 8 envelope: MAE 0.85 deg, MRE 2.80% across 23 published cases. NOT experimental data.",,generated,,,,,train,0.6337,2.5479,11.8859,18.0332,physics_generator,,18.0332,,,pencil,8.7841,28.3753,theta_cone_deg;theta_iterative_deg;rc_mm;Rc_mm,2.80,C >= 8,P in microperv; rw in mm; C dimensionless; angles in degrees,"SYNTHETIC - physics model output, not a measurement. Aperture-lens coefficient c=0.62."
SYN-00668,B_synthetic,project_physics_generator,"Generated by this project's implementation of the classical Pierce synthesis physics. Validated against Panahi et al. 2025 Table 2 over the C >= 8 envelope: MAE 0.85 deg, MRE 2.80% across 23 published cases. NOT experimental data.",,generated,,,,,train,1.9595,0.8956,111.0624,48.7421,physics_generator,,48.7421,,,pencil,9.4389,12.5559,theta_cone_deg;theta_iterative_deg;rc_mm;Rc_mm,2.80,C >= 8,P in microperv; rw in mm; C dimensionless; angles in degrees,"SYNTHETIC - physics model output, not a measurement. Aperture-lens coefficient c=0.62."
SYN-00669,B_synthetic,project_physics_generator,"Generated by this project's implementation of the classical Pierce synthesis physics. Validated against Panahi et al. 2025 Table 2 over the C >= 8 envelope: MAE 0.85 deg, MRE 2.80% across 23 published cases. NOT experimental data.",,generated,,,,,train,2.3209,3.6910,49.7965,47.7026,physics_generator,,47.7026,,,pencil,26.0465,35.2141,theta_cone_deg;theta_iterative_deg;rc_mm;Rc_mm,2.80,C >= 8,P in microperv; rw in mm; C dimensionless; angles in degrees,"SYNTHETIC - physics model output, not a measurement. Aperture-lens coefficient c=0.62."
SYN-00670,B_synthetic,project_physics_generator,"Generated by this project's implementation of the classical Pierce synthesis physics. Validated against Panahi et al. 2025 Table 2 over the C >= 8 envelope: MAE 0.85 deg, MRE 2.80% across 23 published cases. NOT experimental data.",,generated,,,,,train,2.6432,1.0607,16.1277,40.8874,physics_generator,,40.8874,,,pencil,4.2595,6.5073,theta_cone_deg;theta_iterative_deg;rc_mm;Rc_mm,2.80,C >= 8,P in microperv; rw in mm; C dimensionless; angles in degrees,"SYNTHETIC - physics model output, not a measurement. Aperture-lens coefficient c=0.62."
SYN-00671,B_synthetic,project_physics_generator,"Generated by this project's implementation of the classical Pierce synthesis physics. Validated against Panahi et al. 2025 Table 2 over the C >= 8 envelope: MAE 0.85 deg, MRE 2.80% across 23 published cases. NOT experimental data.",,generated,,,,,train,1.4250,4.3521,288.4659,45.3706,physics_generator,,45.3706,,,pencil,73.9181,103.8663,theta_cone_deg;theta_iterative_deg;rc_mm;Rc_mm,2.80,C >= 8,P in microperv; rw in mm; C dimensionless; angles in degrees,"SYNTHETIC - physics model output, not a measurement. Aperture-lens coefficient c=0.62."
SYN-00672,B_synthetic,project_physics_generator,"Generated by this project's implementation of the classical Pierce synthesis physics. Validated against Panahi et al. 2025 Table 2 over the C >= 8 envelope: MAE 0.85 deg, MRE 2.80% across 23 published cases. NOT experimental data.",,generated,,,,,train,0.9554,2.1999,27.3190,26.6993,physics_generator,,26.6993,,,pencil,11.4984,25.5914,theta_cone_deg;theta_iterative_deg;rc_mm;Rc_mm,2.80,C >= 8,P in microperv; rw in mm; C dimensionless; angles in degrees,"SYNTHETIC - physics model output, not a measurement. Aperture-lens coefficient c=0.62."
SYN-00673,B_synthetic,project_physics_generator,"Generated by this project's implementation of the classical Pierce synthesis physics. Validated against Panahi et al. 2025 Table 2 over the C >= 8 envelope: MAE 0.85 deg, MRE 2.80% across 23 published cases. NOT experimental data.",,generated,,,,,train,3.1357,3.4006,77.1966,61.5792,physics_generator,,61.5792,,,pencil,29.8781,33.9726,theta_cone_deg;theta_iterative_deg;rc_mm;Rc_mm,2.80,C >= 8,P in microperv; rw in mm; C dimensionless; angles in degrees,"SYNTHETIC - physics model output, not a measurement. Aperture-lens coefficient c=0.62."
SYN-00674,B_synthetic,project_physics_generator,"Generated by this project's implementation of the classical Pierce synthesis physics. Validated against Panahi et al. 2025 Table 2 over the C >= 8 envelope: MAE 0.85 deg, MRE 2.80% across 23 published cases. NOT experimental data.",,generated,,,,,train,3.1697,2.0409,10.7357,40.1983,physics_generator,,40.1983,,,pencil,6.6871,10.3606,theta_cone_deg;theta_iterative_deg;rc_mm;Rc_mm,2.80,C >= 8,P in microperv; rw in mm; C dimensionless; angles in degrees,"SYNTHETIC - physics model output, not a measurement. Aperture-lens coefficient c=0.62."
SYN-00675,B_synthetic,project_physics_generator,"Generated by this project's implementation of the classical Pierce synthesis physics. Validated against Panahi et al. 2025 Table 2 over the C >= 8 envelope: MAE 0.85 deg, MRE 2.80% across 23 published cases. NOT experimental data.",,generated,,,,,train,1.1074,3.3744,190.5067,37.6721,physics_generator,,37.6721,,,pencil,46.5751,76.2101,theta_cone_deg;theta_iterative_deg;rc_mm;Rc_mm,2.80,C >= 8,P in microperv; rw in mm; C dimensionless; angles in degrees,"SYNTHETIC - physics model output, not a measurement. Aperture-lens coefficient c=0.62."
SYN-00676,B_synthetic,project_physics_generator,"Generated by this project's implementation of the classical Pierce synthesis physics. Validated against Panahi et al. 2025 Table 2 over the C >= 8 envelope: MAE 0.85 deg, MRE 2.80% across 23 published cases. NOT experimental data.",,generated,,,,,train,1.4841,1.2141,41.3251,36.1330,physics_generator,,36.1330,,,pencil,7.8051,13.2366,theta_cone_deg;theta_iterative_deg;rc_mm;Rc_mm,2.80,C >= 8,P in microperv; rw in mm; C dimensionless; angles in degrees,"SYNTHETIC - physics model output, not a measurement. Aperture-lens coefficient c=0.62."
SYN-00677,B_synthetic,project_physics_generator,"Generated by this project's implementation of the classical Pierce synthesis physics. Validated against Panahi et al. 2025 Table 2 over the C >= 8 envelope: MAE 0.85 deg, MRE 2.80% across 23 published cases. NOT experimental data.",,generated,,,,,train,2.8233,4.3885,116.0717,61.4333,physics_generator,,61.4333,,,pencil,47.2799,53.8336,theta_cone_deg;theta_iterative_deg;rc_mm;Rc_mm,2.80,C >= 8,P in microperv; rw in mm; C dimensionless; angles in degrees,"SYNTHETIC - physics model output, not a measurement. Aperture-lens coefficient c=0.62."
SYN-00678,B_synthetic,project_physics_generator,"Generated by this project's implementation of the classical Pierce synthesis physics. Validated against Panahi et al. 2025 Table 2 over the C >= 8 envelope: MAE 0.85 deg, MRE 2.80% across 23 published cases. NOT experimental data.",,generated,,,,,train,2.2886,0.8598,284.5843,60.5976,physics_generator,,60.5976,,,pencil,14.5046,16.6491,theta_cone_deg;theta_iterative_deg;rc_mm;Rc_mm,2.80,C >= 8,P in microperv; rw in mm; C dimensionless; angles in degrees,"SYNTHETIC - physics model output, not a measurement. Aperture-lens coefficient c=0.62."
SYN-00679,B_synthetic,project_physics_generator,"Generated by this project's implementation of the classical Pierce synthesis physics. Validated against Panahi et al. 2025 Table 2 over the C >= 8 envelope: MAE 0.85 deg, MRE 2.80% across 23 published cases. NOT experimental data.",,generated,,,,,train,1.8058,3.5380,20.0368,35.0630,physics_generator,,35.0630,,,pencil,15.8371,27.5680,theta_cone_deg;theta_iterative_deg;rc_mm;Rc_mm,2.80,C >= 8,P in microperv; rw in mm; C dimensionless; angles in degrees,"SYNTHETIC - physics model output, not a measurement. Aperture-lens coefficient c=0.62."
SYN-00680,B_synthetic,project_physics_generator,"Generated by this project's implementation of the classical Pierce synthesis physics. Validated against Panahi et al. 2025 Table 2 over the C >= 8 envelope: MAE 0.85 deg, MRE 2.80% across 23 published cases. NOT experimental data.",,generated,,,,,train,0.5729,1.8778,65.8204,23.4513,physics_generator,,23.4513,,,pencil,15.2345,38.2805,theta_cone_deg;theta_iterative_deg;rc_mm;Rc_mm,2.80,C >= 8,P in microperv; rw in mm; C dimensionless; angles in degrees,"SYNTHETIC - physics model output, not a measurement. Aperture-lens coefficient c=0.62."
SYN-00681,B_synthetic,project_physics_generator,"Generated by this project's implementation of the classical Pierce synthesis physics. Validated against Panahi et al. 2025 Table 2 over the C >= 8 envelope: MAE 0.85 deg, MRE 2.80% across 23 published cases. NOT experimental data.",,generated,,,,,train,3.4920,2.7074,29.3323,54.8036,physics_generator,,54.8036,,,pencil,14.6630,17.9435,theta_cone_deg;theta_iterative_deg;rc_mm;Rc_mm,2.80,C >= 8,P in microperv; rw in mm; C dimensionless; angles in degrees,"SYNTHETIC - physics model output, not a measurement. Aperture-lens coefficient c=0.62."
SYN-00682,B_synthetic,project_physics_generator,"Generated by this project's implementation of the classical Pierce synthesis physics. Validated against Panahi et al. 2025 Table 2 over the C >= 8 envelope: MAE 0.85 deg, MRE 2.80% across 23 published cases. NOT experimental data.",,generated,,,,,train,3.3033,1.2978,50.9387,59.1155,physics_generator,,59.1155,,,pencil,9.2628,10.7933,theta_cone_deg;theta_iterative_deg;rc_mm;Rc_mm,2.80,C >= 8,P in microperv; rw in mm; C dimensionless; angles in degrees,"SYNTHETIC - physics model output, not a measurement. Aperture-lens coefficient c=0.62."
SYN-00683,B_synthetic,project_physics_generator,"Generated by this project's implementation of the classical Pierce synthesis physics. Validated against Panahi et al. 2025 Table 2 over the C >= 8 envelope: MAE 0.85 deg, MRE 2.80% across 23 published cases. NOT experimental data.",,generated,,,,,train,0.3927,4.1001,22.6137,16.3655,physics_generator,,16.3655,,,pencil,19.4974,69.1978,theta_cone_deg;theta_iterative_deg;rc_mm;Rc_mm,2.80,C >= 8,P in microperv; rw in mm; C dimensionless; angles in degrees,"SYNTHETIC - physics model output, not a measurement. Aperture-lens coefficient c=0.62."
SYN-00684,B_synthetic,project_physics_generator,"Generated by this project's implementation of the classical Pierce synthesis physics. Validated against Panahi et al. 2025 Table 2 over the C >= 8 envelope: MAE 0.85 deg, MRE 2.80% across 23 published cases. NOT experimental data.",,generated,,,,,train,1.6160,2.4398,219.7461,47.3770,physics_generator,,47.3770,,,pencil,36.1670,49.1516,theta_cone_deg;theta_iterative_deg;rc_mm;Rc_mm,2.80,C >= 8,P in microperv; rw in mm; C dimensionless; angles in degrees,"SYNTHETIC - physics model output, not a measurement. Aperture-lens coefficient c=0.62."
SYN-00685,B_synthetic,project_physics_generator,"Generated by this project's implementation of the classical Pierce synthesis physics. Validated against Panahi et al. 2025 Table 2 over the C >= 8 envelope: MAE 0.85 deg, MRE 2.80% across 23 published cases. NOT experimental data.",,generated,,,,,train,2.1036,3.1453,15.4126,35.7806,physics_generator,,35.7806,,,pencil,12.3482,21.1195,theta_cone_deg;theta_iterative_deg;rc_mm;Rc_mm,2.80,C >= 8,P in microperv; rw in mm; C dimensionless; angles in degrees,"SYNTHETIC - physics model output, not a measurement. Aperture-lens coefficient c=0.62."
SYN-00686,B_synthetic,project_physics_generator,"Generated by this project's implementation of the classical Pierce synthesis physics. Validated against Panahi et al. 2025 Table 2 over the C >= 8 envelope: MAE 0.85 deg, MRE 2.80% across 23 published cases. NOT experimental data.",,generated,,,,,train,2.6314,1.6030,33.6815,47.8133,physics_generator,,47.8133,,,pencil,9.3029,12.5552,theta_cone_deg;theta_iterative_deg;rc_mm;Rc_mm,2.80,C >= 8,P in microperv; rw in mm; C dimensionless; angles in degrees,"SYNTHETIC - physics model output, not a measurement. Aperture-lens coefficient c=0.62."
SYN-00687,B_synthetic,project_physics_generator,"Generated by this project's implementation of the classical Pierce synthesis physics. Validated against Panahi et al. 2025 Table 2 over the C >= 8 envelope: MAE 0.85 deg, MRE 2.80% across 23 published cases. NOT experimental data.",,generated,,,,,train,1.3003,2.8124,94.9229,37.9000,physics_generator,,37.9000,,,pencil,27.4010,44.6063,theta_cone_deg;theta_iterative_deg;rc_mm;Rc_mm,2.80,C >= 8,P in microperv; rw in mm; C dimensionless; angles in degrees,"SYNTHETIC - physics model output, not a measurement. Aperture-lens coefficient c=0.62."
SYN-00688,B_synthetic,project_physics_generator,"Generated by this project's implementation of the classical Pierce synthesis physics. Validated against Panahi et al. 2025 Table 2 over the C >= 8 envelope: MAE 0.85 deg, MRE 2.80% across 23 published cases. NOT experimental data.",,generated,,,,,train,0.9207,0.6521,8.7697,19.8508,physics_generator,,19.8508,,,pencil,1.9312,5.6871,theta_cone_deg;theta_iterative_deg;rc_mm;Rc_mm,2.80,C >= 8,P in microperv; rw in mm; C dimensionless; angles in degrees,"SYNTHETIC - physics model output, not a measurement. Aperture-lens coefficient c=0.62."
SYN-00689,B_synthetic,project_physics_generator,"Generated by this project's implementation of the classical Pierce synthesis physics. Validated against Panahi et al. 2025 Table 2 over the C >= 8 envelope: MAE 0.85 deg, MRE 2.80% across 23 published cases. NOT experimental data.",,generated,,,,,train,2.9881,3.9504,156.1465,66.8778,physics_generator,,66.8778,,,pencil,49.3641,53.6760,theta_cone_deg;theta_iterative_deg;rc_mm;Rc_mm,2.80,C >= 8,P in microperv; rw in mm; C dimensionless; angles in degrees,"SYNTHETIC - physics model output, not a measurement. Aperture-lens coefficient c=0.62."
SYN-00690,B_synthetic,project_physics_generator,"Generated by this project's implementation of the classical Pierce synthesis physics. Validated against Panahi et al. 2025 Table 2 over the C >= 8 envelope: MAE 0.85 deg, MRE 2.80% across 23 published cases. NOT experimental data.",,generated,,,,,train,2.9772,1.4692,9.5709,37.4317,physics_generator,,37.4317,,,pencil,4.5452,7.4780,theta_cone_deg;theta_iterative_deg;rc_mm;Rc_mm,2.80,C >= 8,P in microperv; rw in mm; C dimensionless; angles in degrees,"SYNTHETIC - physics model output, not a measurement. Aperture-lens coefficient c=0.62."
SYN-00691,B_synthetic,project_physics_generator,"Generated by this project's implementation of the classical Pierce synthesis physics. Validated against Panahi et al. 2025 Table 2 over the C >= 8 envelope: MAE 0.85 deg, MRE 2.80% across 23 published cases. NOT experimental data.",,generated,,,,,train,0.9015,4.1787,134.9936,32.4440,physics_generator,,32.4440,,,pencil,48.5504,90.4989,theta_cone_deg;theta_iterative_deg;rc_mm;Rc_mm,2.80,C >= 8,P in microperv; rw in mm; C dimensionless; angles in degrees,"SYNTHETIC - physics model output, not a measurement. Aperture-lens coefficient c=0.62."
SYN-00692,B_synthetic,project_physics_generator,"Generated by this project's implementation of the classical Pierce synthesis physics. Validated against Panahi et al. 2025 Table 2 over the C >= 8 envelope: MAE 0.85 deg, MRE 2.80% across 23 published cases. NOT experimental data.",,generated,,,,,train,1.2648,2.2684,36.8098,32.5570,physics_generator,,32.5570,,,pencil,13.7628,25.5749,theta_cone_deg;theta_iterative_deg;rc_mm;Rc_mm,2.80,C >= 8,P in microperv; rw in mm; C dimensionless; angles in degrees,"SYNTHETIC - physics model output, not a measurement. Aperture-lens coefficient c=0.62."
SYN-00693,B_synthetic,project_physics_generator,"Generated by this project's implementation of the classical Pierce synthesis physics. Validated against Panahi et al. 2025 Table 2 over the C >= 8 envelope: MAE 0.85 deg, MRE 2.80% across 23 published cases. NOT experimental data.",,generated,,,,,train,2.5910,3.0668,82.0234,55.1422,physics_generator,,55.1422,,,pencil,27.7746,33.8478,theta_cone_deg;theta_iterative_deg;rc_mm;Rc_mm,2.80,C >= 8,P in microperv; rw in mm; C dimensionless; angles in degrees,"SYNTHETIC - physics model output, not a measurement. Aperture-lens coefficient c=0.62."
SYN-00694,B_synthetic,project_physics_generator,"Generated by this project's implementation of the classical Pierce synthesis physics. Validated against Panahi et al. 2025 Table 2 over the C >= 8 envelope: MAE 0.85 deg, MRE 2.80% across 23 published cases. NOT experimental data.",,generated,,,,,train,2.0560,1.6815,253.2582,55.7278,physics_generator,,55.7278,,,pencil,26.7603,32.3828,theta_cone_deg;theta_iterative_deg;rc_mm;Rc_mm,2.80,C >= 8,P in microperv; rw in mm; C dimensionless; angles in degrees,"SYNTHETIC - physics model output, not a measurement. Aperture-lens coefficient c=0.62."
SYN-00695,B_synthetic,project_physics_generator,"Generated by this project's implementation of the classical Pierce synthesis physics. Validated against Panahi et al. 2025 Table 2 over the C >= 8 envelope: MAE 0.85 deg, MRE 2.80% across 23 published cases. NOT experimental data.",,generated,,,,,train,1.5867,2.9838,14.1722,30.2166,physics_generator,,30.2166,,,pencil,11.2327,22.3194,theta_cone_deg;theta_iterative_deg;rc_mm;Rc_mm,2.80,C >= 8,P in microperv; rw in mm; C dimensionless; angles in degrees,"SYNTHETIC - physics model output, not a measurement. Aperture-lens coefficient c=0.62."
SYN-00696,B_synthetic,project_physics_generator,"Generated by this project's implementation of the classical Pierce synthesis physics. Validated against Panahi et al. 2025 Table 2 over the C >= 8 envelope: MAE 0.85 deg, MRE 2.80% across 23 published cases. NOT experimental data.",,generated,,,,,train,0.3671,0.5735,58.7327,18.3909,physics_generator,,18.3909,,,pencil,4.3954,13.9317,theta_cone_deg;theta_iterative_deg;rc_mm;Rc_mm,2.80,C >= 8,P in microperv; rw in mm; C dimensionless; angles in degrees,"SYNTHETIC - physics model output, not a measurement. Aperture-lens coefficient c=0.62."
SYN-00697,B_synthetic,project_physics_generator,"Generated by this project's implementation of the classical Pierce synthesis physics. Validated against Panahi et al. 2025 Table 2 over the C >= 8 envelope: MAE 0.85 deg, MRE 2.80% across 23 published cases. NOT experimental data.",,generated,,,,,train,3.2993,3.7791,20.7659,49.1083,physics_generator,,49.1083,,,pencil,17.2212,22.7809,theta_cone_deg;theta_iterative_deg;rc_mm;Rc_mm,2.80,C >= 8,P in microperv; rw in mm; C dimensionless; angles in degrees,"SYNTHETIC - physics model output, not a measurement. Aperture-lens coefficient c=0.62."
SYN-00698,B_synthetic,project_physics_generator,"Generated by this project's implementation of the classical Pierce synthesis physics. Validated against Panahi et al. 2025 Table 2 over the C >= 8 envelope: MAE 0.85 deg, MRE 2.80% across 23 published cases. NOT experimental data.",,generated,,,,,train,3.5358,2.2436,71.9519,65.8718,physics_generator,,65.8718,,,pencil,19.0310,20.8528,theta_cone_deg;theta_iterative_deg;rc_mm;Rc_mm,2.80,C >= 8,P in microperv; rw in mm; C dimensionless; angles in degrees,"SYNTHETIC - physics model output, not a measurement. Aperture-lens coefficient c=0.62."
SYN-00699,B_synthetic,project_physics_generator,"Generated by this project's implementation of the classical Pierce synthesis physics. Validated against Panahi et al. 2025 Table 2 over the C >= 8 envelope: MAE 0.85 deg, MRE 2.80% across 23 published cases. NOT experimental data.",,generated,,,,,train,0.6118,3.4218,25.3426,20.9420,physics_generator,,20.9420,,,pencil,17.2259,48.1946,theta_cone_deg;theta_iterative_deg;rc_mm;Rc_mm,2.80,C >= 8,P in microperv; rw in mm; C dimensionless; angles in degrees,"SYNTHETIC - physics model output, not a measurement. Aperture-lens coefficient c=0.62."
SYN-00700,B_synthetic,project_physics_generator,"Generated by this project's implementation of the classical Pierce synthesis physics. Validated against Panahi et al. 2025 Table 2 over the C >= 8 envelope: MAE 0.85 deg, MRE 2.80% across 23 published cases. NOT experimental data.",,generated,,,,,train,1.8218,1.0115,310.6794,52.9362,physics_generator,,52.9362,,,pencil,17.8284,22.3423,theta_cone_deg;theta_iterative_deg;rc_mm;Rc_mm,2.80,C >= 8,P in microperv; rw in mm; C dimensionless; angles in degrees,"SYNTHETIC - physics model output, not a measurement. Aperture-lens coefficient c=0.62."
SYN-00701,B_synthetic,project_physics_generator,"Generated by this project's implementation of the classical Pierce synthesis physics. Validated against Panahi et al. 2025 Table 2 over the C >= 8 envelope: MAE 0.85 deg, MRE 2.80% across 23 published cases. NOT experimental data.",,generated,,,,,train,2.2963,4.3411,17.3190,38.5666,physics_generator,,38.5666,,,pencil,18.0659,28.9785,theta_cone_deg;theta_iterative_deg;rc_mm;Rc_mm,2.80,C >= 8,P in microperv; rw in mm; C dimensionless; angles in degrees,"SYNTHETIC - physics model output, not a measurement. Aperture-lens coefficient c=0.62."
SYN-00702,B_synthetic,project_physics_generator,"Generated by this project's implementation of the classical Pierce synthesis physics. Validated against Panahi et al. 2025 Table 2 over the C >= 8 envelope: MAE 0.85 deg, MRE 2.80% across 23 published cases. NOT experimental data.",,generated,,,,,train,2.8239,0.9072,47.6629,53.0846,physics_generator,,53.0846,,,pencil,6.2632,7.8336,theta_cone_deg;theta_iterative_deg;rc_mm;Rc_mm,2.80,C >= 8,P in microperv; rw in mm; C dimensionless; angles in degrees,"SYNTHETIC - physics model output, not a measurement. Aperture-lens coefficient c=0.62."
SYN-00703,B_synthetic,project_physics_generator,"Generated by this project's implementation of the classical Pierce synthesis physics. Validated against Panahi et al. 2025 Table 2 over the C >= 8 envelope: MAE 0.85 deg, MRE 2.80% across 23 published cases. NOT experimental data.",,generated,,,,,train,1.5062,3.7407,106.5666,41.7187,physics_generator,,41.7187,,,pencil,38.6157,58.0275,theta_cone_deg;theta_iterative_deg;rc_mm;Rc_mm,2.80,C >= 8,P in microperv; rw in mm; C dimensionless; angles in degrees,"SYNTHETIC - physics model output, not a measurement. Aperture-lens coefficient c=0.62."
SYN-00704,B_synthetic,project_physics_generator,"Generated by this project's implementation of the classical Pierce synthesis physics. Validated against Panahi et al. 2025 Table 2 over the C >= 8 envelope: MAE 0.85 deg, MRE 2.80% across 23 published cases. NOT experimental data.",,generated,,,,,train,1.1400,1.8304,12.3760,24.5879,physics_generator,,24.5879,,,pencil,6.4392,15.4757,theta_cone_deg;theta_iterative_deg;rc_mm;Rc_mm,2.80,C >= 8,P in microperv; rw in mm; C dimensionless; angles in degrees,"SYNTHETIC - physics model output, not a measurement. Aperture-lens coefficient c=0.62."
SYN-00705,B_synthetic,project_physics_generator,"Generated by this project's implementation of the classical Pierce synthesis physics. Validated against Panahi et al. 2025 Table 2 over the C >= 8 envelope: MAE 0.85 deg, MRE 2.80% across 23 published cases. NOT experimental data.",,generated,,,,,train,3.1484,1.9287,31.4843,52.3250,physics_generator,,52.3250,,,pencil,10.8223,13.6733,theta_cone_deg;theta_iterative_deg;rc_mm;Rc_mm,2.80,C >= 8,P in microperv; rw in mm; C dimensionless; angles in degrees,"SYNTHETIC - physics model output, not a measurement. Aperture-lens coefficient c=0.62."
SYN-00706,B_synthetic,project_physics_generator,"Generated by this project's implementation of the classical Pierce synthesis physics. Validated against Panahi et al. 2025 Table 2 over the C >= 8 envelope: MAE 0.85 deg, MRE 2.80% across 23 published cases. NOT experimental data.",,generated,,,,,train,0.9730,2.7202,70.9858,31.2297,physics_generator,,31.2297,,,pencil,22.9188,44.2046,theta_cone_deg;theta_iterative_deg;rc_mm;Rc_mm,2.80,C >= 8,P in microperv; rw in mm; C dimensionless; angles in degrees,"SYNTHETIC - physics model output, not a measurement. Aperture-lens coefficient c=0.62."
SYN-00707,B_synthetic,project_physics_generator,"Generated by this project's implementation of the classical Pierce synthesis physics. Validated against Panahi et al. 2025 Table 2 over the C >= 8 envelope: MAE 0.85 deg, MRE 2.80% across 23 published cases. NOT experimental data.",,generated,,,,,train,1.4588,0.8180,18.5959,30.8326,physics_generator,,30.8326,,,pencil,3.5276,6.8828,theta_cone_deg;theta_iterative_deg;rc_mm;Rc_mm,2.80,C >= 8,P in microperv; rw in mm; C dimensionless; angles in degrees,"SYNTHETIC - physics model output, not a measurement. Aperture-lens coefficient c=0.62."
SYN-00708,B_synthetic,project_physics_generator,"Generated by this project's implementation of the classical Pierce synthesis physics. Validated against Panahi et al. 2025 Table 2 over the C >= 8 envelope: MAE 0.85 deg, MRE 2.80% across 23 published cases. NOT experimental data.",,generated,,,,,train,2.6854,3.5187,264.8882,67.0523,physics_generator,,67.0523,,,pencil,57.2684,62.1900,theta_cone_deg;theta_iterative_deg;rc_mm;Rc_mm,2.80,C >= 8,P in microperv; rw in mm; C dimensionless; angles in degrees,"SYNTHETIC - physics model output, not a measurement. Aperture-lens coefficient c=0.62."
SYN-00709,B_synthetic,project_physics_generator,"Generated by this project's implementation of the classical Pierce synthesis physics. Validated against Panahi et al. 2025 Table 2 over the C >= 8 envelope: MAE 0.85 deg, MRE 2.80% across 23 published cases. NOT experimental data.",,generated,,,,,train,2.3700,1.2330,121.2121,55.3047,physics_generator,,55.3047,,,pencil,13.5748,16.5105,theta_cone_deg;theta_iterative_deg;rc_mm;Rc_mm,2.80,C >= 8,P in microperv; rw in mm; C dimensionless; angles in degrees,"SYNTHETIC - physics model output, not a measurement. Aperture-lens coefficient c=0.62."
SYN-00710,B_synthetic,project_physics_generator,"Generated by this project's implementation of the classical Pierce synthesis physics. Validated against Panahi et al. 2025 Table 2 over the C >= 8 envelope: MAE 0.85 deg, MRE 2.80% across 23 published cases. NOT experimental data.",,generated,,,,,train,1.9870,4.4298,43.0494,42.6578,physics_generator,,42.6578,,,pencil,29.0645,42.8922,theta_cone_deg;theta_iterative_deg;rc_mm;Rc_mm,2.80,C >= 8,P in microperv; rw in mm; C dimensionless; angles in degrees,"SYNTHETIC - physics model output, not a measurement. Aperture-lens coefficient c=0.62."
SYN-00711,B_synthetic,project_physics_generator,"Generated by this project's implementation of the classical Pierce synthesis physics. Validated against Panahi et al. 2025 Table 2 over the C >= 8 envelope: MAE 0.85 deg, MRE 2.80% across 23 published cases. NOT experimental data.",,generated,,,,,train,0.6575,2.0276,183.0451,28.3658,physics_generator,,28.3658,,,pencil,27.4320,57.7396,theta_cone_deg;theta_iterative_deg;rc_mm;Rc_mm,2.80,C >= 8,P in microperv; rw in mm; C dimensionless; angles in degrees,"SYNTHETIC - physics model output, not a measurement. Aperture-lens coefficient c=0.62."
SYN-00712,B_synthetic,project_physics_generator,"Generated by this project's implementation of the classical Pierce synthesis physics. Validated against Panahi et al. 2025 Table 2 over the C >= 8 envelope: MAE 0.85 deg, MRE 2.80% across 23 published cases. NOT experimental data.",,generated,,,,,train,3.6759,3.3230,10.2709,42.8942,physics_generator,,42.8942,,,pencil,10.6496,15.6463,theta_cone_deg;theta_iterative_deg;rc_mm;Rc_mm,2.80,C >= 8,P in microperv; rw in mm; C dimensionless; angles in degrees,"SYNTHETIC - physics model output, not a measurement. Aperture-lens coefficient c=0.62."
SYN-00713,B_synthetic,project_physics_generator,"Generated by this project's implementation of the classical Pierce synthesis physics. Validated against Panahi et al. 2025 Table 2 over the C >= 8 envelope: MAE 0.85 deg, MRE 2.80% across 23 published cases. NOT experimental data.",,generated,,,,,train,0.4144,3.9928,8.3995,13.0679,physics_generator,,13.0679,,,pencil,11.5719,51.1791,theta_cone_deg;theta_iterative_deg;rc_mm;Rc_mm,2.80,C >= 8,P in microperv; rw in mm; C dimensionless; angles in degrees,"SYNTHETIC - physics model output, not a measurement. Aperture-lens coefficient c=0.62."
SYN-00714,B_synthetic,project_physics_generator,"Generated by this project's implementation of the classical Pierce synthesis physics. Validated against Panahi et al. 2025 Table 2 over the C >= 8 envelope: MAE 0.85 deg, MRE 2.80% across 23 published cases. NOT experimental data.",,generated,,,,,train,1.7535,1.5905,99.0149,45.0183,physics_generator,,45.0183,,,pencil,15.8268,22.3753,theta_cone_deg;theta_iterative_deg;rc_mm;Rc_mm,2.80,C >= 8,P in microperv; rw in mm; C dimensionless; angles in degrees,"SYNTHETIC - physics model output, not a measurement. Aperture-lens coefficient c=0.62."
SYN-00715,B_synthetic,project_physics_generator,"Generated by this project's implementation of the classical Pierce synthesis physics. Validated against Panahi et al. 2025 Table 2 over the C >= 8 envelope: MAE 0.85 deg, MRE 2.80% across 23 published cases. NOT experimental data.",,generated,,,,,train,2.1284,2.7600,35.2849,42.8145,physics_generator,,42.8145,,,pencil,16.3945,24.1229,theta_cone_deg;theta_iterative_deg;rc_mm;Rc_mm,2.80,C >= 8,P in microperv; rw in mm; C dimensionless; angles in degrees,"SYNTHETIC - physics model output, not a measurement. Aperture-lens coefficient c=0.62."
SYN-00716,B_synthetic,project_physics_generator,"Generated by this project's implementation of the classical Pierce synthesis physics. Validated against Panahi et al. 2025 Table 2 over the C >= 8 envelope: MAE 0.85 deg, MRE 2.80% across 23 published cases. NOT experimental data.",,generated,,,,,train,2.4505,2.4917,14.3914,38.1337,physics_generator,,38.1337,,,pencil,9.4527,15.3080,theta_cone_deg;theta_iterative_deg;rc_mm;Rc_mm,2.80,C >= 8,P in microperv; rw in mm; C dimensionless; angles in degrees,"SYNTHETIC - physics model output, not a measurement. Aperture-lens coefficient c=0.62."
SYN-00717,B_synthetic,project_physics_generator,"Generated by this project's implementation of the classical Pierce synthesis physics. Validated against Panahi et al. 2025 Table 2 over the C >= 8 envelope: MAE 0.85 deg, MRE 2.80% across 23 published cases. NOT experimental data.",,generated,,,,,train,1.2192,3.1573,204.2149,40.0287,physics_generator,,40.0287,,,pencil,45.1188,70.1506,theta_cone_deg;theta_iterative_deg;rc_mm;Rc_mm,2.80,C >= 8,P in microperv; rw in mm; C dimensionless; angles in degrees,"SYNTHETIC - physics model output, not a measurement. Aperture-lens coefficient c=0.62."
SYN-00718,B_synthetic,project_physics_generator,"Generated by this project's implementation of the classical Pierce synthesis physics. Validated against Panahi et al. 2025 Table 2 over the C >= 8 envelope: MAE 0.85 deg, MRE 2.80% across 23 published cases. NOT experimental data.",,generated,,,,,train,0.7363,1.2550,24.3111,22.8500,physics_generator,,22.8500,,,pencil,6.1880,15.9353,theta_cone_deg;theta_iterative_deg;rc_mm;Rc_mm,2.80,C >= 8,P in microperv; rw in mm; C dimensionless; angles in degrees,"SYNTHETIC - physics model output, not a measurement. Aperture-lens coefficient c=0.62."
SYN-00719,B_synthetic,project_physics_generator,"Generated by this project's implementation of the classical Pierce synthesis physics. Validated against Panahi et al. 2025 Table 2 over the C >= 8 envelope: MAE 0.85 deg, MRE 2.80% across 23 published cases. NOT experimental data.",,generated,,,,,train,2.9031,4.0817,54.6033,55.2795,physics_generator,,55.2795,,,pencil,30.1612,36.6951,theta_cone_deg;theta_iterative_deg;rc_mm;Rc_mm,2.80,C >= 8,P in microperv; rw in mm; C dimensionless; angles in degrees,"SYNTHETIC - physics model output, not a measurement. Aperture-lens coefficient c=0.62."
SYN-00720,B_synthetic,project_physics_generator,"Generated by this project's implementation of the classical Pierce synthesis physics. Validated against Panahi et al. 2025 Table 2 over the C >= 8 envelope: MAE 0.85 deg, MRE 2.80% across 23 published cases. NOT experimental data.",,generated,,,,,train,0.8105,3.0151,16.7147,22.2307,physics_generator,,22.2307,,,pencil,12.3267,32.5812,theta_cone_deg;theta_iterative_deg;rc_mm;Rc_mm,2.80,C >= 8,P in microperv; rw in mm; C dimensionless; angles in degrees,"SYNTHETIC - physics model output, not a measurement. Aperture-lens coefficient c=0.62."
SYN-00721,B_synthetic,project_physics_generator,"Generated by this project's implementation of the classical Pierce synthesis physics. Validated against Panahi et al. 2025 Table 2 over the C >= 8 envelope: MAE 0.85 deg, MRE 2.80% across 23 published cases. NOT experimental data.",,generated,,,,,train,1.1967,1.4173,78.8969,35.3693,physics_generator,,35.3693,,,pencil,12.5886,21.7477,theta_cone_deg;theta_iterative_deg;rc_mm;Rc_mm,2.80,C >= 8,P in microperv; rw in mm; C dimensionless; angles in degrees,"SYNTHETIC - physics model output, not a measurement. Aperture-lens coefficient c=0.62."
SYN-00722,B_synthetic,project_physics_generator,"Generated by this project's implementation of the classical Pierce synthesis physics. Validated against Panahi et al. 2025 Table 2 over the C >= 8 envelope: MAE 0.85 deg, MRE 2.80% across 23 published cases. NOT experimental data.",,generated,,,,,train,2.5226,4.2478,27.9236,45.0190,physics_generator,,45.0190,,,pencil,22.4467,31.7339,theta_cone_deg;theta_iterative_deg;rc_mm;Rc_mm,2.80,C >= 8,P in microperv; rw in mm; C dimensionless; angles in degrees,"SYNTHETIC - physics model output, not a measurement. Aperture-lens coefficient c=0.62."
SYN-00723,B_synthetic,project_physics_generator,"Generated by this project's implementation of the classical Pierce synthesis physics. Validated against Panahi et al. 2025 Table 2 over the C >= 8 envelope: MAE 0.85 deg, MRE 2.80% across 23 published cases. NOT experimental data.",,generated,,,,,train,2.2008,0.5005,11.4672,33.8274,physics_generator,,33.8274,,,pencil,1.6947,3.0443,theta_cone_deg;theta_iterative_deg;rc_mm;Rc_mm,2.80,C >= 8,P in microperv; rw in mm; C dimensionless; angles in degrees,"SYNTHETIC - physics model output, not a measurement. Aperture-lens coefficient c=0.62."
SYN-00724,B_synthetic,project_physics_generator,"Generated by this project's implementation of the classical Pierce synthesis physics. Validated against Panahi et al. 2025 Table 2 over the C >= 8 envelope: MAE 0.85 deg, MRE 2.80% across 23 published cases. NOT experimental data.",,generated,,,,,train,1.7313,3.8350,161.6135,47.5691,physics_generator,,47.5691,,,pencil,48.7528,66.0525,theta_cone_deg;theta_iterative_deg;rc_mm;Rc_mm,2.80,C >= 8,P in microperv; rw in mm; C dimensionless; angles in degrees,"SYNTHETIC - physics model output, not a measurement. Aperture-lens coefficient c=0.62."
SYN-00725,B_synthetic,project_physics_generator,"Generated by this project's implementation of the classical Pierce synthesis physics. Validated against Panahi et al. 2025 Table 2 over the C >= 8 envelope: MAE 0.85 deg, MRE 2.80% across 23 published cases. NOT experimental data.",,generated,,,,,train,0.4880,1.7371,48.7235,20.7268,physics_generator,,20.7268,,,pencil,12.1255,34.2614,theta_cone_deg;theta_iterative_deg;rc_mm;Rc_mm,2.80,C >= 8,P in microperv; rw in mm; C dimensionless; angles in degrees,"SYNTHETIC - physics model output, not a measurement. Aperture-lens coefficient c=0.62."
SYN-00726,B_synthetic,project_physics_generator,"Generated by this project's implementation of the classical Pierce synthesis physics. Validated against Panahi et al. 2025 Table 2 over the C >= 8 envelope: MAE 0.85 deg, MRE 2.80% across 23 published cases. NOT experimental data.",,generated,,,,,train,3.4204,2.9105,108.6564,69.3515,physics_generator,,69.3515,,,pencil,30.3384,32.4210,theta_cone_deg;theta_iterative_deg;rc_mm;Rc_mm,2.80,C >= 8,P in microperv; rw in mm; C dimensionless; angles in degrees,"SYNTHETIC - physics model output, not a measurement. Aperture-lens coefficient c=0.62."
SYN-00727,B_synthetic,project_physics_generator,"Generated by this project's implementation of the classical Pierce synthesis physics. Validated against Panahi et al. 2025 Table 2 over the C >= 8 envelope: MAE 0.85 deg, MRE 2.80% across 23 published cases. NOT experimental data.",,generated,,,,,train,3.6007,1.0634,39.7987,59.4745,physics_generator,,59.4745,,,pencil,6.7088,7.7883,theta_cone_deg;theta_iterative_deg;rc_mm;Rc_mm,2.80,C >= 8,P in microperv; rw in mm; C dimensionless; angles in degrees,"SYNTHETIC - physics model output, not a measurement. Aperture-lens coefficient c=0.62."
SYN-00728,B_synthetic,project_physics_generator,"Generated by this project's implementation of the classical Pierce synthesis physics. Validated against Panahi et al. 2025 Table 2 over the C >= 8 envelope: MAE 0.85 deg, MRE 2.80% across 23 published cases. NOT experimental data.",,generated,,,,,train,0.6768,4.2719,89.0538,26.5657,physics_generator,,26.5657,,,pencil,40.3134,90.1415,theta_cone_deg;theta_iterative_deg;rc_mm;Rc_mm,2.80,C >= 8,P in microperv; rw in mm; C dimensionless; angles in degrees,"SYNTHETIC - physics model output, not a measurement. Aperture-lens coefficient c=0.62."
SYN-00729,B_synthetic,project_physics_generator,"Generated by this project's implementation of the classical Pierce synthesis physics. Validated against Panahi et al. 2025 Table 2 over the C >= 8 envelope: MAE 0.85 deg, MRE 2.80% across 23 published cases. NOT experimental data.",,generated,,,,,train,1.9164,2.1742,9.3457,29.5085,physics_generator,,29.5085,,,pencil,6.6466,13.4943,theta_cone_deg;theta_iterative_deg;rc_mm;Rc_mm,2.80,C >= 8,P in microperv; rw in mm; C dimensionless; angles in degrees,"SYNTHETIC - physics model output, not a measurement. Aperture-lens coefficient c=0.62."
SYN-00730,B_synthetic,project_physics_generator,"Generated by this project's implementation of the classical Pierce synthesis physics. Validated against Panahi et al. 2025 Table 2 over the C >= 8 envelope: MAE 0.85 deg, MRE 2.80% across 23 published cases. NOT experimental data.",,generated,,,,,train,2.3906,3.4735,132.1590,56.2843,physics_generator,,56.2843,,,pencil,39.9313,48.0058,theta_cone_deg;theta_iterative_deg;rc_mm;Rc_mm,2.80,C >= 8,P in microperv; rw in mm; C dimensionless; angles in degrees,"SYNTHETIC - physics model output, not a measurement. Aperture-lens coefficient c=0.62."
SYN-00731,B_synthetic,project_physics_generator,"Generated by this project's implementation of the classical Pierce synthesis physics. Validated against Panahi et al. 2025 Table 2 over the C >= 8 envelope: MAE 0.85 deg, MRE 2.80% across 23 published cases. NOT experimental data.",,generated,,,,,train,2.7063,1.7748,60.9178,53.9782,physics_generator,,53.9782,,,pencil,13.8523,17.1271,theta_cone_deg;theta_iterative_deg;rc_mm;Rc_mm,2.80,C >= 8,P in microperv; rw in mm; C dimensionless; angles in degrees,"SYNTHETIC - physics model output, not a measurement. Aperture-lens coefficient c=0.62."
SYN-00732,B_synthetic,project_physics_generator,"Generated by this project's implementation of the classical Pierce synthesis physics. Validated against Panahi et al. 2025 Table 2 over the C >= 8 envelope: MAE 0.85 deg, MRE 2.80% across 23 published cases. NOT experimental data.",,generated,,,,,train,1.3885,2.5780,21.4780,30.9761,physics_generator,,30.9761,,,pencil,11.9476,23.2136,theta_cone_deg;theta_iterative_deg;rc_mm;Rc_mm,2.80,C >= 8,P in microperv; rw in mm; C dimensionless; angles in degrees,"SYNTHETIC - physics model output, not a measurement. Aperture-lens coefficient c=0.62."
SYN-00733,B_synthetic,project_physics_generator,"Generated by this project's implementation of the classical Pierce synthesis physics. Validated against Panahi et al. 2025 Table 2 over the C >= 8 envelope: MAE 0.85 deg, MRE 2.80% across 23 published cases. NOT experimental data.",,generated,,,,,train,0.9919,0.9803,231.3812,36.2041,physics_generator,,36.2041,,,pencil,14.9113,25.2450,theta_cone_deg;theta_iterative_deg;rc_mm;Rc_mm,2.80,C >= 8,P in microperv; rw in mm; C dimensionless; angles in degrees,"SYNTHETIC - physics model output, not a measurement. Aperture-lens coefficient c=0.62."
SYN-00734,B_synthetic,project_physics_generator,"Generated by this project's implementation of the classical Pierce synthesis physics. Validated against Panahi et al. 2025 Table 2 over the C >= 8 envelope: MAE 0.85 deg, MRE 2.80% across 23 published cases. NOT experimental data.",,generated,,,,,train,3.0726,3.6849,12.8854,41.7730,physics_generator,,41.7730,,,pencil,13.2273,19.8553,theta_cone_deg;theta_iterative_deg;rc_mm;Rc_mm,2.80,C >= 8,P in microperv; rw in mm; C dimensionless; angles in degrees,"SYNTHETIC - physics model output, not a measurement. Aperture-lens coefficient c=0.62."
SYN-00735,B_synthetic,project_physics_generator,"Generated by this project's implementation of the classical Pierce synthesis physics. Validated against Panahi et al. 2025 Table 2 over the C >= 8 envelope: MAE 0.85 deg, MRE 2.80% across 23 published cases. NOT experimental data.",,generated,,,,,train,3.2394,0.7643,90.2687,64.6334,physics_generator,,64.6334,,,pencil,7.2613,8.0361,theta_cone_deg;theta_iterative_deg;rc_mm;Rc_mm,2.80,C >= 8,P in microperv; rw in mm; C dimensionless; angles in degrees,"SYNTHETIC - physics model output, not a measurement. Aperture-lens coefficient c=0.62."
SYN-00736,B_synthetic,project_physics_generator,"Generated by this project's implementation of the classical Pierce synthesis physics. Validated against Panahi et al. 2025 Table 2 over the C >= 8 envelope: MAE 0.85 deg, MRE 2.80% across 23 published cases. NOT experimental data.",,generated,,,,,train,1.0643,3.5861,32.0344,29.0443,physics_generator,,29.0443,,,pencil,20.2967,41.8070,theta_cone_deg;theta_iterative_deg;rc_mm;Rc_mm,2.80,C >= 8,P in microperv; rw in mm; C dimensionless; angles in degrees,"SYNTHETIC - physics model output, not a measurement. Aperture-lens coefficient c=0.62."
SYN-00737,B_synthetic,project_physics_generator,"Generated by this project's implementation of the classical Pierce synthesis physics. Validated against Panahi et al. 2025 Table 2 over the C >= 8 envelope: MAE 0.85 deg, MRE 2.80% across 23 published cases. NOT experimental data.",,generated,,,,,train,1.5272,1.9963,155.0008,44.0333,physics_generator,,44.0333,,,pencil,24.8535,35.7565,theta_cone_deg;theta_iterative_deg;rc_mm;Rc_mm,2.80,C >= 8,P in microperv; rw in mm; C dimensionless; angles in degrees,"SYNTHETIC - physics model output, not a measurement. Aperture-lens coefficient c=0.62."
SYN-00738,B_synthetic,project_physics_generator,"Generated by this project's implementation of the classical Pierce synthesis physics. Validated against Panahi et al. 2025 Table 2 over the C >= 8 envelope: MAE 0.85 deg, MRE 2.80% across 23 published cases. NOT experimental data.",,generated,,,,,train,2.7536,2.6667,8.7042,34.7362,physics_generator,,34.7362,,,pencil,7.8676,13.8076,theta_cone_deg;theta_iterative_deg;rc_mm;Rc_mm,2.80,C >= 8,P in microperv; rw in mm; C dimensionless; angles in degrees,"SYNTHETIC - physics model output, not a measurement. Aperture-lens coefficient c=0.62."
SYN-00739,B_synthetic,project_physics_generator,"Generated by this project's implementation of the classical Pierce synthesis physics. Validated against Panahi et al. 2025 Table 2 over the C >= 8 envelope: MAE 0.85 deg, MRE 2.80% across 23 published cases. NOT experimental data.",,generated,,,,,train,2.2255,2.0850,23.7792,40.6707,physics_generator,,40.6707,,,pencil,10.1673,15.6009,theta_cone_deg;theta_iterative_deg;rc_mm;Rc_mm,2.80,C >= 8,P in microperv; rw in mm; C dimensionless; angles in degrees,"SYNTHETIC - physics model output, not a measurement. Aperture-lens coefficient c=0.62."
SYN-00740,B_synthetic,project_physics_generator,"Generated by this project's implementation of the classical Pierce synthesis physics. Validated against Panahi et al. 2025 Table 2 over the C >= 8 envelope: MAE 0.85 deg, MRE 2.80% across 23 published cases. NOT experimental data.",,generated,,,,,train,1.8423,3.2515,53.5592,42.3687,physics_generator,,42.3687,,,pencil,23.7959,35.3108,theta_cone_deg;theta_iterative_deg;rc_mm;Rc_mm,2.80,C >= 8,P in microperv; rw in mm; C dimensionless; angles in degrees,"SYNTHETIC - physics model output, not a measurement. Aperture-lens coefficient c=0.62."
SYN-00741,B_synthetic,project_physics_generator,"Generated by this project's implementation of the classical Pierce synthesis physics. Validated against Panahi et al. 2025 Table 2 over the C >= 8 envelope: MAE 0.85 deg, MRE 2.80% across 23 published cases. NOT experimental data.",,generated,,,,,train,0.5364,1.1618,15.5268,17.7195,physics_generator,,17.7195,,,pencil,4.5778,15.0408,theta_cone_deg;theta_iterative_deg;rc_mm;Rc_mm,2.80,C >= 8,P in microperv; rw in mm; C dimensionless; angles in degrees,"SYNTHETIC - physics model output, not a measurement. Aperture-lens coefficient c=0.62."
SYN-00742,B_synthetic,project_physics_generator,"Generated by this project's implementation of the classical Pierce synthesis physics. Validated against Panahi et al. 2025 Table 2 over the C >= 8 envelope: MAE 0.85 deg, MRE 2.80% across 23 published cases. NOT experimental data.",,generated,,,,,train,3.3730,1.5230,19.0461,48.7125,physics_generator,,48.7125,,,pencil,6.6465,8.8454,theta_cone_deg;theta_iterative_deg;rc_mm;Rc_mm,2.80,C >= 8,P in microperv; rw in mm; C dimensionless; angles in degrees,"SYNTHETIC - physics model output, not a measurement. Aperture-lens coefficient c=0.62."
SYN-00743,B_synthetic,project_physics_generator,"Generated by this project's implementation of the classical Pierce synthesis physics. Validated against Panahi et al. 2025 Table 2 over the C >= 8 envelope: MAE 0.85 deg, MRE 2.80% across 23 published cases. NOT experimental data.",,generated,,,,,train,0.3496,2.8135,270.5387,21.2205,physics_generator,,21.2205,,,pencil,46.2763,127.8497,theta_cone_deg;theta_iterative_deg;rc_mm;Rc_mm,2.80,C >= 8,P in microperv; rw in mm; C dimensionless; angles in degrees,"SYNTHETIC - physics model output, not a measurement. Aperture-lens coefficient c=0.62."
SYN-00744,B_synthetic,project_physics_generator,"Generated by this project's implementation of the classical Pierce synthesis physics. Validated against Panahi et al. 2025 Table 2 over the C >= 8 envelope: MAE 0.85 deg, MRE 2.80% across 23 published cases. NOT experimental data.",,generated,,,,,train,1.6592,0.7238,29.1296,36.1121,physics_generator,,36.1121,,,pencil,3.9065,6.6284,theta_cone_deg;theta_iterative_deg;rc_mm;Rc_mm,2.80,C >= 8,P in microperv; rw in mm; C dimensionless; angles in degrees,"SYNTHETIC - physics model output, not a measurement. Aperture-lens coefficient c=0.62."
SYN-00745,B_synthetic,project_physics_generator,"Generated by this project's implementation of the classical Pierce synthesis physics. Validated against Panahi et al. 2025 Table 2 over the C >= 8 envelope: MAE 0.85 deg, MRE 2.80% across 23 published cases. NOT experimental data.",,generated,,,,,train,2.0339,3.9255,65.3596,46.1824,physics_generator,,46.1824,,,pencil,31.7355,43.9825,theta_cone_deg;theta_iterative_deg;rc_mm;Rc_mm,2.80,C >= 8,P in microperv; rw in mm; C dimensionless; angles in degrees,"SYNTHETIC - physics model output, not a measurement. Aperture-lens coefficient c=0.62."
SYN-00746,B_synthetic,project_physics_generator,"Generated by this project's implementation of the classical Pierce synthesis physics. Validated against Panahi et al. 2025 Table 2 over the C >= 8 envelope: MAE 0.85 deg, MRE 2.80% across 23 published cases. NOT experimental data.",,generated,,,,,train,2.5683,1.3263,200.4192,62.4900,physics_generator,,62.4900,,,pencil,18.7758,21.1694,theta_cone_deg;theta_iterative_deg;rc_mm;Rc_mm,2.80,C >= 8,P in microperv; rw in mm; C dimensionless; angles in degrees,"SYNTHETIC - physics model output, not a measurement. Aperture-lens coefficient c=0.62."
SYN-00747,B_synthetic,project_physics_generator,"Generated by this project's implementation of the classical Pierce synthesis physics. Validated against Panahi et al. 2025 Table 2 over the C >= 8 envelope: MAE 0.85 deg, MRE 2.80% across 23 published cases. NOT experimental data.",,generated,,,,,train,1.3368,4.0240,11.2928,26.0075,physics_generator,,26.0075,,,pencil,13.5225,30.8389,theta_cone_deg;theta_iterative_deg;rc_mm;Rc_mm,2.80,C >= 8,P in microperv; rw in mm; C dimensionless; angles in degrees,"SYNTHETIC - physics model output, not a measurement. Aperture-lens coefficient c=0.62."
SYN-00748,B_synthetic,project_physics_generator,"Generated by this project's implementation of the classical Pierce synthesis physics. Validated against Panahi et al. 2025 Table 2 over the C >= 8 envelope: MAE 0.85 deg, MRE 2.80% across 23 published cases. NOT experimental data.",,generated,,,,,train,0.8842,2.4343,116.8771,31.5842,physics_generator,,31.5842,,,pencil,26.3173,50.2477,theta_cone_deg;theta_iterative_deg;rc_mm;Rc_mm,2.80,C >= 8,P in microperv; rw in mm; C dimensionless; angles in degrees,"SYNTHETIC - physics model output, not a measurement. Aperture-lens coefficient c=0.62."
SYN-00749,B_synthetic,project_physics_generator,"Generated by this project's implementation of the classical Pierce synthesis physics. Validated against Panahi et al. 2025 Table 2 over the C >= 8 envelope: MAE 0.85 deg, MRE 2.80% across 23 published cases. NOT experimental data.",,generated,,,,,train,3.0512,3.2287,41.6174,54.2341,physics_generator,,54.2341,,,pencil,20.8291,25.6701,theta_cone_deg;theta_iterative_deg;rc_mm;Rc_mm,2.80,C >= 8,P in microperv; rw in mm; C dimensionless; angles in degrees,"SYNTHETIC - physics model output, not a measurement. Aperture-lens coefficient c=0.62."
SYN-00750,B_synthetic,project_physics_generator,"Generated by this project's implementation of the classical Pierce synthesis physics. Validated against Panahi et al. 2025 Table 2 over the C >= 8 envelope: MAE 0.85 deg, MRE 2.80% across 23 published cases. NOT experimental data.",,generated,,,,,train,3.0606,2.4277,16.8976,44.8089,physics_generator,,44.8089,,,pencil,9.9793,14.1602,theta_cone_deg;theta_iterative_deg;rc_mm;Rc_mm,2.80,C >= 8,P in microperv; rw in mm; C dimensionless; angles in degrees,"SYNTHETIC - physics model output, not a measurement. Aperture-lens coefficient c=0.62."
SYN-00751,B_synthetic,project_physics_generator,"Generated by this project's implementation of the classical Pierce synthesis physics. Validated against Panahi et al. 2025 Table 2 over the C >= 8 envelope: MAE 0.85 deg, MRE 2.80% across 23 published cases. NOT experimental data.",,generated,,,,,train,0.8712,3.2221,300.1683,34.6249,physics_generator,,34.6249,,,pencil,55.8237,98.2462,theta_cone_deg;theta_iterative_deg;rc_mm;Rc_mm,2.80,C >= 8,P in microperv; rw in mm; C dimensionless; angles in degrees,"SYNTHETIC - physics model output, not a measurement. Aperture-lens coefficient c=0.62."
SYN-00752,B_synthetic,project_physics_generator,"Generated by this project's implementation of the classical Pierce synthesis physics. Validated against Panahi et al. 2025 Table 2 over the C >= 8 envelope: MAE 0.85 deg, MRE 2.80% across 23 published cases. NOT experimental data.",,generated,,,,,train,1.3483,1.3196,27.8131,32.0689,physics_generator,,32.0689,,,pencil,6.9593,13.1076,theta_cone_deg;theta_iterative_deg;rc_mm;Rc_mm,2.80,C >= 8,P in microperv; rw in mm; C dimensionless; angles in degrees,"SYNTHETIC - physics model output, not a measurement. Aperture-lens coefficient c=0.62."
SYN-00753,B_synthetic,project_physics_generator,"Generated by this project's implementation of the classical Pierce synthesis physics. Validated against Panahi et al. 2025 Table 2 over the C >= 8 envelope: MAE 0.85 deg, MRE 2.80% across 23 published cases. NOT experimental data.",,generated,,,,,train,2.5607,4.0173,78.0376,54.3253,physics_generator,,54.3253,,,pencil,35.4888,43.6871,theta_cone_deg;theta_iterative_deg;rc_mm;Rc_mm,2.80,C >= 8,P in microperv; rw in mm; C dimensionless; angles in degrees,"SYNTHETIC - physics model output, not a measurement. Aperture-lens coefficient c=0.62."
SYN-00754,B_synthetic,project_physics_generator,"Generated by this project's implementation of the classical Pierce synthesis physics. Validated against Panahi et al. 2025 Table 2 over the C >= 8 envelope: MAE 0.85 deg, MRE 2.80% across 23 published cases. NOT experimental data.",,generated,,,,,train,2.0324,0.7310,160.9725,52.2962,physics_generator,,52.2962,,,pencil,9.2740,11.7217,theta_cone_deg;theta_iterative_deg;rc_mm;Rc_mm,2.80,C >= 8,P in microperv; rw in mm; C dimensionless; angles in degrees,"SYNTHETIC - physics model output, not a measurement. Aperture-lens coefficient c=0.62."
SYN-00755,B_synthetic,project_physics_generator,"Generated by this project's implementation of the classical Pierce synthesis physics. Validated against Panahi et al. 2025 Table 2 over the C >= 8 envelope: MAE 0.85 deg, MRE 2.80% across 23 published cases. NOT experimental data.",,generated,,,,,train,1.6635,3.9326,11.3424,29.1479,physics_generator,,29.1479,,,pencil,13.2444,27.1922,theta_cone_deg;theta_iterative_deg;rc_mm;Rc_mm,2.80,C >= 8,P in microperv; rw in mm; C dimensionless; angles in degrees,"SYNTHETIC - physics model output, not a measurement. Aperture-lens coefficient c=0.62."
SYN-00756,B_synthetic,project_physics_generator,"Generated by this project's implementation of the classical Pierce synthesis physics. Validated against Panahi et al. 2025 Table 2 over the C >= 8 envelope: MAE 0.85 deg, MRE 2.80% across 23 published cases. NOT experimental data.",,generated,,,,,train,0.3435,1.5301,109.8468,19.1918,physics_generator,,19.1918,,,pencil,16.0367,48.7837,theta_cone_deg;theta_iterative_deg;rc_mm;Rc_mm,2.80,C >= 8,P in microperv; rw in mm; C dimensionless; angles in degrees,"SYNTHETIC - physics model output, not a measurement. Aperture-lens coefficient c=0.62."
SYN-00757,B_synthetic,project_physics_generator,"Generated by this project's implementation of the classical Pierce synthesis physics. Validated against Panahi et al. 2025 Table 2 over the C >= 8 envelope: MAE 0.85 deg, MRE 2.80% across 23 published cases. NOT experimental data.",,generated,,,,,train,3.3761,2.8206,48.9144,59.4751,physics_generator,,59.4751,,,pencil,19.7271,22.9010,theta_cone_deg;theta_iterative_deg;rc_mm;Rc_mm,2.80,C >= 8,P in microperv; rw in mm; C dimensionless; angles in degrees,"SYNTHETIC - physics model output, not a measurement. Aperture-lens coefficient c=0.62."
SYN-00758,B_synthetic,project_physics_generator,"Generated by this project's implementation of the classical Pierce synthesis physics. Validated against Panahi et al. 2025 Table 2 over the C >= 8 envelope: MAE 0.85 deg, MRE 2.80% across 23 published cases. NOT experimental data.",,generated,,,,,train,3.5661,1.1689,90.0143,69.0706,physics_generator,,69.0706,,,pencil,11.0900,11.8734,theta_cone_deg;theta_iterative_deg;rc_mm;Rc_mm,2.80,C >= 8,P in microperv; rw in mm; C dimensionless; angles in degrees,"SYNTHETIC - physics model output, not a measurement. Aperture-lens coefficient c=0.62."
SYN-00759,B_synthetic,project_physics_generator,"Generated by this project's implementation of the classical Pierce synthesis physics. Validated against Panahi et al. 2025 Table 2 over the C >= 8 envelope: MAE 0.85 deg, MRE 2.80% across 23 published cases. NOT experimental data.",,generated,,,,,train,0.5283,4.4946,39.9300,20.9606,physics_generator,,20.9606,,,pencil,28.4014,79.3942,theta_cone_deg;theta_iterative_deg;rc_mm;Rc_mm,2.80,C >= 8,P in microperv; rw in mm; C dimensionless; angles in degrees,"SYNTHETIC - physics model output, not a measurement. Aperture-lens coefficient c=0.62."
SYN-00760,B_synthetic,project_physics_generator,"Generated by this project's implementation of the classical Pierce synthesis physics. Validated against Panahi et al. 2025 Table 2 over the C >= 8 envelope: MAE 0.85 deg, MRE 2.80% across 23 published cases. NOT experimental data.",,generated,,,,,train,1.8521,2.0921,131.7314,48.2312,physics_generator,,48.2312,,,pencil,24.0123,32.1951,theta_cone_deg;theta_iterative_deg;rc_mm;Rc_mm,2.80,C >= 8,P in microperv; rw in mm; C dimensionless; angles in degrees,"SYNTHETIC - physics model output, not a measurement. Aperture-lens coefficient c=0.62."
SYN-00761,B_synthetic,project_physics_generator,"Generated by this project's implementation of the classical Pierce synthesis physics. Validated against Panahi et al. 2025 Table 2 over the C >= 8 envelope: MAE 0.85 deg, MRE 2.80% across 23 published cases. NOT experimental data.",,generated,,,,,train,2.2129,3.2587,9.2466,31.6747,physics_generator,,31.6747,,,pencil,9.9090,18.8708,theta_cone_deg;theta_iterative_deg;rc_mm;Rc_mm,2.80,C >= 8,P in microperv; rw in mm; C dimensionless; angles in degrees,"SYNTHETIC - physics model output, not a measurement. Aperture-lens coefficient c=0.62."
SYN-00762,B_synthetic,project_physics_generator,"Generated by this project's implementation of the classical Pierce synthesis physics. Validated against Panahi et al. 2025 Table 2 over the C >= 8 envelope: MAE 0.85 deg, MRE 2.80% across 23 published cases. NOT experimental data.",,generated,,,,,train,2.7471,1.9896,21.4087,44.6353,physics_generator,,44.6353,,,pencil,9.2059,13.1028,theta_cone_deg;theta_iterative_deg;rc_mm;Rc_mm,2.80,C >= 8,P in microperv; rw in mm; C dimensionless; angles in degrees,"SYNTHETIC - physics model output, not a measurement. Aperture-lens coefficient c=0.62."
SYN-00763,B_synthetic,project_physics_generator,"Generated by this project's implementation of the classical Pierce synthesis physics. Validated against Panahi et al. 2025 Table 2 over the C >= 8 envelope: MAE 0.85 deg, MRE 2.80% across 23 published cases. NOT experimental data.",,generated,,,,,train,1.5299,2.6601,60.2715,38.9300,physics_generator,,38.9300,,,pencil,20.6512,32.8648,theta_cone_deg;theta_iterative_deg;rc_mm;Rc_mm,2.80,C >= 8,P in microperv; rw in mm; C dimensionless; angles in degrees,"SYNTHETIC - physics model output, not a measurement. Aperture-lens coefficient c=0.62."
SYN-00764,B_synthetic,project_physics_generator,"Generated by this project's implementation of the classical Pierce synthesis physics. Validated against Panahi et al. 2025 Table 2 over the C >= 8 envelope: MAE 0.85 deg, MRE 2.80% across 23 published cases. NOT experimental data.",,generated,,,,,train,1.0632,0.7576,13.0243,24.0488,physics_generator,,24.0488,,,pencil,2.7341,6.7093,theta_cone_deg;theta_iterative_deg;rc_mm;Rc_mm,2.80,C >= 8,P in microperv; rw in mm; C dimensionless; angles in degrees,"SYNTHETIC - physics model output, not a measurement. Aperture-lens coefficient c=0.62."
SYN-00765,B_synthetic,project_physics_generator,"Generated by this project's implementation of the classical Pierce synthesis physics. Validated against Panahi et al. 2025 Table 2 over the C >= 8 envelope: MAE 0.85 deg, MRE 2.80% across 23 published cases. NOT experimental data.",,generated,,,,,train,3.0658,0.9713,32.1378,51.7333,physics_generator,,51.7333,,,pencil,5.5064,7.0133,theta_cone_deg;theta_iterative_deg;rc_mm;Rc_mm,2.80,C >= 8,P in microperv; rw in mm; C dimensionless; angles in degrees,"SYNTHETIC - physics model output, not a measurement. Aperture-lens coefficient c=0.62."
SYN-00766,B_synthetic,project_physics_generator,"Generated by this project's implementation of the classical Pierce synthesis physics. Validated against Panahi et al. 2025 Table 2 over the C >= 8 envelope: MAE 0.85 deg, MRE 2.80% across 23 published cases. NOT experimental data.",,generated,,,,,train,1.0026,3.6759,91.2374,32.7738,physics_generator,,32.7738,,,pencil,35.1114,64.8622,theta_cone_deg;theta_iterative_deg;rc_mm;Rc_mm,2.80,C >= 8,P in microperv; rw in mm; C dimensionless; angles in degrees,"SYNTHETIC - physics model output, not a measurement. Aperture-lens coefficient c=0.62."
SYN-00767,B_synthetic,project_physics_generator,"Generated by this project's implementation of the classical Pierce synthesis physics. Validated against Panahi et al. 2025 Table 2 over the C >= 8 envelope: MAE 0.85 deg, MRE 2.80% across 23 published cases. NOT experimental data.",,generated,,,,,train,1.3763,1.7658,8.6114,24.1989,physics_generator,,24.1989,,,pencil,5.1819,12.6416,theta_cone_deg;theta_iterative_deg;rc_mm;Rc_mm,2.80,C >= 8,P in microperv; rw in mm; C dimensionless; angles in degrees,"SYNTHETIC - physics model output, not a measurement. Aperture-lens coefficient c=0.62."
SYN-00768,B_synthetic,project_physics_generator,"Generated by this project's implementation of the classical Pierce synthesis physics. Validated against Panahi et al. 2025 Table 2 over the C >= 8 envelope: MAE 0.85 deg, MRE 2.80% across 23 published cases. NOT experimental data.",,generated,,,,,train,2.7149,2.5690,154.4897,62.4937,physics_generator,,62.4937,,,pencil,31.9315,36.0010,theta_cone_deg;theta_iterative_deg;rc_mm;Rc_mm,2.80,C >= 8,P in microperv; rw in mm; C dimensionless; angles in degrees,"SYNTHETIC - physics model output, not a measurement. Aperture-lens coefficient c=0.62."
SYN-00769,B_synthetic,project_physics_generator,"Generated by this project's implementation of the classical Pierce synthesis physics. Validated against Panahi et al. 2025 Table 2 over the C >= 8 envelope: MAE 0.85 deg, MRE 2.80% across 23 published cases. NOT experimental data.",,generated,,,,,train,2.3929,2.1827,52.9873,49.0512,physics_generator,,49.0512,,,pencil,15.8881,21.0356,theta_cone_deg;theta_iterative_deg;rc_mm;Rc_mm,2.80,C >= 8,P in microperv; rw in mm; C dimensionless; angles in degrees,"SYNTHETIC - physics model output, not a measurement. Aperture-lens coefficient c=0.62."
SYN-00770,B_synthetic,project_physics_generator,"Generated by this project's implementation of the classical Pierce synthesis physics. Validated against Panahi et al. 2025 Table 2 over the C >= 8 envelope: MAE 0.85 deg, MRE 2.80% across 23 published cases. NOT experimental data.",,generated,,,,,train,1.9111,3.4820,23.7012,37.4322,physics_generator,,37.4322,,,pencil,16.9516,27.8891,theta_cone_deg;theta_iterative_deg;rc_mm;Rc_mm,2.80,C >= 8,P in microperv; rw in mm; C dimensionless; angles in degrees,"SYNTHETIC - physics model output, not a measurement. Aperture-lens coefficient c=0.62."
SYN-00771,B_synthetic,project_physics_generator,"Generated by this project's implementation of the classical Pierce synthesis physics. Validated against Panahi et al. 2025 Table 2 over the C >= 8 envelope: MAE 0.85 deg, MRE 2.80% across 23 published cases. NOT experimental data.",,generated,,,,,train,0.6803,1.0719,222.1149,29.4542,physics_generator,,29.4542,,,pencil,15.9755,32.4886,theta_cone_deg;theta_iterative_deg;rc_mm;Rc_mm,2.80,C >= 8,P in microperv; rw in mm; C dimensionless; angles in degrees,"SYNTHETIC - physics model output, not a measurement. Aperture-lens coefficient c=0.62."
SYN-00772,B_synthetic,project_physics_generator,"Generated by this project's implementation of the classical Pierce synthesis physics. Validated against Panahi et al. 2025 Table 2 over the C >= 8 envelope: MAE 0.85 deg, MRE 2.80% across 23 published cases. NOT experimental data.",,generated,,,,,train,3.6000,4.2804,15.6931,48.1001,physics_generator,,48.1001,,,pencil,16.9566,22.7816,theta_cone_deg;theta_iterative_deg;rc_mm;Rc_mm,2.80,C >= 8,P in microperv; rw in mm; C dimensionless; angles in degrees,"SYNTHETIC - physics model output, not a measurement. Aperture-lens coefficient c=0.62."
SYN-00773,B_synthetic,project_physics_generator,"Generated by this project's implementation of the classical Pierce synthesis physics. Validated against Panahi et al. 2025 Table 2 over the C >= 8 envelope: MAE 0.85 deg, MRE 2.80% across 23 published cases. NOT experimental data.",,generated,,,,,train,0.4970,2.9190,19.2556,17.8647,physics_generator,,17.8647,,,pencil,12.8088,41.7536,theta_cone_deg;theta_iterative_deg;rc_mm;Rc_mm,2.80,C >= 8,P in microperv; rw in mm; C dimensionless; angles in degrees,"SYNTHETIC - physics model output, not a measurement. Aperture-lens coefficient c=0.62."
SYN-00774,B_synthetic,project_physics_generator,"Generated by this project's implementation of the classical Pierce synthesis physics. Validated against Panahi et al. 2025 Table 2 over the C >= 8 envelope: MAE 0.85 deg, MRE 2.80% across 23 published cases. NOT experimental data.",,generated,,,,,train,1.7241,0.5090,64.6509,42.0108,physics_generator,,42.0108,,,pencil,4.0923,6.1145,theta_cone_deg;theta_iterative_deg;rc_mm;Rc_mm,2.80,C >= 8,P in microperv; rw in mm; C dimensionless; angles in degrees,"SYNTHETIC - physics model output, not a measurement. Aperture-lens coefficient c=0.62."
SYN-00775,B_synthetic,project_physics_generator,"Generated by this project's implementation of the classical Pierce synthesis physics. Validated against Panahi et al. 2025 Table 2 over the C >= 8 envelope: MAE 0.85 deg, MRE 2.80% across 23 published cases. NOT experimental data.",,generated,,,,,train,2.2110,3.8434,29.0162,42.1648,physics_generator,,42.1648,,,pencil,20.7033,30.8422,theta_cone_deg;theta_iterative_deg;rc_mm;Rc_mm,2.80,C >= 8,P in microperv; rw in mm; C dimensionless; angles in degrees,"SYNTHETIC - physics model output, not a measurement. Aperture-lens coefficient c=0.62."
SYN-00776,B_synthetic,project_physics_generator,"Generated by this project's implementation of the classical Pierce synthesis physics. Validated against Panahi et al. 2025 Table 2 over the C >= 8 envelope: MAE 0.85 deg, MRE 2.80% across 23 published cases. NOT experimental data.",,generated,,,,,train,2.5265,1.4083,11.1706,36.0874,physics_generator,,36.0874,,,pencil,4.7068,7.9909,theta_cone_deg;theta_iterative_deg;rc_mm;Rc_mm,2.80,C >= 8,P in microperv; rw in mm; C dimensionless; angles in degrees,"SYNTHETIC - physics model output, not a measurement. Aperture-lens coefficient c=0.62."
SYN-00777,B_synthetic,project_physics_generator,"Generated by this project's implementation of the classical Pierce synthesis physics. Validated against Panahi et al. 2025 Table 2 over the C >= 8 envelope: MAE 0.85 deg, MRE 2.80% across 23 published cases. NOT experimental data.",,generated,,,,,train,1.1964,4.2389,199.6352,39.5133,physics_generator,,39.5133,,,pencil,59.8918,94.1315,theta_cone_deg;theta_iterative_deg;rc_mm;Rc_mm,2.80,C >= 8,P in microperv; rw in mm; C dimensionless; angles in degrees,"SYNTHETIC - physics model output, not a measurement. Aperture-lens coefficient c=0.62."
SYN-00778,B_synthetic,project_physics_generator,"Generated by this project's implementation of the classical Pierce synthesis physics. Validated against Panahi et al. 2025 Table 2 over the C >= 8 envelope: MAE 0.85 deg, MRE 2.80% across 23 published cases. NOT experimental data.",,generated,,,,,train,0.8123,2.3288,41.7824,26.3421,physics_generator,,26.3421,,,pencil,15.0534,33.9248,theta_cone_deg;theta_iterative_deg;rc_mm;Rc_mm,2.80,C >= 8,P in microperv; rw in mm; C dimensionless; angles in degrees,"SYNTHETIC - physics model output, not a measurement. Aperture-lens coefficient c=0.62."
SYN-00779,B_synthetic,project_physics_generator,"Generated by this project's implementation of the classical Pierce synthesis physics. Validated against Panahi et al. 2025 Table 2 over the C >= 8 envelope: MAE 0.85 deg, MRE 2.80% across 23 published cases. NOT experimental data.",,generated,,,,,train,2.8803,3.0061,118.1648,62.4250,physics_generator,,62.4250,,,pencil,32.6773,36.8649,theta_cone_deg;theta_iterative_deg;rc_mm;Rc_mm,2.80,C >= 8,P in microperv; rw in mm; C dimensionless; angles in degrees,"SYNTHETIC - physics model output, not a measurement. Aperture-lens coefficient c=0.62."
SYN-00780,B_synthetic,project_physics_generator,"Generated by this project's implementation of the classical Pierce synthesis physics. Validated against Panahi et al. 2025 Table 2 over the C >= 8 envelope: MAE 0.85 deg, MRE 2.80% across 23 published cases. NOT experimental data.",,generated,,,,,train,2.9163,1.2621,136.4788,64.3795,physics_generator,,64.3795,,,pencil,14.7450,16.3528,theta_cone_deg;theta_iterative_deg;rc_mm;Rc_mm,2.80,C >= 8,P in microperv; rw in mm; C dimensionless; angles in degrees,"SYNTHETIC - physics model output, not a measurement. Aperture-lens coefficient c=0.62."
SYN-00781,B_synthetic,project_physics_generator,"Generated by this project's implementation of the classical Pierce synthesis physics. Validated against Panahi et al. 2025 Table 2 over the C >= 8 envelope: MAE 0.85 deg, MRE 2.80% across 23 published cases. NOT experimental data.",,generated,,,,,train,0.7270,4.0888,9.6089,18.1577,physics_generator,,18.1577,,,pencil,12.6747,40.6717,theta_cone_deg;theta_iterative_deg;rc_mm;Rc_mm,2.80,C >= 8,P in microperv; rw in mm; C dimensionless; angles in degrees,"SYNTHETIC - physics model output, not a measurement. Aperture-lens coefficient c=0.62."
SYN-00782,B_synthetic,project_physics_generator,"Generated by this project's implementation of the classical Pierce synthesis physics. Validated against Panahi et al. 2025 Table 2 over the C >= 8 envelope: MAE 0.85 deg, MRE 2.80% across 23 published cases. NOT experimental data.",,generated,,,,,train,1.2270,2.4989,81.7035,36.0156,physics_generator,,36.0156,,,pencil,22.5874,38.4135,theta_cone_deg;theta_iterative_deg;rc_mm;Rc_mm,2.80,C >= 8,P in microperv; rw in mm; C dimensionless; angles in degrees,"SYNTHETIC - physics model output, not a measurement. Aperture-lens coefficient c=0.62."
SYN-00783,B_synthetic,project_physics_generator,"Generated by this project's implementation of the classical Pierce synthesis physics. Validated against Panahi et al. 2025 Table 2 over the C >= 8 envelope: MAE 0.85 deg, MRE 2.80% across 23 published cases. NOT experimental data.",,generated,,,,,train,2.4392,3.1644,36.4110,46.4691,physics_generator,,46.4691,,,pencil,19.0946,26.3373,theta_cone_deg;theta_iterative_deg;rc_mm;Rc_mm,2.80,C >= 8,P in microperv; rw in mm; C dimensionless; angles in degrees,"SYNTHETIC - physics model output, not a measurement. Aperture-lens coefficient c=0.62."
SYN-00784,B_synthetic,project_physics_generator,"Generated by this project's implementation of the classical Pierce synthesis physics. Validated against Panahi et al. 2025 Table 2 over the C >= 8 envelope: MAE 0.85 deg, MRE 2.80% across 23 published cases. NOT experimental data.",,generated,,,,,train,2.1240,1.5839,14.1167,35.1695,physics_generator,,35.1695,,,pencil,5.9510,10.3316,theta_cone_deg;theta_iterative_deg;rc_mm;Rc_mm,2.80,C >= 8,P in microperv; rw in mm; C dimensionless; angles in degrees,"SYNTHETIC - physics model output, not a measurement. Aperture-lens coefficient c=0.62."
SYN-00785,B_synthetic,project_physics_generator,"Generated by this project's implementation of the classical Pierce synthesis physics. Validated against Panahi et al. 2025 Table 2 over the C >= 8 envelope: MAE 0.85 deg, MRE 2.80% across 23 published cases. NOT experimental data.",,generated,,,,,train,1.7549,2.7533,250.5149,50.4972,physics_generator,,50.4972,,,pencil,43.5787,56.4788,theta_cone_deg;theta_iterative_deg;rc_mm;Rc_mm,2.80,C >= 8,P in microperv; rw in mm; C dimensionless; angles in degrees,"SYNTHETIC - physics model output, not a measurement. Aperture-lens coefficient c=0.62."
SYN-00786,B_synthetic,project_physics_generator,"Generated by this project's implementation of the classical Pierce synthesis physics. Validated against Panahi et al. 2025 Table 2 over the C >= 8 envelope: MAE 0.85 deg, MRE 2.80% across 23 published cases. NOT experimental data.",,generated,,,,,train,0.4113,0.6634,20.9946,16.5136,physics_generator,,16.5136,,,pencil,3.0395,10.6935,theta_cone_deg;theta_iterative_deg;rc_mm;Rc_mm,2.80,C >= 8,P in microperv; rw in mm; C dimensionless; angles in degrees,"SYNTHETIC - physics model output, not a measurement. Aperture-lens coefficient c=0.62."
SYN-00787,B_synthetic,project_physics_generator,"Generated by this project's implementation of the classical Pierce synthesis physics. Validated against Panahi et al. 2025 Table 2 over the C >= 8 envelope: MAE 0.85 deg, MRE 2.80% across 23 published cases. NOT experimental data.",,generated,,,,,train,3.4440,3.9861,58.9660,62.3832,physics_generator,,62.3832,,,pencil,30.6093,34.5450,theta_cone_deg;theta_iterative_deg;rc_mm;Rc_mm,2.80,C >= 8,P in microperv; rw in mm; C dimensionless; angles in degrees,"SYNTHETIC - physics model output, not a measurement. Aperture-lens coefficient c=0.62."
SYN-00788,B_synthetic,project_physics_generator,"Generated by this project's implementation of the classical Pierce synthesis physics. Validated against Panahi et al. 2025 Table 2 over the C >= 8 envelope: MAE 0.85 deg, MRE 2.80% across 23 published cases. NOT experimental data.",,generated,,,,,train,3.6841,2.0209,25.6145,54.9145,physics_generator,,54.9145,,,pencil,10.2281,12.4992,theta_cone_deg;theta_iterative_deg;rc_mm;Rc_mm,2.80,C >= 8,P in microperv; rw in mm; C dimensionless; angles in degrees,"SYNTHETIC - physics model output, not a measurement. Aperture-lens coefficient c=0.62."
SYN-00789,B_synthetic,project_physics_generator,"Generated by this project's implementation of the classical Pierce synthesis physics. Validated against Panahi et al. 2025 Table 2 over the C >= 8 envelope: MAE 0.85 deg, MRE 2.80% across 23 published cases. NOT experimental data.",,generated,,,,,train,0.6465,3.3163,72.1850,25.2661,physics_generator,,25.2661,,,pencil,28.1761,66.0136,theta_cone_deg;theta_iterative_deg;rc_mm;Rc_mm,2.80,C >= 8,P in microperv; rw in mm; C dimensionless; angles in degrees,"SYNTHETIC - physics model output, not a measurement. Aperture-lens coefficient c=0.62."
SYN-00790,B_synthetic,project_physics_generator,"Generated by this project's implementation of the classical Pierce synthesis physics. Validated against Panahi et al. 2025 Table 2 over the C >= 8 envelope: MAE 0.85 deg, MRE 2.80% across 23 published cases. NOT experimental data.",,generated,,,,,train,1.9998,1.2263,17.2620,35.7960,physics_generator,,35.7960,,,pencil,5.0951,8.7111,theta_cone_deg;theta_iterative_deg;rc_mm;Rc_mm,2.80,C >= 8,P in microperv; rw in mm; C dimensionless; angles in degrees,"SYNTHETIC - physics model output, not a measurement. Aperture-lens coefficient c=0.62."
SYN-00791,B_synthetic,project_physics_generator,"Generated by this project's implementation of the classical Pierce synthesis physics. Validated against Panahi et al. 2025 Table 2 over the C >= 8 envelope: MAE 0.85 deg, MRE 2.80% across 23 published cases. NOT experimental data.",,generated,,,,,train,2.3603,4.4231,307.3667,62.4839,physics_generator,,62.4839,,,pencil,77.5452,87.4358,theta_cone_deg;theta_iterative_deg;rc_mm;Rc_mm,2.80,C >= 8,P in microperv; rw in mm; C dimensionless; angles in degrees,"SYNTHETIC - physics model output, not a measurement. Aperture-lens coefficient c=0.62."
SYN-00792,B_synthetic,project_physics_generator,"Generated by this project's implementation of the classical Pierce synthesis physics. Validated against Panahi et al. 2025 Table 2 over the C >= 8 envelope: MAE 0.85 deg, MRE 2.80% across 23 published cases. NOT experimental data.",,generated,,,,,train,2.6827,0.8252,106.2169,58.6326,physics_generator,,58.6326,,,pencil,8.5044,9.9602,theta_cone_deg;theta_iterative_deg;rc_mm;Rc_mm,2.80,C >= 8,P in microperv; rw in mm; C dimensionless; angles in degrees,"SYNTHETIC - physics model output, not a measurement. Aperture-lens coefficient c=0.62."
SYN-00793,B_synthetic,project_physics_generator,"Generated by this project's implementation of the classical Pierce synthesis physics. Validated against Panahi et al. 2025 Table 2 over the C >= 8 envelope: MAE 0.85 deg, MRE 2.80% across 23 published cases. NOT experimental data.",,generated,,,,,train,1.4652,3.5259,47.1545,36.6455,physics_generator,,36.6455,,,pencil,24.2118,40.5650,theta_cone_deg;theta_iterative_deg;rc_mm;Rc_mm,2.80,C >= 8,P in microperv; rw in mm; C dimensionless; angles in degrees,"SYNTHETIC - physics model output, not a measurement. Aperture-lens coefficient c=0.62."
SYN-00794,B_synthetic,project_physics_generator,"Generated by this project's implementation of the classical Pierce synthesis physics. Validated against Panahi et al. 2025 Table 2 over the C >= 8 envelope: MAE 0.85 deg, MRE 2.80% across 23 published cases. NOT experimental data.",,generated,,,,,train,0.9682,1.9359,177.0274,34.7387,physics_generator,,34.7387,,,pencil,25.7572,45.2012,theta_cone_deg;theta_iterative_deg;rc_mm;Rc_mm,2.80,C >= 8,P in microperv; rw in mm; C dimensionless; angles in degrees,"SYNTHETIC - physics model output, not a measurement. Aperture-lens coefficient c=0.62."
SYN-00795,B_synthetic,project_physics_generator,"Generated by this project's implementation of the classical Pierce synthesis physics. Validated against Panahi et al. 2025 Table 2 over the C >= 8 envelope: MAE 0.85 deg, MRE 2.80% across 23 published cases. NOT experimental data.",,generated,,,,,train,3.1494,2.7274,12.4162,41.8811,physics_generator,,41.8811,,,pencil,9.6103,14.3956,theta_cone_deg;theta_iterative_deg;rc_mm;Rc_mm,2.80,C >= 8,P in microperv; rw in mm; C dimensionless; angles in degrees,"SYNTHETIC - physics model output, not a measurement. Aperture-lens coefficient c=0.62."
SYN-00796,B_synthetic,project_physics_generator,"Generated by this project's implementation of the classical Pierce synthesis physics. Validated against Panahi et al. 2025 Table 2 over the C >= 8 envelope: MAE 0.85 deg, MRE 2.80% across 23 published cases. NOT experimental data.",,generated,,,,,train,3.2099,1.8389,71.2190,61.6574,physics_generator,,61.6574,,,pencil,15.5186,17.6322,theta_cone_deg;theta_iterative_deg;rc_mm;Rc_mm,2.80,C >= 8,P in microperv; rw in mm; C dimensionless; angles in degrees,"SYNTHETIC - physics model output, not a measurement. Aperture-lens coefficient c=0.62."
SYN-00797,B_synthetic,project_physics_generator,"Generated by this project's implementation of the classical Pierce synthesis physics. Validated against Panahi et al. 2025 Table 2 over the C >= 8 envelope: MAE 0.85 deg, MRE 2.80% across 23 published cases. NOT experimental data.",,generated,,,,,train,1.1469,2.5132,31.8240,30.1689,physics_generator,,30.1689,,,pencil,14.1777,28.2115,theta_cone_deg;theta_iterative_deg;rc_mm;Rc_mm,2.80,C >= 8,P in microperv; rw in mm; C dimensionless; angles in degrees,"SYNTHETIC - physics model output, not a measurement. Aperture-lens coefficient c=0.62."
SYN-00798,B_synthetic,project_physics_generator,"Generated by this project's implementation of the classical Pierce synthesis physics. Validated against Panahi et al. 2025 Table 2 over the C >= 8 envelope: MAE 0.85 deg, MRE 2.80% across 23 published cases. NOT experimental data.",,generated,,,,,train,1.4978,0.9157,262.0807,46.2213,physics_generator,,46.2213,,,pencil,14.8239,20.5312,theta_cone_deg;theta_iterative_deg;rc_mm;Rc_mm,2.80,C >= 8,P in microperv; rw in mm; C dimensionless; angles in degrees,"SYNTHETIC - physics model output, not a measurement. Aperture-lens coefficient c=0.62."
SYN-00799,B_synthetic,project_physics_generator,"Generated by this project's implementation of the classical Pierce synthesis physics. Validated against Panahi et al. 2025 Table 2 over the C >= 8 envelope: MAE 0.85 deg, MRE 2.80% across 23 published cases. NOT experimental data.",,generated,,,,,train,2.8362,3.7492,18.5356,43.9488,physics_generator,,43.9488,,,pencil,16.1414,23.2580,theta_cone_deg;theta_iterative_deg;rc_mm;Rc_mm,2.80,C >= 8,P in microperv; rw in mm; C dimensionless; angles in degrees,"SYNTHETIC - physics model output, not a measurement. Aperture-lens coefficient c=0.62."
SYN-00800,B_synthetic,project_physics_generator,"Generated by this project's implementation of the classical Pierce synthesis physics. Validated against Panahi et al. 2025 Table 2 over the C >= 8 envelope: MAE 0.85 deg, MRE 2.80% across 23 published cases. NOT experimental data.",,generated,,,,,train,2.3014,1.0025,42.5921,46.2344,physics_generator,,46.2344,,,pencil,6.5426,9.0596,theta_cone_deg;theta_iterative_deg;rc_mm;Rc_mm,2.80,C >= 8,P in microperv; rw in mm; C dimensionless; angles in degrees,"SYNTHETIC - physics model output, not a measurement. Aperture-lens coefficient c=0.62."
SYN-00801,B_synthetic,project_physics_generator,"Generated by this project's implementation of the classical Pierce synthesis physics. Validated against Panahi et al. 2025 Table 2 over the C >= 8 envelope: MAE 0.85 deg, MRE 2.80% across 23 published cases. NOT experimental data.",,generated,,,,,train,1.8195,4.3321,120.8214,47.2047,physics_generator,,47.2047,,,pencil,47.6180,64.8937,theta_cone_deg;theta_iterative_deg;rc_mm;Rc_mm,2.80,C >= 8,P in microperv; rw in mm; C dimensionless; angles in degrees,"SYNTHETIC - physics model output, not a measurement. Aperture-lens coefficient c=0.62."
SYN-00802,B_synthetic,project_physics_generator,"Generated by this project's implementation of the classical Pierce synthesis physics. Validated against Panahi et al. 2025 Table 2 over the C >= 8 envelope: MAE 0.85 deg, MRE 2.80% across 23 published cases. NOT experimental data.",,generated,,,,,train,0.6123,2.2346,10.3049,17.0129,physics_generator,,17.0129,,,pencil,7.1734,24.5170,theta_cone_deg;theta_iterative_deg;rc_mm;Rc_mm,2.80,C >= 8,P in microperv; rw in mm; C dimensionless; angles in degrees,"SYNTHETIC - physics model output, not a measurement. Aperture-lens coefficient c=0.62."
SYN-00803,B_synthetic,project_physics_generator,"Generated by this project's implementation of the classical Pierce synthesis physics. Validated against Panahi et al. 2025 Table 2 over the C >= 8 envelope: MAE 0.85 deg, MRE 2.80% across 23 published cases. NOT experimental data.",,generated,,,,,train,3.2904,0.5646,8.4325,37.6832,physics_generator,,37.6832,,,pencil,1.6394,2.6819,theta_cone_deg;theta_iterative_deg;rc_mm;Rc_mm,2.80,C >= 8,P in microperv; rw in mm; C dimensionless; angles in degrees,"SYNTHETIC - physics model output, not a measurement. Aperture-lens coefficient c=0.62."
SYN-00804,B_synthetic,project_physics_generator,"Generated by this project's implementation of the classical Pierce synthesis physics. Validated against Panahi et al. 2025 Table 2 over the C >= 8 envelope: MAE 0.85 deg, MRE 2.80% across 23 published cases. NOT experimental data.",,generated,,,,,train,0.3790,3.7701,150.8210,20.8887,physics_generator,,20.8887,,,pencil,46.3004,129.8553,theta_cone_deg;theta_iterative_deg;rc_mm;Rc_mm,2.80,C >= 8,P in microperv; rw in mm; C dimensionless; angles in degrees,"SYNTHETIC - physics model output, not a measurement. Aperture-lens coefficient c=0.62."
SYN-00805,B_synthetic,project_physics_generator,"Generated by this project's implementation of the classical Pierce synthesis physics. Validated against Panahi et al. 2025 Table 2 over the C >= 8 envelope: MAE 0.85 deg, MRE 2.80% across 23 published cases. NOT experimental data.",,generated,,,,,train,1.5766,1.6726,34.9003,36.2873,physics_generator,,36.2873,,,pencil,9.8810,16.6955,theta_cone_deg;theta_iterative_deg;rc_mm;Rc_mm,2.80,C >= 8,P in microperv; rw in mm; C dimensionless; angles in degrees,"SYNTHETIC - physics model output, not a measurement. Aperture-lens coefficient c=0.62."
SYN-00806,B_synthetic,project_physics_generator,"Generated by this project's implementation of the classical Pierce synthesis physics. Validated against Panahi et al. 2025 Table 2 over the C >= 8 envelope: MAE 0.85 deg, MRE 2.80% across 23 published cases. NOT experimental data.",,generated,,,,,train,2.0634,2.9748,98.6238,49.4301,physics_generator,,49.4301,,,pencil,29.5427,38.8917,theta_cone_deg;theta_iterative_deg;rc_mm;Rc_mm,2.80,C >= 8,P in microperv; rw in mm; C dimensionless; angles in degrees,"SYNTHETIC - physics model output, not a measurement. Aperture-lens coefficient c=0.62."
SYN-00807,B_synthetic,project_physics_generator,"Generated by this project's implementation of the classical Pierce synthesis physics. Validated against Panahi et al. 2025 Table 2 over the C >= 8 envelope: MAE 0.85 deg, MRE 2.80% across 23 published cases. NOT experimental data.",,generated,,,,,train,2.5911,2.2769,201.9940,62.9346,physics_generator,,62.9346,,,pencil,32.3606,36.3403,theta_cone_deg;theta_iterative_deg;rc_mm;Rc_mm,2.80,C >= 8,P in microperv; rw in mm; C dimensionless; angles in degrees,"SYNTHETIC - physics model output, not a measurement. Aperture-lens coefficient c=0.62."
SYN-00808,B_synthetic,project_physics_generator,"Generated by this project's implementation of the classical Pierce synthesis physics. Validated against Panahi et al. 2025 Table 2 over the C >= 8 envelope: MAE 0.85 deg, MRE 2.80% across 23 published cases. NOT experimental data.",,generated,,,,,train,1.2608,3.0752,14.3343,26.9004,physics_generator,,26.9004,,,pencil,11.6431,25.7339,theta_cone_deg;theta_iterative_deg;rc_mm;Rc_mm,2.80,C >= 8,P in microperv; rw in mm; C dimensionless; angles in degrees,"SYNTHETIC - physics model output, not a measurement. Aperture-lens coefficient c=0.62."
SYN-00809,B_synthetic,project_physics_generator,"Generated by this project's implementation of the classical Pierce synthesis physics. Validated against Panahi et al. 2025 Table 2 over the C >= 8 envelope: MAE 0.85 deg, MRE 2.80% across 23 published cases. NOT experimental data.",,generated,,,,,train,0.9070,1.4777,54.8167,29.0438,physics_generator,,29.0438,,,pencil,10.9405,22.5355,theta_cone_deg;theta_iterative_deg;rc_mm;Rc_mm,2.80,C >= 8,P in microperv; rw in mm; C dimensionless; angles in degrees,"SYNTHETIC - physics model output, not a measurement. Aperture-lens coefficient c=0.62."
SYN-00810,B_synthetic,project_physics_generator,"Generated by this project's implementation of the classical Pierce synthesis physics. Validated against Panahi et al. 2025 Table 2 over the C >= 8 envelope: MAE 0.85 deg, MRE 2.80% across 23 published cases. NOT experimental data.",,generated,,,,,train,2.9753,4.1871,24.5775,48.1018,physics_generator,,48.1018,,,pencil,20.7581,27.8882,theta_cone_deg;theta_iterative_deg;rc_mm;Rc_mm,2.80,C >= 8,P in microperv; rw in mm; C dimensionless; angles in degrees,"SYNTHETIC - physics model output, not a measurement. Aperture-lens coefficient c=0.62."
SYN-00811,B_synthetic,project_physics_generator,"Generated by this project's implementation of the classical Pierce synthesis physics. Validated against Panahi et al. 2025 Table 2 over the C >= 8 envelope: MAE 0.85 deg, MRE 2.80% across 23 published cases. NOT experimental data.",,generated,,,,,train,2.9909,0.6431,63.3785,57.7702,physics_generator,,57.7702,,,pencil,5.1201,6.0528,theta_cone_deg;theta_iterative_deg;rc_mm;Rc_mm,2.80,C >= 8,P in microperv; rw in mm; C dimensionless; angles in degrees,"SYNTHETIC - physics model output, not a measurement. Aperture-lens coefficient c=0.62."
SYN-00812,B_synthetic,project_physics_generator,"Generated by this project's implementation of the classical Pierce synthesis physics. Validated against Panahi et al. 2025 Table 2 over the C >= 8 envelope: MAE 0.85 deg, MRE 2.80% across 23 published cases. NOT experimental data.",,generated,,,,,train,0.9143,3.9415,22.5097,25.1680,physics_generator,,25.1680,,,pencil,18.7001,43.9719,theta_cone_deg;theta_iterative_deg;rc_mm;Rc_mm,2.80,C >= 8,P in microperv; rw in mm; C dimensionless; angles in degrees,"SYNTHETIC - physics model output, not a measurement. Aperture-lens coefficient c=0.62."
SYN-00813,B_synthetic,project_physics_generator,"Generated by this project's implementation of the classical Pierce synthesis physics. Validated against Panahi et al. 2025 Table 2 over the C >= 8 envelope: MAE 0.85 deg, MRE 2.80% across 23 published cases. NOT experimental data.",,generated,,,,,train,1.3051,1.5940,233.8627,42.1971,physics_generator,,42.1971,,,pencil,24.3762,36.2913,theta_cone_deg;theta_iterative_deg;rc_mm;Rc_mm,2.80,C >= 8,P in microperv; rw in mm; C dimensionless; angles in degrees,"SYNTHETIC - physics model output, not a measurement. Aperture-lens coefficient c=0.62."
SYN-00814,B_synthetic,project_physics_generator,"Generated by this project's implementation of the classical Pierce synthesis physics. Validated against Panahi et al. 2025 Table 2 over the C >= 8 envelope: MAE 0.85 deg, MRE 2.80% across 23 published cases. NOT experimental data.",,generated,,,,,train,2.6304,2.8034,13.1222,38.6300,physics_generator,,38.6300,,,pencil,10.1554,16.2671,theta_cone_deg;theta_iterative_deg;rc_mm;Rc_mm,2.80,C >= 8,P in microperv; rw in mm; C dimensionless; angles in degrees,"SYNTHETIC - physics model output, not a measurement. Aperture-lens coefficient c=0.62."
SYN-00815,B_synthetic,project_physics_generator,"Generated by this project's implementation of the classical Pierce synthesis physics. Validated against Panahi et al. 2025 Table 2 over the C >= 8 envelope: MAE 0.85 deg, MRE 2.80% across 23 published cases. NOT experimental data.",,generated,,,,,train,2.0955,2.4483,37.9726,43.0016,physics_generator,,43.0016,,,pencil,15.0867,22.1206,theta_cone_deg;theta_iterative_deg;rc_mm;Rc_mm,2.80,C >= 8,P in microperv; rw in mm; C dimensionless; angles in degrees,"SYNTHETIC - physics model output, not a measurement. Aperture-lens coefficient c=0.62."
SYN-00816,B_synthetic,project_physics_generator,"Generated by this project's implementation of the classical Pierce synthesis physics. Validated against Panahi et al. 2025 Table 2 over the C >= 8 envelope: MAE 0.85 deg, MRE 2.80% across 23 published cases. NOT experimental data.",,generated,,,,,train,1.6270,3.1538,85.6108,42.3180,physics_generator,,42.3180,,,pencil,29.1811,43.3439,theta_cone_deg;theta_iterative_deg;rc_mm;Rc_mm,2.80,C >= 8,P in microperv; rw in mm; C dimensionless; angles in degrees,"SYNTHETIC - physics model output, not a measurement. Aperture-lens coefficient c=0.62."
SYN-00817,B_synthetic,project_physics_generator,"Generated by this project's implementation of the classical Pierce synthesis physics. Validated against Panahi et al. 2025 Table 2 over the C >= 8 envelope: MAE 0.85 deg, MRE 2.80% across 23 published cases. NOT experimental data.",,generated,,,,,train,0.3800,1.3063,9.1786,12.8969,physics_generator,,12.8969,,,pencil,3.9577,17.7318,theta_cone_deg;theta_iterative_deg;rc_mm;Rc_mm,2.80,C >= 8,P in microperv; rw in mm; C dimensionless; angles in degrees,"SYNTHETIC - physics model output, not a measurement. Aperture-lens coefficient c=0.62."
SYN-00818,B_synthetic,project_physics_generator,"Generated by this project's implementation of the classical Pierce synthesis physics. Validated against Panahi et al. 2025 Table 2 over the C >= 8 envelope: MAE 0.85 deg, MRE 2.80% across 23 published cases. NOT experimental data.",,generated,,,,,train,3.3130,4.1086,130.7496,69.9875,physics_generator,,69.9875,,,pencil,46.9796,49.9986,theta_cone_deg;theta_iterative_deg;rc_mm;Rc_mm,2.80,C >= 8,P in microperv; rw in mm; C dimensionless; angles in degrees,"SYNTHETIC - physics model output, not a measurement. Aperture-lens coefficient c=0.62."
SYN-00819,B_synthetic,project_physics_generator,"Generated by this project's implementation of the classical Pierce synthesis physics. Validated against Panahi et al. 2025 Table 2 over the C >= 8 envelope: MAE 0.85 deg, MRE 2.80% across 23 published cases. NOT experimental data.",,generated,,,,,train,3.4964,1.8863,11.9324,43.7949,physics_generator,,43.7949,,,pencil,6.5158,9.4148,theta_cone_deg;theta_iterative_deg;rc_mm;Rc_mm,2.80,C >= 8,P in microperv; rw in mm; C dimensionless; angles in degrees,"SYNTHETIC - physics model output, not a measurement. Aperture-lens coefficient c=0.62."
SYN-00820,B_synthetic,project_physics_generator,"Generated by this project's implementation of the classical Pierce synthesis physics. Validated against Panahi et al. 2025 Table 2 over the C >= 8 envelope: MAE 0.85 deg, MRE 2.80% across 23 published cases. NOT experimental data.",,generated,,,,,train,0.5715,2.7159,169.3287,26.1460,physics_generator,,26.1460,,,pencil,35.3408,80.1995,theta_cone_deg;theta_iterative_deg;rc_mm;Rc_mm,2.80,C >= 8,P in microperv; rw in mm; C dimensionless; angles in degrees,"SYNTHETIC - physics model output, not a measurement. Aperture-lens coefficient c=0.62."
SYN-00821,B_synthetic,project_physics_generator,"Generated by this project's implementation of the classical Pierce synthesis physics. Validated against Panahi et al. 2025 Table 2 over the C >= 8 envelope: MAE 0.85 deg, MRE 2.80% across 23 published cases. NOT experimental data.",,generated,,,,,train,1.8089,0.8683,49.2543,41.3933,physics_generator,,41.3933,,,pencil,6.0938,9.2159,theta_cone_deg;theta_iterative_deg;rc_mm;Rc_mm,2.80,C >= 8,P in microperv; rw in mm; C dimensionless; angles in degrees,"SYNTHETIC - physics model output, not a measurement. Aperture-lens coefficient c=0.62."
SYN-00822,B_synthetic,project_physics_generator,"Generated by this project's implementation of the classical Pierce synthesis physics. Validated against Panahi et al. 2025 Table 2 over the C >= 8 envelope: MAE 0.85 deg, MRE 2.80% across 23 published cases. NOT experimental data.",,generated,,,,,train,2.2826,3.5465,110.6218,53.3522,physics_generator,,53.3522,,,pencil,37.3012,46.4917,theta_cone_deg;theta_iterative_deg;rc_mm;Rc_mm,2.80,C >= 8,P in microperv; rw in mm; C dimensionless; angles in degrees,"SYNTHETIC - physics model output, not a measurement. Aperture-lens coefficient c=0.62."
SYN-00823,B_synthetic,project_physics_generator,"Generated by this project's implementation of the classical Pierce synthesis physics. Validated against Panahi et al. 2025 Table 2 over the C >= 8 envelope: MAE 0.85 deg, MRE 2.80% across 23 published cases. NOT experimental data.",,generated,,,,,train,2.8102,1.2052,285.3241,70.1106,physics_generator,,70.1106,,,pencil,20.3572,21.6485,theta_cone_deg;theta_iterative_deg;rc_mm;Rc_mm,2.80,C >= 8,P in microperv; rw in mm; C dimensionless; angles in degrees,"SYNTHETIC - physics model output, not a measurement. Aperture-lens coefficient c=0.62."
SYN-00824,B_synthetic,project_physics_generator,"Generated by this project's implementation of the classical Pierce synthesis physics. Validated against Panahi et al. 2025 Table 2 over the C >= 8 envelope: MAE 0.85 deg, MRE 2.80% across 23 published cases. NOT experimental data.",,generated,,,,,train,1.4933,4.3795,16.0639,30.1888,physics_generator,,30.1888,,,pencil,17.5530,34.9070,theta_cone_deg;theta_iterative_deg;rc_mm;Rc_mm,2.80,C >= 8,P in microperv; rw in mm; C dimensionless; angles in degrees,"SYNTHETIC - physics model output, not a measurement. Aperture-lens coefficient c=0.62."
SYN-00825,B_synthetic,project_physics_generator,"Generated by this project's implementation of the classical Pierce synthesis physics. Validated against Panahi et al. 2025 Table 2 over the C >= 8 envelope: MAE 0.85 deg, MRE 2.80% across 23 published cases. NOT experimental data.",,generated,,,,,train,1.0997,2.0319,77.4993,33.7200,physics_generator,,33.7200,,,pencil,17.8879,32.2226,theta_cone_deg;theta_iterative_deg;rc_mm;Rc_mm,2.80,C >= 8,P in microperv; rw in mm; C dimensionless; angles in degrees,"SYNTHETIC - physics model output, not a measurement. Aperture-lens coefficient c=0.62."
SYN-00826,B_synthetic,project_physics_generator,"Generated by this project's implementation of the classical Pierce synthesis physics. Validated against Panahi et al. 2025 Table 2 over the C >= 8 envelope: MAE 0.85 deg, MRE 2.80% across 23 published cases. NOT experimental data.",,generated,,,,,train,3.1810,3.3654,27.6180,51.2329,physics_generator,,51.2329,,,pencil,17.6863,22.6836,theta_cone_deg;theta_iterative_deg;rc_mm;Rc_mm,2.80,C >= 8,P in microperv; rw in mm; C dimensionless; angles in degrees,"SYNTHETIC - physics model output, not a measurement. Aperture-lens coefficient c=0.62."
SYN-00827,B_synthetic,project_physics_generator,"Generated by this project's implementation of the classical Pierce synthesis physics. Validated against Panahi et al. 2025 Table 2 over the C >= 8 envelope: MAE 0.85 deg, MRE 2.80% across 23 published cases. NOT experimental data.",,generated,,,,,train,3.1355,2.1933,192.6056,71.6880,physics_generator,,71.6880,,,pencil,30.4387,32.0623,theta_cone_deg;theta_iterative_deg;rc_mm;Rc_mm,2.80,C >= 8,P in microperv; rw in mm; C dimensionless; angles in degrees,"SYNTHETIC - physics model output, not a measurement. Aperture-lens coefficient c=0.62."
SYN-00828,B_synthetic,project_physics_generator,"Generated by this project's implementation of the classical Pierce synthesis physics. Validated against Panahi et al. 2025 Table 2 over the C >= 8 envelope: MAE 0.85 deg, MRE 2.80% across 23 published cases. NOT experimental data.",,generated,,,,,train,0.9594,3.3939,10.7782,21.6524,physics_generator,,21.6524,,,pencil,11.1424,30.1982,theta_cone_deg;theta_iterative_deg;rc_mm;Rc_mm,2.80,C >= 8,P in microperv; rw in mm; C dimensionless; angles in degrees,"SYNTHETIC - physics model output, not a measurement. Aperture-lens coefficient c=0.62."
SYN-00829,B_synthetic,project_physics_generator,"Generated by this project's implementation of the classical Pierce synthesis physics. Validated against Panahi et al. 2025 Table 2 over the C >= 8 envelope: MAE 0.85 deg, MRE 2.80% across 23 published cases. NOT experimental data.",,generated,,,,,train,1.4194,1.0540,115.6176,40.7780,physics_generator,,40.7780,,,pencil,11.3332,17.3522,theta_cone_deg;theta_iterative_deg;rc_mm;Rc_mm,2.80,C >= 8,P in microperv; rw in mm; C dimensionless; angles in degrees,"SYNTHETIC - physics model output, not a measurement. Aperture-lens coefficient c=0.62."
SYN-00830,B_synthetic,project_physics_generator,"Generated by this project's implementation of the classical Pierce synthesis physics. Validated against Panahi et al. 2025 Table 2 over the C >= 8 envelope: MAE 0.85 deg, MRE 2.80% across 23 published cases. NOT experimental data.",,generated,,,,,train,2.6451,4.3455,40.8780,49.7055,physics_generator,,49.7055,,,pencil,27.7833,36.4261,theta_cone_deg;theta_iterative_deg;rc_mm;Rc_mm,2.80,C >= 8,P in microperv; rw in mm; C dimensionless; angles in degrees,"SYNTHETIC - physics model output, not a measurement. Aperture-lens coefficient c=0.62."
SYN-00831,B_synthetic,project_physics_generator,"Generated by this project's implementation of the classical Pierce synthesis physics. Validated against Panahi et al. 2025 Table 2 over the C >= 8 envelope: MAE 0.85 deg, MRE 2.80% across 23 published cases. NOT experimental data.",,generated,,,,,train,2.3298,0.9028,19.9587,40.1561,physics_generator,,40.1561,,,pencil,4.0332,6.2543,theta_cone_deg;theta_iterative_deg;rc_mm;Rc_mm,2.80,C >= 8,P in microperv; rw in mm; C dimensionless; angles in degrees,"SYNTHETIC - physics model output, not a measurement. Aperture-lens coefficient c=0.62."
SYN-00832,B_synthetic,project_physics_generator,"Generated by this project's implementation of the classical Pierce synthesis physics. Validated against Panahi et al. 2025 Table 2 over the C >= 8 envelope: MAE 0.85 deg, MRE 2.80% across 23 published cases. NOT experimental data.",,generated,,,,,train,1.9476,3.6982,281.4985,54.5500,physics_generator,,54.5500,,,pencil,62.0478,76.1676,theta_cone_deg;theta_iterative_deg;rc_mm;Rc_mm,2.80,C >= 8,P in microperv; rw in mm; C dimensionless; angles in degrees,"SYNTHETIC - physics model output, not a measurement. Aperture-lens coefficient c=0.62."
SYN-00833,B_synthetic,project_physics_generator,"Generated by this project's implementation of the classical Pierce synthesis physics. Validated against Panahi et al. 2025 Table 2 over the C >= 8 envelope: MAE 0.85 deg, MRE 2.80% across 23 published cases. NOT experimental data.",,generated,,,,,train,0.6438,1.8583,29.6549,22.1021,physics_generator,,22.1021,,,pencil,10.1195,26.8950,theta_cone_deg;theta_iterative_deg;rc_mm;Rc_mm,2.80,C >= 8,P in microperv; rw in mm; C dimensionless; angles in degrees,"SYNTHETIC - physics model output, not a measurement. Aperture-lens coefficient c=0.62."
SYN-00834,B_synthetic,project_physics_generator,"Generated by this project's implementation of the classical Pierce synthesis physics. Validated against Panahi et al. 2025 Table 2 over the C >= 8 envelope: MAE 0.85 deg, MRE 2.80% across 23 published cases. NOT experimental data.",,generated,,,,,train,3.6631,2.5550,66.0829,66.4079,physics_generator,,66.4079,,,pencil,20.7702,22.6646,theta_cone_deg;theta_iterative_deg;rc_mm;Rc_mm,2.80,C >= 8,P in microperv; rw in mm; C dimensionless; angles in degrees,"SYNTHETIC - physics model output, not a measurement. Aperture-lens coefficient c=0.62."
SYN-00835,B_synthetic,project_physics_generator,"Generated by this project's implementation of the classical Pierce synthesis physics. Validated against Panahi et al. 2025 Table 2 over the C >= 8 envelope: MAE 0.85 deg, MRE 2.80% across 23 published cases. NOT experimental data.",,generated,,,,,train,3.4783,1.4658,22.8560,51.7479,physics_generator,,51.7479,,,pencil,7.0077,8.9236,theta_cone_deg;theta_iterative_deg;rc_mm;Rc_mm,2.80,C >= 8,P in microperv; rw in mm; C dimensionless; angles in degrees,"SYNTHETIC - physics model output, not a measurement. Aperture-lens coefficient c=0.62."
SYN-00836,B_synthetic,project_physics_generator,"Generated by this project's implementation of the classical Pierce synthesis physics. Validated against Panahi et al. 2025 Table 2 over the C >= 8 envelope: MAE 0.85 deg, MRE 2.80% across 23 published cases. NOT experimental data.",,generated,,,,,train,0.4538,4.1352,51.1044,20.1055,physics_generator,,20.1055,,,pencil,29.5617,85.9976,theta_cone_deg;theta_iterative_deg;rc_mm;Rc_mm,2.80,C >= 8,P in microperv; rw in mm; C dimensionless; angles in degrees,"SYNTHETIC - physics model output, not a measurement. Aperture-lens coefficient c=0.62."
SYN-00837,B_synthetic,project_physics_generator,"Generated by this project's implementation of the classical Pierce synthesis physics. Validated against Panahi et al. 2025 Table 2 over the C >= 8 envelope: MAE 0.85 deg, MRE 2.80% across 23 published cases. NOT experimental data.",,generated,,,,,train,1.7672,2.2952,15.3620,32.6143,physics_generator,,32.6143,,,pencil,8.9960,16.6909,theta_cone_deg;theta_iterative_deg;rc_mm;Rc_mm,2.80,C >= 8,P in microperv; rw in mm; C dimensionless; angles in degrees,"SYNTHETIC - physics model output, not a measurement. Aperture-lens coefficient c=0.62."
SYN-00838,B_synthetic,project_physics_generator,"Generated by this project's implementation of the classical Pierce synthesis physics. Validated against Panahi et al. 2025 Table 2 over the C >= 8 envelope: MAE 0.85 deg, MRE 2.80% across 23 published cases. NOT experimental data.",,generated,,,,,train,2.1413,3.1180,217.3994,56.1056,physics_generator,,56.1056,,,pencil,45.9734,55.3852,theta_cone_deg;theta_iterative_deg;rc_mm;Rc_mm,2.80,C >= 8,P in microperv; rw in mm; C dimensionless; angles in degrees,"SYNTHETIC - physics model output, not a measurement. Aperture-lens coefficient c=0.62."
SYN-00839,B_synthetic,project_physics_generator,"Generated by this project's implementation of the classical Pierce synthesis physics. Validated against Panahi et al. 2025 Table 2 over the C >= 8 envelope: MAE 0.85 deg, MRE 2.80% across 23 published cases. NOT experimental data.",,generated,,,,,train,2.4634,1.6303,94.6099,54.6369,physics_generator,,54.6369,,,pencil,15.8575,19.4451,theta_cone_deg;theta_iterative_deg;rc_mm;Rc_mm,2.80,C >= 8,P in microperv; rw in mm; C dimensionless; angles in degrees,"SYNTHETIC - physics model output, not a measurement. Aperture-lens coefficient c=0.62."
SYN-00840,B_synthetic,project_physics_generator,"Generated by this project's implementation of the classical Pierce synthesis physics. Validated against Panahi et al. 2025 Table 2 over the C >= 8 envelope: MAE 0.85 deg, MRE 2.80% across 23 published cases. NOT experimental data.",,generated,,,,,train,1.2329,2.9570,33.3227,31.5873,physics_generator,,31.5873,,,pencil,17.0693,32.5877,theta_cone_deg;theta_iterative_deg;rc_mm;Rc_mm,2.80,C >= 8,P in microperv; rw in mm; C dimensionless; angles in degrees,"SYNTHETIC - physics model output, not a measurement. Aperture-lens coefficient c=0.62."
SYN-00841,B_synthetic,project_physics_generator,"Generated by this project's implementation of the classical Pierce synthesis physics. Validated against Panahi et al. 2025 Table 2 over the C >= 8 envelope: MAE 0.85 deg, MRE 2.80% across 23 published cases. NOT experimental data.",,generated,,,,,train,0.7757,0.6169,157.8223,30.4744,physics_generator,,30.4744,,,pencil,7.7505,15.2824,theta_cone_deg;theta_iterative_deg;rc_mm;Rc_mm,2.80,C >= 8,P in microperv; rw in mm; C dimensionless; angles in degrees,"SYNTHETIC - physics model output, not a measurement. Aperture-lens coefficient c=0.62."
SYN-00842,B_synthetic,project_physics_generator,"Generated by this project's implementation of the classical Pierce synthesis physics. Validated against Panahi et al. 2025 Table 2 over the C >= 8 envelope: MAE 0.85 deg, MRE 2.80% across 23 published cases. NOT experimental data.",,generated,,,,,train,2.9434,3.7825,8.7980,36.1114,physics_generator,,36.1114,,,pencil,11.2194,19.0367,theta_cone_deg;theta_iterative_deg;rc_mm;Rc_mm,2.80,C >= 8,P in microperv; rw in mm; C dimensionless; angles in degrees,"SYNTHETIC - physics model output, not a measurement. Aperture-lens coefficient c=0.62."
SYN-00843,B_synthetic,project_physics_generator,"Generated by this project's implementation of the classical Pierce synthesis physics. Validated against Panahi et al. 2025 Table 2 over the C >= 8 envelope: MAE 0.85 deg, MRE 2.80% across 23 published cases. NOT experimental data.",,generated,,,,,train,2.8731,1.5420,45.4784,53.1851,physics_generator,,53.1851,,,pencil,10.3991,12.9895,theta_cone_deg;theta_iterative_deg;rc_mm;Rc_mm,2.80,C >= 8,P in microperv; rw in mm; C dimensionless; angles in degrees,"SYNTHETIC - physics model output, not a measurement. Aperture-lens coefficient c=0.62."
SYN-00844,B_synthetic,project_physics_generator,"Generated by this project's implementation of the classical Pierce synthesis physics. Validated against Panahi et al. 2025 Table 2 over the C >= 8 envelope: MAE 0.85 deg, MRE 2.80% across 23 published cases. NOT experimental data.",,generated,,,,,train,0.7968,2.8726,102.4292,29.4296,physics_generator,,29.4296,,,pencil,29.0729,59.1689,theta_cone_deg;theta_iterative_deg;rc_mm;Rc_mm,2.80,C >= 8,P in microperv; rw in mm; C dimensionless; angles in degrees,"SYNTHETIC - physics model output, not a measurement. Aperture-lens coefficient c=0.62."
SYN-00845,B_synthetic,project_physics_generator,"Generated by this project's implementation of the classical Pierce synthesis physics. Validated against Panahi et al. 2025 Table 2 over the C >= 8 envelope: MAE 0.85 deg, MRE 2.80% across 23 published cases. NOT experimental data.",,generated,,,,,train,1.1573,0.7125,12.1527,24.6560,physics_generator,,24.6560,,,pencil,2.4839,5.9543,theta_cone_deg;theta_iterative_deg;rc_mm;Rc_mm,2.80,C >= 8,P in microperv; rw in mm; C dimensionless; angles in degrees,"SYNTHETIC - physics model output, not a measurement. Aperture-lens coefficient c=0.62."
SYN-00846,B_synthetic,project_physics_generator,"Generated by this project's implementation of the classical Pierce synthesis physics. Validated against Panahi et al. 2025 Table 2 over the C >= 8 envelope: MAE 0.85 deg, MRE 2.80% across 23 published cases. NOT experimental data.",,generated,,,,,train,2.4824,3.8898,173.2918,59.8701,physics_generator,,59.8701,,,pencil,51.2055,59.2046,theta_cone_deg;theta_iterative_deg;rc_mm;Rc_mm,2.80,C >= 8,P in microperv; rw in mm; C dimensionless; angles in degrees,"SYNTHETIC - physics model output, not a measurement. Aperture-lens coefficient c=0.62."
SYN-00847,B_synthetic,project_physics_generator,"Generated by this project's implementation of the classical Pierce synthesis physics. Validated against Panahi et al. 2025 Table 2 over the C >= 8 envelope: MAE 0.85 deg, MRE 2.80% across 23 published cases. NOT experimental data.",,generated,,,,,train,2.1605,1.3619,74.8457,48.7991,physics_generator,,48.7991,,,pencil,11.7824,15.6597,theta_cone_deg;theta_iterative_deg;rc_mm;Rc_mm,2.80,C >= 8,P in microperv; rw in mm; C dimensionless; angles in degrees,"SYNTHETIC - physics model output, not a measurement. Aperture-lens coefficient c=0.62."
SYN-00848,B_synthetic,project_physics_generator,"Generated by this project's implementation of the classical Pierce synthesis physics. Validated against Panahi et al. 2025 Table 2 over the C >= 8 envelope: MAE 0.85 deg, MRE 2.80% across 23 published cases. NOT experimental data.",,generated,,,,,train,1.6919,4.0353,26.5614,35.8630,physics_generator,,35.8630,,,pencil,20.7969,35.4987,theta_cone_deg;theta_iterative_deg;rc_mm;Rc_mm,2.80,C >= 8,P in microperv; rw in mm; C dimensionless; angles in degrees,"SYNTHETIC - physics model output, not a measurement. Aperture-lens coefficient c=0.62."
SYN-00849,B_synthetic,project_physics_generator,"Generated by this project's implementation of the classical Pierce synthesis physics. Validated against Panahi et al. 2025 Table 2 over the C >= 8 envelope: MAE 0.85 deg, MRE 2.80% across 23 published cases. NOT experimental data.",,generated,,,,,train,0.4744,2.3752,314.0288,25.1934,physics_generator,,25.1934,,,pencil,42.0903,98.8789,theta_cone_deg;theta_iterative_deg;rc_mm;Rc_mm,2.80,C >= 8,P in microperv; rw in mm; C dimensionless; angles in degrees,"SYNTHETIC - physics model output, not a measurement. Aperture-lens coefficient c=0.62."
SYN-00850,B_synthetic,project_physics_generator,"Generated by this project's implementation of the classical Pierce synthesis physics. Validated against Panahi et al. 2025 Table 2 over the C >= 8 envelope: MAE 0.85 deg, MRE 2.80% across 23 published cases. NOT experimental data.",,generated,,,,,train,3.4075,3.2097,17.6343,48.0707,physics_generator,,48.0707,,,pencil,13.4785,18.1170,theta_cone_deg;theta_iterative_deg;rc_mm;Rc_mm,2.80,C >= 8,P in microperv; rw in mm; C dimensionless; angles in degrees,"SYNTHETIC - physics model output, not a measurement. Aperture-lens coefficient c=0.62."
SYN-00851,B_synthetic,project_physics_generator,"Generated by this project's implementation of the classical Pierce synthesis physics. Validated against Panahi et al. 2025 Table 2 over the C >= 8 envelope: MAE 0.85 deg, MRE 2.80% across 23 published cases. NOT experimental data.",,generated,,,,,train,0.7163,3.5982,13.6196,19.8854,physics_generator,,19.8854,,,pencil,13.2791,39.0402,theta_cone_deg;theta_iterative_deg;rc_mm;Rc_mm,2.80,C >= 8,P in microperv; rw in mm; C dimensionless; angles in degrees,"SYNTHETIC - physics model output, not a measurement. Aperture-lens coefficient c=0.62."
SYN-00852,B_synthetic,project_physics_generator,"Generated by this project's implementation of the classical Pierce synthesis physics. Validated against Panahi et al. 2025 Table 2 over the C >= 8 envelope: MAE 0.85 deg, MRE 2.80% across 23 published cases. NOT experimental data.",,generated,,,,,train,1.9301,1.9382,57.6890,43.9872,physics_generator,,43.9872,,,pencil,14.7214,21.1972,theta_cone_deg;theta_iterative_deg;rc_mm;Rc_mm,2.80,C >= 8,P in microperv; rw in mm; C dimensionless; angles in degrees,"SYNTHETIC - physics model output, not a measurement. Aperture-lens coefficient c=0.62."
SYN-00853,B_synthetic,project_physics_generator,"Generated by this project's implementation of the classical Pierce synthesis physics. Validated against Panahi et al. 2025 Table 2 over the C >= 8 envelope: MAE 0.85 deg, MRE 2.80% across 23 published cases. NOT experimental data.",,generated,,,,,train,2.4035,2.6467,20.5421,41.1031,physics_generator,,41.1031,,,pencil,11.9958,18.2468,theta_cone_deg;theta_iterative_deg;rc_mm;Rc_mm,2.80,C >= 8,P in microperv; rw in mm; C dimensionless; angles in degrees,"SYNTHETIC - physics model output, not a measurement. Aperture-lens coefficient c=0.62."
SYN-00854,B_synthetic,project_physics_generator,"Generated by this project's implementation of the classical Pierce synthesis physics. Validated against Panahi et al. 2025 Table 2 over the C >= 8 envelope: MAE 0.85 deg, MRE 2.80% across 23 published cases. NOT experimental data.",,generated,,,,,train,2.7192,2.1050,9.9586,36.1685,physics_generator,,36.1685,,,pencil,6.6428,11.2559,theta_cone_deg;theta_iterative_deg;rc_mm;Rc_mm,2.80,C >= 8,P in microperv; rw in mm; C dimensionless; angles in degrees,"SYNTHETIC - physics model output, not a measurement. Aperture-lens coefficient c=0.62."
SYN-00855,B_synthetic,project_physics_generator,"Generated by this project's implementation of the classical Pierce synthesis physics. Validated against Panahi et al. 2025 Table 2 over the C >= 8 envelope: MAE 0.85 deg, MRE 2.80% across 23 published cases. NOT experimental data.",,generated,,,,,train,1.4022,3.3096,141.4618,41.5072,physics_generator,,41.5072,,,pencil,39.3633,59.3971,theta_cone_deg;theta_iterative_deg;rc_mm;Rc_mm,2.80,C >= 8,P in microperv; rw in mm; C dimensionless; angles in degrees,"SYNTHETIC - physics model output, not a measurement. Aperture-lens coefficient c=0.62."
SYN-00856,B_synthetic,project_physics_generator,"Generated by this project's implementation of the classical Pierce synthesis physics. Validated against Panahi et al. 2025 Table 2 over the C >= 8 envelope: MAE 0.85 deg, MRE 2.80% across 23 published cases. NOT experimental data.",,generated,,,,,train,1.0313,1.1496,37.2171,29.2936,physics_generator,,29.2936,,,pencil,7.0132,14.3335,theta_cone_deg;theta_iterative_deg;rc_mm;Rc_mm,2.80,C >= 8,P in microperv; rw in mm; C dimensionless; angles in degrees,"SYNTHETIC - physics model output, not a measurement. Aperture-lens coefficient c=0.62."
SYN-00857,B_synthetic,project_physics_generator,"Generated by this project's implementation of the classical Pierce synthesis physics. Validated against Panahi et al. 2025 Table 2 over the C >= 8 envelope: MAE 0.85 deg, MRE 2.80% across 23 published cases. NOT experimental data.",,generated,,,,,train,3.1129,4.4528,83.5024,62.1098,physics_generator,,62.1098,,,pencil,40.6895,46.0369,theta_cone_deg;theta_iterative_deg;rc_mm;Rc_mm,2.80,C >= 8,P in microperv; rw in mm; C dimensionless; angles in degrees,"SYNTHETIC - physics model output, not a measurement. Aperture-lens coefficient c=0.62."
SYN-00858,B_synthetic,project_physics_generator,"Generated by this project's implementation of the classical Pierce synthesis physics. Validated against Panahi et al. 2025 Table 2 over the C >= 8 envelope: MAE 0.85 deg, MRE 2.80% across 23 published cases. NOT experimental data.",,generated,,,,,train,3.2531,1.1216,15.0785,44.9964,physics_generator,,44.9964,,,pencil,4.3551,6.1595,theta_cone_deg;theta_iterative_deg;rc_mm;Rc_mm,2.80,C >= 8,P in microperv; rw in mm; C dimensionless; angles in degrees,"SYNTHETIC - physics model output, not a measurement. Aperture-lens coefficient c=0.62."
SYN-00859,B_synthetic,project_physics_generator,"Generated by this project's implementation of the classical Pierce synthesis physics. Validated against Panahi et al. 2025 Table 2 over the C >= 8 envelope: MAE 0.85 deg, MRE 2.80% across 23 published cases. NOT experimental data.",,generated,,,,,train,1.0772,4.2920,212.4997,37.5398,physics_generator,,37.5398,,,pencil,62.5659,102.6829,theta_cone_deg;theta_iterative_deg;rc_mm;Rc_mm,2.80,C >= 8,P in microperv; rw in mm; C dimensionless; angles in degrees,"SYNTHETIC - physics model output, not a measurement. Aperture-lens coefficient c=0.62."
SYN-00860,B_synthetic,project_physics_generator,"Generated by this project's implementation of the classical Pierce synthesis physics. Validated against Panahi et al. 2025 Table 2 over the C >= 8 envelope: MAE 0.85 deg, MRE 2.80% across 23 published cases. NOT experimental data.",,generated,,,,,train,1.5675,2.1395,24.7509,33.9689,physics_generator,,33.9689,,,pencil,10.6439,19.0498,theta_cone_deg;theta_iterative_deg;rc_mm;Rc_mm,2.80,C >= 8,P in microperv; rw in mm; C dimensionless; angles in degrees,"SYNTHETIC - physics model output, not a measurement. Aperture-lens coefficient c=0.62."
SYN-00861,B_synthetic,project_physics_generator,"Generated by this project's implementation of the classical Pierce synthesis physics. Validated against Panahi et al. 2025 Table 2 over the C >= 8 envelope: MAE 0.85 deg, MRE 2.80% across 23 published cases. NOT experimental data.",,generated,,,,,train,2.7930,3.4613,55.1982,54.1041,physics_generator,,54.1041,,,pencil,25.7156,31.7444,theta_cone_deg;theta_iterative_deg;rc_mm;Rc_mm,2.80,C >= 8,P in microperv; rw in mm; C dimensionless; angles in degrees,"SYNTHETIC - physics model output, not a measurement. Aperture-lens coefficient c=0.62."
SYN-00862,B_synthetic,project_physics_generator,"Generated by this project's implementation of the classical Pierce synthesis physics. Validated against Panahi et al. 2025 Table 2 over the C >= 8 envelope: MAE 0.85 deg, MRE 2.80% across 23 published cases. NOT experimental data.",,generated,,,,,train,2.2649,1.7870,143.3802,55.0377,physics_generator,,55.0377,,,pencil,21.3980,26.1101,theta_cone_deg;theta_iterative_deg;rc_mm;Rc_mm,2.80,C >= 8,P in microperv; rw in mm; C dimensionless; angles in degrees,"SYNTHETIC - physics model output, not a measurement. Aperture-lens coefficient c=0.62."
SYN-00863,B_synthetic,project_physics_generator,"Generated by this project's implementation of the classical Pierce synthesis physics. Validated against Panahi et al. 2025 Table 2 over the C >= 8 envelope: MAE 0.85 deg, MRE 2.80% across 23 published cases. NOT experimental data.",,generated,,,,,train,1.8826,2.6127,8.0155,27.6590,physics_generator,,27.6590,,,pencil,7.3970,15.9347,theta_cone_deg;theta_iterative_deg;rc_mm;Rc_mm,2.80,C >= 8,P in microperv; rw in mm; C dimensionless; angles in degrees,"SYNTHETIC - physics model output, not a measurement. Aperture-lens coefficient c=0.62."
SYN-00864,B_synthetic,project_physics_generator,"Generated by this project's implementation of the classical Pierce synthesis physics. Validated against Panahi et al. 2025 Table 2 over the C >= 8 envelope: MAE 0.85 deg, MRE 2.80% across 23 published cases. NOT experimental data.",,generated,,,,,train,0.5493,0.9602,97.9314,24.1082,physics_generator,,24.1082,,,pencil,9.5024,23.2638,theta_cone_deg;theta_iterative_deg;rc_mm;Rc_mm,2.80,C >= 8,P in microperv; rw in mm; C dimensionless; angles in degrees,"SYNTHETIC - physics model output, not a measurement. Aperture-lens coefficient c=0.62."
SYN-00865,B_synthetic,project_physics_generator,"Generated by this project's implementation of the classical Pierce synthesis physics. Validated against Panahi et al. 2025 Table 2 over the C >= 8 envelope: MAE 0.85 deg, MRE 2.80% across 23 published cases. NOT experimental data.",,generated,,,,,train,3.5688,3.6267,34.6599,57.5036,physics_generator,,57.5036,,,pencil,21.3516,25.3153,theta_cone_deg;theta_iterative_deg;rc_mm;Rc_mm,2.80,C >= 8,P in microperv; rw in mm; C dimensionless; angles in degrees,"SYNTHETIC - physics model output, not a measurement. Aperture-lens coefficient c=0.62."
SYN-00866,B_synthetic,project_physics_generator,"Generated by this project's implementation of the classical Pierce synthesis physics. Validated against Panahi et al. 2025 Table 2 over the C >= 8 envelope: MAE 0.85 deg, MRE 2.80% across 23 published cases. NOT experimental data.",,generated,,,,,train,3.3336,2.3490,127.0343,69.9580,physics_generator,,69.9580,,,pencil,26.4756,28.1823,theta_cone_deg;theta_iterative_deg;rc_mm;Rc_mm,2.80,C >= 8,P in microperv; rw in mm; C dimensionless; angles in degrees,"SYNTHETIC - physics model output, not a measurement. Aperture-lens coefficient c=0.62."
SYN-00867,B_synthetic,project_physics_generator,"Generated by this project's implementation of the classical Pierce synthesis physics. Validated against Panahi et al. 2025 Table 2 over the C >= 8 envelope: MAE 0.85 deg, MRE 2.80% across 23 published cases. NOT experimental data.",,generated,,,,,train,0.3093,3.0507,44.7883,16.2336,physics_generator,,16.2336,,,pencil,20.4163,73.0316,theta_cone_deg;theta_iterative_deg;rc_mm;Rc_mm,2.80,C >= 8,P in microperv; rw in mm; C dimensionless; angles in degrees,"SYNTHETIC - physics model output, not a measurement. Aperture-lens coefficient c=0.62."
SYN-00868,B_synthetic,project_physics_generator,"Generated by this project's implementation of the classical Pierce synthesis physics. Validated against Panahi et al. 2025 Table 2 over the C >= 8 envelope: MAE 0.85 deg, MRE 2.80% across 23 published cases. NOT experimental data.",,generated,,,,,train,1.6464,1.3983,186.4085,46.9909,physics_generator,,46.9909,,,pencil,19.0905,26.1069,theta_cone_deg;theta_iterative_deg;rc_mm;Rc_mm,2.80,C >= 8,P in microperv; rw in mm; C dimensionless; angles in degrees,"SYNTHETIC - physics model output, not a measurement. Aperture-lens coefficient c=0.62."
SYN-00869,B_synthetic,project_physics_generator,"Generated by this project's implementation of the classical Pierce synthesis physics. Validated against Panahi et al. 2025 Table 2 over the C >= 8 envelope: MAE 0.85 deg, MRE 2.80% across 23 published cases. NOT experimental data.",,generated,,,,,train,2.0202,4.1888,10.3811,31.3839,physics_generator,,31.3839,,,pencil,13.4961,25.9156,theta_cone_deg;theta_iterative_deg;rc_mm;Rc_mm,2.80,C >= 8,P in microperv; rw in mm; C dimensionless; angles in degrees,"SYNTHETIC - physics model output, not a measurement. Aperture-lens coefficient c=0.62."
SYN-00870,B_synthetic,project_physics_generator,"Generated by this project's implementation of the classical Pierce synthesis physics. Validated against Panahi et al. 2025 Table 2 over the C >= 8 envelope: MAE 0.85 deg, MRE 2.80% across 23 published cases. NOT experimental data.",,generated,,,,,train,2.5546,0.5595,30.2671,46.0634,physics_generator,,46.0634,,,pencil,3.0783,4.2748,theta_cone_deg;theta_iterative_deg;rc_mm;Rc_mm,2.80,C >= 8,P in microperv; rw in mm; C dimensionless; angles in degrees,"SYNTHETIC - physics model output, not a measurement. Aperture-lens coefficient c=0.62."
SYN-00871,B_synthetic,project_physics_generator,"Generated by this project's implementation of the classical Pierce synthesis physics. Validated against Panahi et al. 2025 Table 2 over the C >= 8 envelope: MAE 0.85 deg, MRE 2.80% across 23 published cases. NOT experimental data.",,generated,,,,,train,1.3239,3.8540,67.7285,36.5887,physics_generator,,36.5887,,,pencil,31.7170,53.2106,theta_cone_deg;theta_iterative_deg;rc_mm;Rc_mm,2.80,C >= 8,P in microperv; rw in mm; C dimensionless; angles in degrees,"SYNTHETIC - physics model output, not a measurement. Aperture-lens coefficient c=0.62."
SYN-00872,B_synthetic,project_physics_generator,"Generated by this project's implementation of the classical Pierce synthesis physics. Validated against Panahi et al. 2025 Table 2 over the C >= 8 envelope: MAE 0.85 deg, MRE 2.80% across 23 published cases. NOT experimental data.",,generated,,,,,train,0.8439,1.7015,18.3975,23.1777,physics_generator,,23.1777,,,pencil,7.2983,18.5431,theta_cone_deg;theta_iterative_deg;rc_mm;Rc_mm,2.80,C >= 8,P in microperv; rw in mm; C dimensionless; angles in degrees,"SYNTHETIC - physics model output, not a measurement. Aperture-lens coefficient c=0.62."
SYN-00873,B_synthetic,project_physics_generator,"Generated by this project's implementation of the classical Pierce synthesis physics. Validated against Panahi et al. 2025 Table 2 over the C >= 8 envelope: MAE 0.85 deg, MRE 2.80% across 23 published cases. NOT experimental data.",,generated,,,,,train,3.0319,1.2407,29.8288,50.6329,physics_generator,,50.6329,,,pencil,6.7763,8.7652,theta_cone_deg;theta_iterative_deg;rc_mm;Rc_mm,2.80,C >= 8,P in microperv; rw in mm; C dimensionless; angles in degrees,"SYNTHETIC - physics model output, not a measurement. Aperture-lens coefficient c=0.62."
SYN-00874,B_synthetic,project_physics_generator,"Generated by this project's implementation of the classical Pierce synthesis physics. Validated against Panahi et al. 2025 Table 2 over the C >= 8 envelope: MAE 0.85 deg, MRE 2.80% across 23 published cases. NOT experimental data.",,generated,,,,,train,0.8501,4.4063,66.7672,28.8477,physics_generator,,28.8477,,,pencil,36.0042,74.6226,theta_cone_deg;theta_iterative_deg;rc_mm;Rc_mm,2.80,C >= 8,P in microperv; rw in mm; C dimensionless; angles in degrees,"SYNTHETIC - physics model output, not a measurement. Aperture-lens coefficient c=0.62."
SYN-00875,B_synthetic,project_physics_generator,"Generated by this project's implementation of the classical Pierce synthesis physics. Validated against Panahi et al. 2025 Table 2 over the C >= 8 envelope: MAE 0.85 deg, MRE 2.80% across 23 published cases. NOT experimental data.",,generated,,,,,train,1.3164,2.0041,19.7699,29.6103,physics_generator,,29.6103,,,pencil,8.9108,18.0344,theta_cone_deg;theta_iterative_deg;rc_mm;Rc_mm,2.80,C >= 8,P in microperv; rw in mm; C dimensionless; angles in degrees,"SYNTHETIC - physics model output, not a measurement. Aperture-lens coefficient c=0.62."
SYN-00876,B_synthetic,project_physics_generator,"Generated by this project's implementation of the classical Pierce synthesis physics. Validated against Panahi et al. 2025 Table 2 over the C >= 8 envelope: MAE 0.85 deg, MRE 2.80% across 23 published cases. NOT experimental data.",,generated,,,,,train,2.5361,3.3307,279.6027,64.8560,physics_generator,,64.8560,,,pencil,55.6945,61.5244,theta_cone_deg;theta_iterative_deg;rc_mm;Rc_mm,2.80,C >= 8,P in microperv; rw in mm; C dimensionless; angles in degrees,"SYNTHETIC - physics model output, not a measurement. Aperture-lens coefficient c=0.62."
SYN-00877,B_synthetic,project_physics_generator,"Generated by this project's implementation of the classical Pierce synthesis physics. Validated against Panahi et al. 2025 Table 2 over the C >= 8 envelope: MAE 0.85 deg, MRE 2.80% across 23 published cases. NOT experimental data.",,generated,,,,,train,2.0014,1.9210,114.8354,49.5736,physics_generator,,49.5736,,,pencil,20.5854,27.0419,theta_cone_deg;theta_iterative_deg;rc_mm;Rc_mm,2.80,C >= 8,P in microperv; rw in mm; C dimensionless; angles in degrees,"SYNTHETIC - physics model output, not a measurement. Aperture-lens coefficient c=0.62."
SYN-00878,B_synthetic,project_physics_generator,"Generated by this project's implementation of the classical Pierce synthesis physics. Validated against Panahi et al. 2025 Table 2 over the C >= 8 envelope: MAE 0.85 deg, MRE 2.80% across 23 published cases. NOT experimental data.",,generated,,,,,train,1.6381,2.7437,40.4922,37.9849,physics_generator,,37.9849,,,pencil,17.4594,28.3683,theta_cone_deg;theta_iterative_deg;rc_mm;Rc_mm,2.80,C >= 8,P in microperv; rw in mm; C dimensionless; angles in degrees,"SYNTHETIC - physics model output, not a measurement. Aperture-lens coefficient c=0.62."
SYN-00879,B_synthetic,project_physics_generator,"Generated by this project's implementation of the classical Pierce synthesis physics. Validated against Panahi et al. 2025 Table 2 over the C >= 8 envelope: MAE 0.85 deg, MRE 2.80% across 23 published cases. NOT experimental data.",,generated,,,,,train,0.3156,0.8415,194.6062,19.5145,physics_generator,,19.5145,,,pencil,11.7394,35.1432,theta_cone_deg;theta_iterative_deg;rc_mm;Rc_mm,2.80,C >= 8,P in microperv; rw in mm; C dimensionless; angles in degrees,"SYNTHETIC - physics model output, not a measurement. Aperture-lens coefficient c=0.62."
SYN-00880,B_synthetic,project_physics_generator,"Generated by this project's implementation of the classical Pierce synthesis physics. Validated against Panahi et al. 2025 Table 2 over the C >= 8 envelope: MAE 0.85 deg, MRE 2.80% across 23 published cases. NOT experimental data.",,generated,,,,,train,3.3542,3.5110,10.8412,41.5639,physics_generator,,41.5639,,,pencil,11.5602,17.4243,theta_cone_deg;theta_iterative_deg;rc_mm;Rc_mm,2.80,C >= 8,P in microperv; rw in mm; C dimensionless; angles in degrees,"SYNTHETIC - physics model output, not a measurement. Aperture-lens coefficient c=0.62."
SYN-00881,B_synthetic,project_physics_generator,"Generated by this project's implementation of the classical Pierce synthesis physics. Validated against Panahi et al. 2025 Table 2 over the C >= 8 envelope: MAE 0.85 deg, MRE 2.80% across 23 published cases. NOT experimental data.",,generated,,,,,train,0.5571,3.1808,8.8659,15.4561,physics_generator,,15.4561,,,pencil,9.4709,35.5382,theta_cone_deg;theta_iterative_deg;rc_mm;Rc_mm,2.80,C >= 8,P in microperv; rw in mm; C dimensionless; angles in degrees,"SYNTHETIC - physics model output, not a measurement. Aperture-lens coefficient c=0.62."
SYN-00882,B_synthetic,project_physics_generator,"Generated by this project's implementation of the classical Pierce synthesis physics. Validated against Panahi et al. 2025 Table 2 over the C >= 8 envelope: MAE 0.85 deg, MRE 2.80% across 23 published cases. NOT experimental data.",,generated,,,,,train,1.8767,1.2785,93.8061,46.4593,physics_generator,,46.4593,,,pencil,12.3830,17.0827,theta_cone_deg;theta_iterative_deg;rc_mm;Rc_mm,2.80,C >= 8,P in microperv; rw in mm; C dimensionless; angles in degrees,"SYNTHETIC - physics model output, not a measurement. Aperture-lens coefficient c=0.62."
SYN-00883,B_synthetic,project_physics_generator,"Generated by this project's implementation of the classical Pierce synthesis physics. Validated against Panahi et al. 2025 Table 2 over the C >= 8 envelope: MAE 0.85 deg, MRE 2.80% across 23 published cases. NOT experimental data.",,generated,,,,,train,2.2448,4.0739,33.1889,43.6086,physics_generator,,43.6086,,,pencil,23.4697,34.0275,theta_cone_deg;theta_iterative_deg;rc_mm;Rc_mm,2.80,C >= 8,P in microperv; rw in mm; C dimensionless; angles in degrees,"SYNTHETIC - physics model output, not a measurement. Aperture-lens coefficient c=0.62."
SYN-00884,B_synthetic,project_physics_generator,"Generated by this project's implementation of the classical Pierce synthesis physics. Validated against Panahi et al. 2025 Table 2 over the C >= 8 envelope: MAE 0.85 deg, MRE 2.80% across 23 published cases. NOT experimental data.",,generated,,,,,train,2.7725,0.6778,15.3000,41.4007,physics_generator,,41.4007,,,pencil,2.6512,4.0089,theta_cone_deg;theta_iterative_deg;rc_mm;Rc_mm,2.80,C >= 8,P in microperv; rw in mm; C dimensionless; angles in degrees,"SYNTHETIC - physics model output, not a measurement. Aperture-lens coefficient c=0.62."
SYN-00885,B_synthetic,project_physics_generator,"Generated by this project's implementation of the classical Pierce synthesis physics. Validated against Panahi et al. 2025 Table 2 over the C >= 8 envelope: MAE 0.85 deg, MRE 2.80% across 23 published cases. NOT experimental data.",,generated,,,,,train,1.5609,3.9693,215.5593,46.3277,physics_generator,,46.3277,,,pencil,58.2767,80.5704,theta_cone_deg;theta_iterative_deg;rc_mm;Rc_mm,2.80,C >= 8,P in microperv; rw in mm; C dimensionless; angles in degrees,"SYNTHETIC - physics model output, not a measurement. Aperture-lens coefficient c=0.62."
SYN-00886,B_synthetic,project_physics_generator,"Generated by this project's implementation of the classical Pierce synthesis physics. Validated against Panahi et al. 2025 Table 2 over the C >= 8 envelope: MAE 0.85 deg, MRE 2.80% across 23 published cases. NOT experimental data.",,generated,,,,,train,1.0851,1.5670,23.0328,27.6224,physics_generator,,27.6224,,,pencil,7.5206,16.2208,theta_cone_deg;theta_iterative_deg;rc_mm;Rc_mm,2.80,C >= 8,P in microperv; rw in mm; C dimensionless; angles in degrees,"SYNTHETIC - physics model output, not a measurement. Aperture-lens coefficient c=0.62."
SYN-00887,B_synthetic,project_physics_generator,"Generated by this project's implementation of the classical Pierce synthesis physics. Validated against Panahi et al. 2025 Table 2 over the C >= 8 envelope: MAE 0.85 deg, MRE 2.80% across 23 published cases. NOT experimental data.",,generated,,,,,train,3.2720,2.7677,51.3583,58.8546,physics_generator,,58.8546,,,pencil,19.8347,23.1753,theta_cone_deg;theta_iterative_deg;rc_mm;Rc_mm,2.80,C >= 8,P in microperv; rw in mm; C dimensionless; angles in degrees,"SYNTHETIC - physics model output, not a measurement. Aperture-lens coefficient c=0.62."
SYN-00888,B_synthetic,project_physics_generator,"Generated by this project's implementation of the classical Pierce synthesis physics. Validated against Panahi et al. 2025 Table 2 over the C >= 8 envelope: MAE 0.85 deg, MRE 2.80% across 23 published cases. NOT experimental data.",,generated,,,,,train,3.0935,1.6582,9.0025,37.3792,physics_generator,,37.3792,,,pencil,4.9751,8.1951,theta_cone_deg;theta_iterative_deg;rc_mm;Rc_mm,2.80,C >= 8,P in microperv; rw in mm; C dimensionless; angles in degrees,"SYNTHETIC - physics model output, not a measurement. Aperture-lens coefficient c=0.62."
SYN-00889,B_synthetic,project_physics_generator,"Generated by this project's implementation of the classical Pierce synthesis physics. Validated against Panahi et al. 2025 Table 2 over the C >= 8 envelope: MAE 0.85 deg, MRE 2.80% across 23 published cases. NOT experimental data.",,generated,,,,,train,1.0247,2.9917,127.8901,34.5370,physics_generator,,34.5370,,,pencil,33.8323,59.6754,theta_cone_deg;theta_iterative_deg;rc_mm;Rc_mm,2.80,C >= 8,P in microperv; rw in mm; C dimensionless; angles in degrees,"SYNTHETIC - physics model output, not a measurement. Aperture-lens coefficient c=0.62."
SYN-00890,B_synthetic,project_physics_generator,"Generated by this project's implementation of the classical Pierce synthesis physics. Validated against Panahi et al. 2025 Table 2 over the C >= 8 envelope: MAE 0.85 deg, MRE 2.80% across 23 published cases. NOT experimental data.",,generated,,,,,train,1.4075,0.5814,38.8530,34.7700,physics_generator,,34.7700,,,pencil,3.6239,6.3546,theta_cone_deg;theta_iterative_deg;rc_mm;Rc_mm,2.80,C >= 8,P in microperv; rw in mm; C dimensionless; angles in degrees,"SYNTHETIC - physics model output, not a measurement. Aperture-lens coefficient c=0.62."
SYN-00891,B_synthetic,project_physics_generator,"Generated by this project's implementation of the classical Pierce synthesis physics. Validated against Panahi et al. 2025 Table 2 over the C >= 8 envelope: MAE 0.85 deg, MRE 2.80% across 23 published cases. NOT experimental data.",,generated,,,,,train,2.7401,3.7557,87.2052,57.6382,physics_generator,,57.6382,,,pencil,35.0724,41.5213,theta_cone_deg;theta_iterative_deg;rc_mm;Rc_mm,2.80,C >= 8,P in microperv; rw in mm; C dimensionless; angles in degrees,"SYNTHETIC - physics model output, not a measurement. Aperture-lens coefficient c=0.62."
SYN-00892,B_synthetic,project_physics_generator,"Generated by this project's implementation of the classical Pierce synthesis physics. Validated against Panahi et al. 2025 Table 2 over the C >= 8 envelope: MAE 0.85 deg, MRE 2.80% across 23 published cases. NOT experimental data.",,generated,,,,,train,2.4249,1.4926,238.2106,61.5499,physics_generator,,61.5499,,,pencil,23.0363,26.2004,theta_cone_deg;theta_iterative_deg;rc_mm;Rc_mm,2.80,C >= 8,P in microperv; rw in mm; C dimensionless; angles in degrees,"SYNTHETIC - physics model output, not a measurement. Aperture-lens coefficient c=0.62."
SYN-00893,B_synthetic,project_physics_generator,"Generated by this project's implementation of the classical Pierce synthesis physics. Validated against Panahi et al. 2025 Table 2 over the C >= 8 envelope: MAE 0.85 deg, MRE 2.80% across 23 published cases. NOT experimental data.",,generated,,,,,train,1.9355,4.1708,13.4268,33.0532,physics_generator,,33.0532,,,pencil,15.2829,28.0205,theta_cone_deg;theta_iterative_deg;rc_mm;Rc_mm,2.80,C >= 8,P in microperv; rw in mm; C dimensionless; angles in degrees,"SYNTHETIC - physics model output, not a measurement. Aperture-lens coefficient c=0.62."
SYN-00894,B_synthetic,project_physics_generator,"Generated by this project's implementation of the classical Pierce synthesis physics. Validated against Panahi et al. 2025 Table 2 over the C >= 8 envelope: MAE 0.85 deg, MRE 2.80% across 23 published cases. NOT experimental data.",,generated,,,,,train,0.7089,2.2605,61.9944,25.9767,physics_generator,,25.9767,,,pencil,17.7987,40.6358,theta_cone_deg;theta_iterative_deg;rc_mm;Rc_mm,2.80,C >= 8,P in microperv; rw in mm; C dimensionless; angles in degrees,"SYNTHETIC - physics model output, not a measurement. Aperture-lens coefficient c=0.62."
SYN-00895,B_synthetic,project_physics_generator,"Generated by this project's implementation of the classical Pierce synthesis physics. Validated against Panahi et al. 2025 Table 2 over the C >= 8 envelope: MAE 0.85 deg, MRE 2.80% across 23 published cases. NOT experimental data.",,generated,,,,,train,3.6213,3.0901,22.0772,52.5423,physics_generator,,52.5423,,,pencil,14.5195,18.2910,theta_cone_deg;theta_iterative_deg;rc_mm;Rc_mm,2.80,C >= 8,P in microperv; rw in mm; C dimensionless; angles in degrees,"SYNTHETIC - physics model output, not a measurement. Aperture-lens coefficient c=0.62."
SYN-00896,B_synthetic,project_physics_generator,"Generated by this project's implementation of the classical Pierce synthesis physics. Validated against Panahi et al. 2025 Table 2 over the C >= 8 envelope: MAE 0.85 deg, MRE 2.80% across 23 published cases. NOT experimental data.",,generated,,,,,train,3.3865,0.9306,75.9478,64.6101,physics_generator,,64.6101,,,pencil,8.1100,8.9770,theta_cone_deg;theta_iterative_deg;rc_mm;Rc_mm,2.80,C >= 8,P in microperv; rw in mm; C dimensionless; angles in degrees,"SYNTHETIC - physics model output, not a measurement. Aperture-lens coefficient c=0.62."
SYN-00897,B_synthetic,project_physics_generator,"Generated by this project's implementation of the classical Pierce synthesis physics. Validated against Panahi et al. 2025 Table 2 over the C >= 8 envelope: MAE 0.85 deg, MRE 2.80% across 23 published cases. NOT experimental data.",,generated,,,,,train,0.4693,3.7328,26.9429,18.4975,physics_generator,,18.4975,,,pencil,19.3758,61.0717,theta_cone_deg;theta_iterative_deg;rc_mm;Rc_mm,2.80,C >= 8,P in microperv; rw in mm; C dimensionless; angles in degrees,"SYNTHETIC - physics model output, not a measurement. Aperture-lens coefficient c=0.62."
SYN-00898,B_synthetic,project_physics_generator,"Generated by this project's implementation of the classical Pierce synthesis physics. Validated against Panahi et al. 2025 Table 2 over the C >= 8 envelope: MAE 0.85 deg, MRE 2.80% across 23 published cases. NOT experimental data.",,generated,,,,,train,1.6989,1.8225,292.2206,50.3884,physics_generator,,50.3884,,,pencil,31.1552,40.4412,theta_cone_deg;theta_iterative_deg;rc_mm;Rc_mm,2.80,C >= 8,P in microperv; rw in mm; C dimensionless; angles in degrees,"SYNTHETIC - physics model output, not a measurement. Aperture-lens coefficient c=0.62."
SYN-00899,B_synthetic,project_physics_generator,"Generated by this project's implementation of the classical Pierce synthesis physics. Validated against Panahi et al. 2025 Table 2 over the C >= 8 envelope: MAE 0.85 deg, MRE 2.80% across 23 published cases. NOT experimental data.",,generated,,,,,train,2.1798,2.5281,16.4081,37.0267,physics_generator,,37.0267,,,pencil,10.2405,17.0056,theta_cone_deg;theta_iterative_deg;rc_mm;Rc_mm,2.80,C >= 8,P in microperv; rw in mm; C dimensionless; angles in degrees,"SYNTHETIC - physics model output, not a measurement. Aperture-lens coefficient c=0.62."
SYN-00900,B_synthetic,project_physics_generator,"Generated by this project's implementation of the classical Pierce synthesis physics. Validated against Panahi et al. 2025 Table 2 over the C >= 8 envelope: MAE 0.85 deg, MRE 2.80% across 23 published cases. NOT experimental data.",,generated,,,,,train,2.5021,2.2202,50.3085,49.9050,physics_generator,,49.9050,,,pencil,15.7476,20.5858,theta_cone_deg;theta_iterative_deg;rc_mm;Rc_mm,2.80,C >= 8,P in microperv; rw in mm; C dimensionless; angles in degrees,"SYNTHETIC - physics model output, not a measurement. Aperture-lens coefficient c=0.62."
SYN-00901,B_synthetic,project_physics_generator,"Generated by this project's implementation of the classical Pierce synthesis physics. Validated against Panahi et al. 2025 Table 2 over the C >= 8 envelope: MAE 0.85 deg, MRE 2.80% across 23 published cases. NOT experimental data.",,generated,,,,,train,1.1643,3.4297,113.2991,36.4820,physics_generator,,36.4820,,,pencil,36.5061,61.3990,theta_cone_deg;theta_iterative_deg;rc_mm;Rc_mm,2.80,C >= 8,P in microperv; rw in mm; C dimensionless; angles in degrees,"SYNTHETIC - physics model output, not a measurement. Aperture-lens coefficient c=0.62."
SYN-00902,B_synthetic,project_physics_generator,"Generated by this project's implementation of the classical Pierce synthesis physics. Validated against Panahi et al. 2025 Table 2 over the C >= 8 envelope: MAE 0.85 deg, MRE 2.80% across 23 published cases. NOT experimental data.",,generated,,,,,train,0.7910,1.0194,11.6411,20.0660,physics_generator,,20.0660,,,pencil,3.4780,10.1368,theta_cone_deg;theta_iterative_deg;rc_mm;Rc_mm,2.80,C >= 8,P in microperv; rw in mm; C dimensionless; angles in degrees,"SYNTHETIC - physics model output, not a measurement. Aperture-lens coefficient c=0.62."
SYN-00903,B_synthetic,project_physics_generator,"Generated by this project's implementation of the classical Pierce synthesis physics. Validated against Panahi et al. 2025 Table 2 over the C >= 8 envelope: MAE 0.85 deg, MRE 2.80% across 23 published cases. NOT experimental data.",,generated,,,,,train,2.8518,4.3177,165.9336,65.3268,physics_generator,,65.3268,,,pencil,55.6185,61.2064,theta_cone_deg;theta_iterative_deg;rc_mm;Rc_mm,2.80,C >= 8,P in microperv; rw in mm; C dimensionless; angles in degrees,"SYNTHETIC - physics model output, not a measurement. Aperture-lens coefficient c=0.62."
SYN-00904,B_synthetic,project_physics_generator,"Generated by this project's implementation of the classical Pierce synthesis physics. Validated against Panahi et al. 2025 Table 2 over the C >= 8 envelope: MAE 0.85 deg, MRE 2.80% across 23 published cases. NOT experimental data.",,generated,,,,,train,2.9375,2.0773,95.9690,61.1864,physics_generator,,61.1864,,,pencil,20.3496,23.2251,theta_cone_deg;theta_iterative_deg;rc_mm;Rc_mm,2.80,C >= 8,P in microperv; rw in mm; C dimensionless; angles in degrees,"SYNTHETIC - physics model output, not a measurement. Aperture-lens coefficient c=0.62."
SYN-00905,B_synthetic,project_physics_generator,"Generated by this project's implementation of the classical Pierce synthesis physics. Validated against Panahi et al. 2025 Table 2 over the C >= 8 envelope: MAE 0.85 deg, MRE 2.80% across 23 published cases. NOT experimental data.",,generated,,,,,train,0.7556,3.2750,33.8130,24.5344,physics_generator,,24.5344,,,pencil,19.0438,45.8622,theta_cone_deg;theta_iterative_deg;rc_mm;Rc_mm,2.80,C >= 8,P in microperv; rw in mm; C dimensionless; angles in degrees,"SYNTHETIC - physics model output, not a measurement. Aperture-lens coefficient c=0.62."
SYN-00906,B_synthetic,project_physics_generator,"Generated by this project's implementation of the classical Pierce synthesis physics. Validated against Panahi et al. 2025 Table 2 over the C >= 8 envelope: MAE 0.85 deg, MRE 2.80% across 23 published cases. NOT experimental data.",,generated,,,,,train,1.2513,1.1853,146.8480,39.1349,physics_generator,,39.1349,,,pencil,14.3632,22.7572,theta_cone_deg;theta_iterative_deg;rc_mm;Rc_mm,2.80,C >= 8,P in microperv; rw in mm; C dimensionless; angles in degrees,"SYNTHETIC - physics model output, not a measurement. Aperture-lens coefficient c=0.62."
SYN-00907,B_synthetic,project_physics_generator,"Generated by this project's implementation of the classical Pierce synthesis physics. Validated against Panahi et al. 2025 Table 2 over the C >= 8 envelope: MAE 0.85 deg, MRE 2.80% across 23 published cases. NOT experimental data.",,generated,,,,,train,2.4712,4.4797,8.1871,32.0862,physics_generator,,32.0862,,,pencil,12.8178,24.1301,theta_cone_deg;theta_iterative_deg;rc_mm;Rc_mm,2.80,C >= 8,P in microperv; rw in mm; C dimensionless; angles in degrees,"SYNTHETIC - physics model output, not a measurement. Aperture-lens coefficient c=0.62."
SYN-00908,B_synthetic,project_physics_generator,"Generated by this project's implementation of the classical Pierce synthesis physics. Validated against Panahi et al. 2025 Table 2 over the C >= 8 envelope: MAE 0.85 deg, MRE 2.80% across 23 published cases. NOT experimental data.",,generated,,,,,train,2.1492,0.7720,25.2815,40.4069,physics_generator,,40.4069,,,pencil,3.8818,5.9885,theta_cone_deg;theta_iterative_deg;rc_mm;Rc_mm,2.80,C >= 8,P in microperv; rw in mm; C dimensionless; angles in degrees,"SYNTHETIC - physics model output, not a measurement. Aperture-lens coefficient c=0.62."
SYN-00909,B_synthetic,project_physics_generator,"Generated by this project's implementation of the classical Pierce synthesis physics. Validated against Panahi et al. 2025 Table 2 over the C >= 8 envelope: MAE 0.85 deg, MRE 2.80% across 23 published cases. NOT experimental data.",,generated,,,,,train,1.7862,3.5625,56.5314,41.9941,physics_generator,,41.9941,,,pencil,26.7858,40.0353,theta_cone_deg;theta_iterative_deg;rc_mm;Rc_mm,2.80,C >= 8,P in microperv; rw in mm; C dimensionless; angles in degrees,"SYNTHETIC - physics model output, not a measurement. Aperture-lens coefficient c=0.62."
SYN-00910,B_synthetic,project_physics_generator,"Generated by this project's implementation of the classical Pierce synthesis physics. Validated against Panahi et al. 2025 Table 2 over the C >= 8 envelope: MAE 0.85 deg, MRE 2.80% across 23 published cases. NOT experimental data.",,generated,,,,,train,0.4334,1.9728,14.7097,15.7065,physics_generator,,15.7065,,,pencil,7.5663,27.9499,theta_cone_deg;theta_iterative_deg;rc_mm;Rc_mm,2.80,C >= 8,P in microperv; rw in mm; C dimensionless; angles in degrees,"SYNTHETIC - physics model output, not a measurement. Aperture-lens coefficient c=0.62."
SYN-00911,B_synthetic,project_physics_generator,"Generated by this project's implementation of the classical Pierce synthesis physics. Validated against Panahi et al. 2025 Table 2 over the C >= 8 envelope: MAE 0.85 deg, MRE 2.80% across 23 published cases. NOT experimental data.",,generated,,,,,train,3.6556,1.3340,18.0438,50.3013,physics_generator,,50.3013,,,pencil,5.6666,7.3648,theta_cone_deg;theta_iterative_deg;rc_mm;Rc_mm,2.80,C >= 8,P in microperv; rw in mm; C dimensionless; angles in degrees,"SYNTHETIC - physics model output, not a measurement. Aperture-lens coefficient c=0.62."
SYN-00912,B_synthetic,project_physics_generator,"Generated by this project's implementation of the classical Pierce synthesis physics. Validated against Panahi et al. 2025 Table 2 over the C >= 8 envelope: MAE 0.85 deg, MRE 2.80% across 23 published cases. NOT experimental data.",,generated,,,,,train,0.6252,4.0005,254.4746,28.5483,physics_generator,,28.5483,,,pencil,63.8173,133.5371,theta_cone_deg;theta_iterative_deg;rc_mm;Rc_mm,2.80,C >= 8,P in microperv; rw in mm; C dimensionless; angles in degrees,"SYNTHETIC - physics model output, not a measurement. Aperture-lens coefficient c=0.62."
SYN-00913,B_synthetic,project_physics_generator,"Generated by this project's implementation of the classical Pierce synthesis physics. Validated against Panahi et al. 2025 Table 2 over the C >= 8 envelope: MAE 0.85 deg, MRE 2.80% across 23 published cases. NOT experimental data.",,generated,,,,,train,1.9677,2.4108,30.9701,40.0455,physics_generator,,40.0455,,,pencil,13.4163,20.8523,theta_cone_deg;theta_iterative_deg;rc_mm;Rc_mm,2.80,C >= 8,P in microperv; rw in mm; C dimensionless; angles in degrees,"SYNTHETIC - physics model output, not a measurement. Aperture-lens coefficient c=0.62."
SYN-00914,B_synthetic,project_physics_generator,"Generated by this project's implementation of the classical Pierce synthesis physics. Validated against Panahi et al. 2025 Table 2 over the C >= 8 envelope: MAE 0.85 deg, MRE 2.80% across 23 published cases. NOT experimental data.",,generated,,,,,train,2.3359,3.2365,68.9868,50.4497,physics_generator,,50.4497,,,pencil,26.8818,34.8632,theta_cone_deg;theta_iterative_deg;rc_mm;Rc_mm,2.80,C >= 8,P in microperv; rw in mm; C dimensionless; angles in degrees,"SYNTHETIC - physics model output, not a measurement. Aperture-lens coefficient c=0.62."
SYN-00915,B_synthetic,project_physics_generator,"Generated by this project's implementation of the classical Pierce synthesis physics. Validated against Panahi et al. 2025 Table 2 over the C >= 8 envelope: MAE 0.85 deg, MRE 2.80% across 23 published cases. NOT experimental data.",,generated,,,,,train,2.6514,1.5152,189.8778,63.3705,physics_generator,,63.3705,,,pencil,20.8789,23.3565,theta_cone_deg;theta_iterative_deg;rc_mm;Rc_mm,2.80,C >= 8,P in microperv; rw in mm; C dimensionless; angles in degrees,"SYNTHETIC - physics model output, not a measurement. Aperture-lens coefficient c=0.62."
SYN-00916,B_synthetic,project_physics_generator,"Generated by this project's implementation of the classical Pierce synthesis physics. Validated against Panahi et al. 2025 Table 2 over the C >= 8 envelope: MAE 0.85 deg, MRE 2.80% across 23 published cases. NOT experimental data.",,generated,,,,,train,1.4400,2.8370,10.6219,26.5350,physics_generator,,26.5350,,,pencil,9.2461,20.6966,theta_cone_deg;theta_iterative_deg;rc_mm;Rc_mm,2.80,C >= 8,P in microperv; rw in mm; C dimensionless; angles in degrees,"SYNTHETIC - physics model output, not a measurement. Aperture-lens coefficient c=0.62."
SYN-00917,B_synthetic,project_physics_generator,"Generated by this project's implementation of the classical Pierce synthesis physics. Validated against Panahi et al. 2025 Table 2 over the C >= 8 envelope: MAE 0.85 deg, MRE 2.80% across 23 published cases. NOT experimental data.",,generated,,,,,train,0.9405,0.7473,124.2579,32.8746,physics_generator,,32.8746,,,pencil,8.3302,15.3466,theta_cone_deg;theta_iterative_deg;rc_mm;Rc_mm,2.80,C >= 8,P in microperv; rw in mm; C dimensionless; angles in degrees,"SYNTHETIC - physics model output, not a measurement. Aperture-lens coefficient c=0.62."
SYN-00918,B_synthetic,project_physics_generator,"Generated by this project's implementation of the classical Pierce synthesis physics. Validated against Panahi et al. 2025 Table 2 over the C >= 8 envelope: MAE 0.85 deg, MRE 2.80% across 23 published cases. NOT experimental data.",,generated,,,,,train,3.1273,3.9177,43.9283,55.6022,physics_generator,,55.6022,,,pencil,25.9660,31.4688,theta_cone_deg;theta_iterative_deg;rc_mm;Rc_mm,2.80,C >= 8,P in microperv; rw in mm; C dimensionless; angles in degrees,"SYNTHETIC - physics model output, not a measurement. Aperture-lens coefficient c=0.62."
SYN-00919,B_synthetic,project_physics_generator,"Generated by this project's implementation of the classical Pierce synthesis physics. Validated against Panahi et al. 2025 Table 2 over the C >= 8 envelope: MAE 0.85 deg, MRE 2.80% across 23 published cases. NOT experimental data.",,generated,,,,,train,1.1189,3.8271,17.7704,26.5964,physics_generator,,26.5964,,,pencil,16.1330,36.0351,theta_cone_deg;theta_iterative_deg;rc_mm;Rc_mm,2.80,C >= 8,P in microperv; rw in mm; C dimensionless; angles in degrees,"SYNTHETIC - physics model output, not a measurement. Aperture-lens coefficient c=0.62."
SYN-00920,B_synthetic,project_physics_generator,"Generated by this project's implementation of the classical Pierce synthesis physics. Validated against Panahi et al. 2025 Table 2 over the C >= 8 envelope: MAE 0.85 deg, MRE 2.80% across 23 published cases. NOT experimental data.",,generated,,,,,train,1.4724,1.7293,74.2110,39.2646,physics_generator,,39.2646,,,pencil,14.8969,23.5375,theta_cone_deg;theta_iterative_deg;rc_mm;Rc_mm,2.80,C >= 8,P in microperv; rw in mm; C dimensionless; angles in degrees,"SYNTHETIC - physics model output, not a measurement. Aperture-lens coefficient c=0.62."
SYN-00921,B_synthetic,project_physics_generator,"Generated by this project's implementation of the classical Pierce synthesis physics. Validated against Panahi et al. 2025 Table 2 over the C >= 8 envelope: MAE 0.85 deg, MRE 2.80% across 23 published cases. NOT experimental data.",,generated,,,,,train,2.8051,2.9338,26.4545,47.2578,physics_generator,,47.2578,,,pencil,15.0899,20.5468,theta_cone_deg;theta_iterative_deg;rc_mm;Rc_mm,2.80,C >= 8,P in microperv; rw in mm; C dimensionless; angles in degrees,"SYNTHETIC - physics model output, not a measurement. Aperture-lens coefficient c=0.62."
SYN-00922,B_synthetic,project_physics_generator,"Generated by this project's implementation of the classical Pierce synthesis physics. Validated against Panahi et al. 2025 Table 2 over the C >= 8 envelope: MAE 0.85 deg, MRE 2.80% across 23 published cases. NOT experimental data.",,generated,,,,,train,2.2768,2.3144,12.1041,34.9816,physics_generator,,34.9816,,,pencil,8.0522,14.0449,theta_cone_deg;theta_iterative_deg;rc_mm;Rc_mm,2.80,C >= 8,P in microperv; rw in mm; C dimensionless; angles in degrees,"SYNTHETIC - physics model output, not a measurement. Aperture-lens coefficient c=0.62."
SYN-00923,B_synthetic,project_physics_generator,"Generated by this project's implementation of the classical Pierce synthesis physics. Validated against Panahi et al. 2025 Table 2 over the C >= 8 envelope: MAE 0.85 deg, MRE 2.80% across 23 published cases. NOT experimental data.",,generated,,,,,train,1.7876,3.0229,171.8168,48.8333,physics_generator,,48.8333,,,pencil,39.6242,52.6359,theta_cone_deg;theta_iterative_deg;rc_mm;Rc_mm,2.80,C >= 8,P in microperv; rw in mm; C dimensionless; angles in degrees,"SYNTHETIC - physics model output, not a measurement. Aperture-lens coefficient c=0.62."
SYN-00924,B_synthetic,project_physics_generator,"Generated by this project's implementation of the classical Pierce synthesis physics. Validated against Panahi et al. 2025 Table 2 over the C >= 8 envelope: MAE 0.85 deg, MRE 2.80% across 23 published cases. NOT experimental data.",,generated,,,,,train,0.5913,1.4251,45.8284,22.6690,physics_generator,,22.6690,,,pencil,9.6477,25.0326,theta_cone_deg;theta_iterative_deg;rc_mm;Rc_mm,2.80,C >= 8,P in microperv; rw in mm; C dimensionless; angles in degrees,"SYNTHETIC - physics model output, not a measurement. Aperture-lens coefficient c=0.62."
SYN-00925,B_synthetic,project_physics_generator,"Generated by this project's implementation of the classical Pierce synthesis physics. Validated against Panahi et al. 2025 Table 2 over the C >= 8 envelope: MAE 0.85 deg, MRE 2.80% across 23 published cases. NOT experimental data.",,generated,,,,,train,3.5035,4.2244,102.9427,69.8907,physics_generator,,69.8907,,,pencil,42.8614,45.6439,theta_cone_deg;theta_iterative_deg;rc_mm;Rc_mm,2.80,C >= 8,P in microperv; rw in mm; C dimensionless; angles in degrees,"SYNTHETIC - physics model output, not a measurement. Aperture-lens coefficient c=0.62."
SYN-00926,B_synthetic,project_physics_generator,"Generated by this project's implementation of the classical Pierce synthesis physics. Validated against Panahi et al. 2025 Table 2 over the C >= 8 envelope: MAE 0.85 deg, MRE 2.80% across 23 published cases. NOT experimental data.",,generated,,,,,train,3.3183,1.7514,37.4340,55.8850,physics_generator,,55.8850,,,pencil,10.7157,12.9430,theta_cone_deg;theta_iterative_deg;rc_mm;Rc_mm,2.80,C >= 8,P in microperv; rw in mm; C dimensionless; angles in degrees,"SYNTHETIC - physics model output, not a measurement. Aperture-lens coefficient c=0.62."
SYN-00927,B_synthetic,project_physics_generator,"Generated by this project's implementation of the classical Pierce synthesis physics. Validated against Panahi et al. 2025 Table 2 over the C >= 8 envelope: MAE 0.85 deg, MRE 2.80% across 23 published cases. NOT experimental data.",,generated,,,,,train,0.4009,2.5859,84.3710,20.1414,physics_generator,,20.1414,,,pencil,23.7524,68.9799,theta_cone_deg;theta_iterative_deg;rc_mm;Rc_mm,2.80,C >= 8,P in microperv; rw in mm; C dimensionless; angles in degrees,"SYNTHETIC - physics model output, not a measurement. Aperture-lens coefficient c=0.62."
SYN-00928,B_synthetic,project_physics_generator,"Generated by this project's implementation of the classical Pierce synthesis physics. Validated against Panahi et al. 2025 Table 2 over the C >= 8 envelope: MAE 0.85 deg, MRE 2.80% across 23 published cases. NOT experimental data.",,generated,,,,,train,1.6076,0.9881,9.8647,27.4397,physics_generator,,27.4397,,,pencil,3.1036,6.7350,theta_cone_deg;theta_iterative_deg;rc_mm;Rc_mm,2.80,C >= 8,P in microperv; rw in mm; C dimensionless; angles in degrees,"SYNTHETIC - physics model output, not a measurement. Aperture-lens coefficient c=0.62."
SYN-00929,B_synthetic,project_physics_generator,"Generated by this project's implementation of the classical Pierce synthesis physics. Validated against Panahi et al. 2025 Table 2 over the C >= 8 envelope: MAE 0.85 deg, MRE 2.80% across 23 published cases. NOT experimental data.",,generated,,,,,train,2.0888,3.6615,140.5030,52.2375,physics_generator,,52.2375,,,pencil,43.4011,54.8995,theta_cone_deg;theta_iterative_deg;rc_mm;Rc_mm,2.80,C >= 8,P in microperv; rw in mm; C dimensionless; angles in degrees,"SYNTHETIC - physics model output, not a measurement. Aperture-lens coefficient c=0.62."
SYN-00930,B_synthetic,project_physics_generator,"Generated by this project's implementation of the classical Pierce synthesis physics. Validated against Panahi et al. 2025 Table 2 over the C >= 8 envelope: MAE 0.85 deg, MRE 2.80% across 23 published cases. NOT experimental data.",,generated,,,,,train,2.6230,1.0868,57.2999,52.4403,physics_generator,,52.4403,,,pencil,8.2267,10.3779,theta_cone_deg;theta_iterative_deg;rc_mm;Rc_mm,2.80,C >= 8,P in microperv; rw in mm; C dimensionless; angles in degrees,"SYNTHETIC - physics model output, not a measurement. Aperture-lens coefficient c=0.62."
SYN-00931,B_synthetic,project_physics_generator,"Generated by this project's implementation of the classical Pierce synthesis physics. Validated against Panahi et al. 2025 Table 2 over the C >= 8 envelope: MAE 0.85 deg, MRE 2.80% across 23 published cases. NOT experimental data.",,generated,,,,,train,1.2854,4.2641,20.3481,29.4223,physics_generator,,29.4223,,,pencil,19.2347,39.1552,theta_cone_deg;theta_iterative_deg;rc_mm;Rc_mm,2.80,C >= 8,P in microperv; rw in mm; C dimensionless; angles in degrees,"SYNTHETIC - physics model output, not a measurement. Aperture-lens coefficient c=0.62."
SYN-00932,B_synthetic,project_physics_generator,"Generated by this project's implementation of the classical Pierce synthesis physics. Validated against Panahi et al. 2025 Table 2 over the C >= 8 envelope: MAE 0.85 deg, MRE 2.80% across 23 published cases. NOT experimental data.",,generated,,,,,train,0.9357,2.1663,244.2254,35.2677,physics_generator,,35.2677,,,pencil,33.8542,58.6324,theta_cone_deg;theta_iterative_deg;rc_mm;Rc_mm,2.80,C >= 8,P in microperv; rw in mm; C dimensionless; angles in degrees,"SYNTHETIC - physics model output, not a measurement. Aperture-lens coefficient c=0.62."
SYN-00933,B_synthetic,project_physics_generator,"Generated by this project's implementation of the classical Pierce synthesis physics. Validated against Panahi et al. 2025 Table 2 over the C >= 8 envelope: MAE 0.85 deg, MRE 2.80% across 23 published cases. NOT experimental data.",,generated,,,,,train,2.9963,3.4969,13.6993,41.9237,physics_generator,,41.9237,,,pencil,12.9428,19.3715,theta_cone_deg;theta_iterative_deg;rc_mm;Rc_mm,2.80,C >= 8,P in microperv; rw in mm; C dimensionless; angles in degrees,"SYNTHETIC - physics model output, not a measurement. Aperture-lens coefficient c=0.62."
SYN-00934,B_synthetic,project_physics_generator,"Generated by this project's implementation of the classical Pierce synthesis physics. Validated against Panahi et al. 2025 Table 2 over the C >= 8 envelope: MAE 0.85 deg, MRE 2.80% across 23 published cases. NOT experimental data.",,generated,,,,,train,2.9688,1.9551,223.4258,70.4156,physics_generator,,70.4156,,,pencil,29.2230,31.0175,theta_cone_deg;theta_iterative_deg;rc_mm;Rc_mm,2.80,C >= 8,P in microperv; rw in mm; C dimensionless; angles in degrees,"SYNTHETIC - physics model output, not a measurement. Aperture-lens coefficient c=0.62."
SYN-00935,B_synthetic,project_physics_generator,"Generated by this project's implementation of the classical Pierce synthesis physics. Validated against Panahi et al. 2025 Table 2 over the C >= 8 envelope: MAE 0.85 deg, MRE 2.80% across 23 published cases. NOT experimental data.",,generated,,,,,train,0.8866,2.6323,15.8569,22.9982,physics_generator,,22.9982,,,pencil,10.4820,26.8287,theta_cone_deg;theta_iterative_deg;rc_mm;Rc_mm,2.80,C >= 8,P in microperv; rw in mm; C dimensionless; angles in degrees,"SYNTHETIC - physics model output, not a measurement. Aperture-lens coefficient c=0.62."
SYN-00936,B_synthetic,project_physics_generator,"Generated by this project's implementation of the classical Pierce synthesis physics. Validated against Panahi et al. 2025 Table 2 over the C >= 8 envelope: MAE 0.85 deg, MRE 2.80% across 23 published cases. NOT experimental data.",,generated,,,,,train,1.2799,0.7845,52.4900,34.6356,physics_generator,,34.6356,,,pencil,5.6837,10.0002,theta_cone_deg;theta_iterative_deg;rc_mm;Rc_mm,2.80,C >= 8,P in microperv; rw in mm; C dimensionless; angles in degrees,"SYNTHETIC - physics model output, not a measurement. Aperture-lens coefficient c=0.62."
SYN-00937,B_synthetic,project_physics_generator,"Generated by this project's implementation of the classical Pierce synthesis physics. Validated against Panahi et al. 2025 Table 2 over the C >= 8 envelope: MAE 0.85 deg, MRE 2.80% across 23 published cases. NOT experimental data.",,generated,,,,,train,2.5992,3.6151,23.5425,44.1926,physics_generator,,44.1926,,,pencil,17.5406,25.1632,theta_cone_deg;theta_iterative_deg;rc_mm;Rc_mm,2.80,C >= 8,P in microperv; rw in mm; C dimensionless; angles in degrees,"SYNTHETIC - physics model output, not a measurement. Aperture-lens coefficient c=0.62."
SYN-00938,B_synthetic,project_physics_generator,"Generated by this project's implementation of the classical Pierce synthesis physics. Validated against Panahi et al. 2025 Table 2 over the C >= 8 envelope: MAE 0.85 deg, MRE 2.80% across 23 published cases. NOT experimental data.",,generated,,,,,train,2.0711,1.1332,8.5535,29.7711,physics_generator,,29.7711,,,pencil,3.3143,6.6748,theta_cone_deg;theta_iterative_deg;rc_mm;Rc_mm,2.80,C >= 8,P in microperv; rw in mm; C dimensionless; angles in degrees,"SYNTHETIC - physics model output, not a measurement. Aperture-lens coefficient c=0.62."
SYN-00939,B_synthetic,project_physics_generator,"Generated by this project's implementation of the classical Pierce synthesis physics. Validated against Panahi et al. 2025 Table 2 over the C >= 8 envelope: MAE 0.85 deg, MRE 2.80% across 23 published cases. NOT experimental data.",,generated,,,,,train,1.5949,4.4677,153.0436,45.0683,physics_generator,,45.0683,,,pencil,55.2703,78.0711,theta_cone_deg;theta_iterative_deg;rc_mm;Rc_mm,2.80,C >= 8,P in microperv; rw in mm; C dimensionless; angles in degrees,"SYNTHETIC - physics model output, not a measurement. Aperture-lens coefficient c=0.62."
SYN-00940,B_synthetic,project_physics_generator,"Generated by this project's implementation of the classical Pierce synthesis physics. Validated against Panahi et al. 2025 Table 2 over the C >= 8 envelope: MAE 0.85 deg, MRE 2.80% across 23 published cases. NOT experimental data.",,generated,,,,,train,0.3587,2.1199,32.4742,16.6577,physics_generator,,16.6577,,,pencil,12.0803,42.1426,theta_cone_deg;theta_iterative_deg;rc_mm;Rc_mm,2.80,C >= 8,P in microperv; rw in mm; C dimensionless; angles in degrees,"SYNTHETIC - physics model output, not a measurement. Aperture-lens coefficient c=0.62."
SYN-00941,B_synthetic,project_physics_generator,"Generated by this project's implementation of the classical Pierce synthesis physics. Validated against Panahi et al. 2025 Table 2 over the C >= 8 envelope: MAE 0.85 deg, MRE 2.80% across 23 published cases. NOT experimental data.",,generated,,,,,train,3.2844,3.2932,91.7737,65.4304,physics_generator,,65.4304,,,pencil,31.5487,34.6896,theta_cone_deg;theta_iterative_deg;rc_mm;Rc_mm,2.80,C >= 8,P in microperv; rw in mm; C dimensionless; angles in degrees,"SYNTHETIC - physics model output, not a measurement. Aperture-lens coefficient c=0.62."
SYN-00942,B_synthetic,project_physics_generator,"Generated by this project's implementation of the classical Pierce synthesis physics. Validated against Panahi et al. 2025 Table 2 over the C >= 8 envelope: MAE 0.85 deg, MRE 2.80% across 23 published cases. NOT experimental data.",,generated,,,,,train,3.5241,0.6962,41.9898,59.3150,physics_generator,,59.3150,,,pencil,4.5113,5.2458,theta_cone_deg;theta_iterative_deg;rc_mm;Rc_mm,2.80,C >= 8,P in microperv; rw in mm; C dimensionless; angles in degrees,"SYNTHETIC - physics model output, not a measurement. Aperture-lens coefficient c=0.62."
SYN-00943,B_synthetic,project_physics_generator,"Generated by this project's implementation of the classical Pierce synthesis physics. Validated against Panahi et al. 2025 Table 2 over the C >= 8 envelope: MAE 0.85 deg, MRE 2.80% across 23 published cases. NOT experimental data.",,generated,,,,,train,0.5936,3.9047,119.0666,25.6703,physics_generator,,25.6703,,,pencil,42.6069,98.3556,theta_cone_deg;theta_iterative_deg;rc_mm;Rc_mm,2.80,C >= 8,P in microperv; rw in mm; C dimensionless; angles in degrees,"SYNTHETIC - physics model output, not a measurement. Aperture-lens coefficient c=0.62."
SYN-00944,B_synthetic,project_physics_generator,"Generated by this project's implementation of the classical Pierce synthesis physics. Validated against Panahi et al. 2025 Table 2 over the C >= 8 envelope: MAE 0.85 deg, MRE 2.80% across 23 published cases. NOT experimental data.",,generated,,,,,train,1.8402,1.5569,11.0748,30.4968,physics_generator,,30.4968,,,pencil,5.1813,10.2096,theta_cone_deg;theta_iterative_deg;rc_mm;Rc_mm,2.80,C >= 8,P in microperv; rw in mm; C dimensionless; angles in degrees,"SYNTHETIC - physics model output, not a measurement. Aperture-lens coefficient c=0.62."
SYN-00945,B_synthetic,project_physics_generator,"Generated by this project's implementation of the classical Pierce synthesis physics. Validated against Panahi et al. 2025 Table 2 over the C >= 8 envelope: MAE 0.85 deg, MRE 2.80% across 23 published cases. NOT experimental data.",,generated,,,,,train,2.3078,2.8562,198.8265,58.1754,physics_generator,,58.1754,,,pencil,40.2746,47.4005,theta_cone_deg;theta_iterative_deg;rc_mm;Rc_mm,2.80,C >= 8,P in microperv; rw in mm; C dimensionless; angles in degrees,"SYNTHETIC - physics model output, not a measurement. Aperture-lens coefficient c=0.62."
SYN-00946,B_synthetic,project_physics_generator,"Generated by this project's implementation of the classical Pierce synthesis physics. Validated against Panahi et al. 2025 Table 2 over the C >= 8 envelope: MAE 0.85 deg, MRE 2.80% across 23 published cases. NOT experimental data.",,generated,,,,,train,2.8422,2.3920,64.3875,56.1277,physics_generator,,56.1277,,,pencil,19.1942,23.1177,theta_cone_deg;theta_iterative_deg;rc_mm;Rc_mm,2.80,C >= 8,P in microperv; rw in mm; C dimensionless; angles in degrees,"SYNTHETIC - physics model output, not a measurement. Aperture-lens coefficient c=0.62."
SYN-00947,B_synthetic,project_physics_generator,"Generated by this project's implementation of the classical Pierce synthesis physics. Validated against Panahi et al. 2025 Table 2 over the C >= 8 envelope: MAE 0.85 deg, MRE 2.80% across 23 published cases. NOT experimental data.",,generated,,,,,train,1.5177,3.1953,28.7683,34.3556,physics_generator,,34.3556,,,pencil,17.1381,30.3691,theta_cone_deg;theta_iterative_deg;rc_mm;Rc_mm,2.80,C >= 8,P in microperv; rw in mm; C dimensionless; angles in degrees,"SYNTHETIC - physics model output, not a measurement. Aperture-lens coefficient c=0.62."
SYN-00948,B_synthetic,project_physics_generator,"Generated by this project's implementation of the classical Pierce synthesis physics. Validated against Panahi et al. 2025 Table 2 over the C >= 8 envelope: MAE 0.85 deg, MRE 2.80% across 23 published cases. NOT experimental data.",,generated,,,,,train,1.1282,1.3475,273.6976,39.5362,physics_generator,,39.5362,,,pencil,22.2933,35.0212,theta_cone_deg;theta_iterative_deg;rc_mm;Rc_mm,2.80,C >= 8,P in microperv; rw in mm; C dimensionless; angles in degrees,"SYNTHETIC - physics model output, not a measurement. Aperture-lens coefficient c=0.62."
SYN-00949,B_synthetic,project_physics_generator,"Generated by this project's implementation of the classical Pierce synthesis physics. Validated against Panahi et al. 2025 Table 2 over the C >= 8 envelope: MAE 0.85 deg, MRE 2.80% across 23 published cases. NOT experimental data.",,generated,,,,,train,3.2023,4.0521,19.3506,47.4927,physics_generator,,47.4927,,,pencil,17.8249,24.1795,theta_cone_deg;theta_iterative_deg;rc_mm;Rc_mm,2.80,C >= 8,P in microperv; rw in mm; C dimensionless; angles in degrees,"SYNTHETIC - physics model output, not a measurement. Aperture-lens coefficient c=0.62."
SYN-00950,B_synthetic,project_physics_generator,"Generated by this project's implementation of the classical Pierce synthesis physics. Validated against Panahi et al. 2025 Table 2 over the C >= 8 envelope: MAE 0.85 deg, MRE 2.80% across 23 published cases. NOT experimental data.",,generated,,,,,train,3.1566,1.3814,107.7444,65.4333,physics_generator,,65.4333,,,pencil,14.3388,15.7660,theta_cone_deg;theta_iterative_deg;rc_mm;Rc_mm,2.80,C >= 8,P in microperv; rw in mm; C dimensionless; angles in degrees,"SYNTHETIC - physics model output, not a measurement. Aperture-lens coefficient c=0.62."
SYN-00951,B_synthetic,project_physics_generator,"Generated by this project's implementation of the classical Pierce synthesis physics. Validated against Panahi et al. 2025 Table 2 over the C >= 8 envelope: MAE 0.85 deg, MRE 2.80% across 23 published cases. NOT experimental data.",,generated,,,,,train,0.9881,4.2032,47.8478,29.7836,physics_generator,,29.7836,,,pencil,29.0743,58.5319,theta_cone_deg;theta_iterative_deg;rc_mm;Rc_mm,2.80,C >= 8,P in microperv; rw in mm; C dimensionless; angles in degrees,"SYNTHETIC - physics model output, not a measurement. Aperture-lens coefficient c=0.62."
SYN-00952,B_synthetic,project_physics_generator,"Generated by this project's implementation of the classical Pierce synthesis physics. Validated against Panahi et al. 2025 Table 2 over the C >= 8 envelope: MAE 0.85 deg, MRE 2.80% across 23 published cases. NOT experimental data.",,generated,,,,,train,1.4440,2.3634,164.7154,42.9624,physics_generator,,42.9624,,,pencil,30.3324,44.5070,theta_cone_deg;theta_iterative_deg;rc_mm;Rc_mm,2.80,C >= 8,P in microperv; rw in mm; C dimensionless; angles in degrees,"SYNTHETIC - physics model output, not a measurement. Aperture-lens coefficient c=0.62."
SYN-00953,B_synthetic,project_physics_generator,"Generated by this project's implementation of the classical Pierce synthesis physics. Validated against Panahi et al. 2025 Table 2 over the C >= 8 envelope: MAE 0.85 deg, MRE 2.80% across 23 published cases. NOT experimental data.",,generated,,,,,train,2.6770,3.0338,11.5542,37.5890,physics_generator,,37.5890,,,pencil,10.3124,16.9058,theta_cone_deg;theta_iterative_deg;rc_mm;Rc_mm,2.80,C >= 8,P in microperv; rw in mm; C dimensionless; angles in degrees,"SYNTHETIC - physics model output, not a measurement. Aperture-lens coefficient c=0.62."
SYN-00954,B_synthetic,project_physics_generator,"Generated by this project's implementation of the classical Pierce synthesis physics. Validated against Panahi et al. 2025 Table 2 over the C >= 8 envelope: MAE 0.85 deg, MRE 2.80% across 23 published cases. NOT experimental data.",,generated,,,,,train,2.3552,1.7179,28.3317,43.4580,physics_generator,,43.4580,,,pencil,9.1438,13.2938,theta_cone_deg;theta_iterative_deg;rc_mm;Rc_mm,2.80,C >= 8,P in microperv; rw in mm; C dimensionless; angles in degrees,"SYNTHETIC - physics model output, not a measurement. Aperture-lens coefficient c=0.62."
SYN-00955,B_synthetic,project_physics_generator,"Generated by this project's implementation of the classical Pierce synthesis physics. Validated against Panahi et al. 2025 Table 2 over the C >= 8 envelope: MAE 0.85 deg, MRE 2.80% across 23 published cases. NOT experimental data.",,generated,,,,,train,1.9786,2.8844,79.8541,46.8216,physics_generator,,46.8216,,,pencil,25.7752,35.3460,theta_cone_deg;theta_iterative_deg;rc_mm;Rc_mm,2.80,C >= 8,P in microperv; rw in mm; C dimensionless; angles in degrees,"SYNTHETIC - physics model output, not a measurement. Aperture-lens coefficient c=0.62."
SYN-00956,B_synthetic,project_physics_generator,"Generated by this project's implementation of the classical Pierce synthesis physics. Validated against Panahi et al. 2025 Table 2 over the C >= 8 envelope: MAE 0.85 deg, MRE 2.80% across 23 published cases. NOT experimental data.",,generated,,,,,train,0.6657,0.5446,16.5297,20.0568,physics_generator,,20.0568,,,pencil,2.2143,6.4566,theta_cone_deg;theta_iterative_deg;rc_mm;Rc_mm,2.80,C >= 8,P in microperv; rw in mm; C dimensionless; angles in degrees,"SYNTHETIC - physics model output, not a measurement. Aperture-lens coefficient c=0.62."
SYN-00957,B_synthetic,project_physics_generator,"Generated by this project's implementation of the classical Pierce synthesis physics. Validated against Panahi et al. 2025 Table 2 over the C >= 8 envelope: MAE 0.85 deg, MRE 2.80% across 23 published cases. NOT experimental data.",,generated,,,,,train,3.4496,2.1558,12.7629,44.3552,physics_generator,,44.3552,,,pencil,7.7018,11.0166,theta_cone_deg;theta_iterative_deg;rc_mm;Rc_mm,2.80,C >= 8,P in microperv; rw in mm; C dimensionless; angles in degrees,"SYNTHETIC - physics model output, not a measurement. Aperture-lens coefficient c=0.62."
SYN-00958,B_synthetic,project_physics_generator,"Generated by this project's implementation of the classical Pierce synthesis physics. Validated against Panahi et al. 2025 Table 2 over the C >= 8 envelope: MAE 0.85 deg, MRE 2.80% across 23 published cases. NOT experimental data.",,generated,,,,,train,0.4328,3.4464,226.4559,23.2971,physics_generator,,23.2971,,,pencil,51.8623,131.1312,theta_cone_deg;theta_iterative_deg;rc_mm;Rc_mm,2.80,C >= 8,P in microperv; rw in mm; C dimensionless; angles in degrees,"SYNTHETIC - physics model output, not a measurement. Aperture-lens coefficient c=0.62."
SYN-00959,B_synthetic,project_physics_generator,"Generated by this project's implementation of the classical Pierce synthesis physics. Validated against Panahi et al. 2025 Table 2 over the C >= 8 envelope: MAE 0.85 deg, MRE 2.80% across 23 published cases. NOT experimental data.",,generated,,,,,train,1.7354,1.1067,21.9248,34.9901,physics_generator,,34.9901,,,pencil,5.1819,9.0367,theta_cone_deg;theta_iterative_deg;rc_mm;Rc_mm,2.80,C >= 8,P in microperv; rw in mm; C dimensionless; angles in degrees,"SYNTHETIC - physics model output, not a measurement. Aperture-lens coefficient c=0.62."
SYN-00960,B_synthetic,project_physics_generator,"Generated by this project's implementation of the classical Pierce synthesis physics. Validated against Panahi et al. 2025 Table 2 over the C >= 8 envelope: MAE 0.85 deg, MRE 2.80% across 23 published cases. NOT experimental data.",,generated,,,,,train,2.1167,4.3083,61.5599,46.8165,physics_generator,,46.8165,,,pencil,33.8032,46.3588,theta_cone_deg;theta_iterative_deg;rc_mm;Rc_mm,2.80,C >= 8,P in microperv; rw in mm; C dimensionless; angles in degrees,"SYNTHETIC - physics model output, not a measurement. Aperture-lens coefficient c=0.62."
SYN-00961,B_synthetic,project_physics_generator,"Generated by this project's implementation of the classical Pierce synthesis physics. Validated against Panahi et al. 2025 Table 2 over the C >= 8 envelope: MAE 0.85 deg, MRE 2.80% across 23 published cases. NOT experimental data.",,generated,,,,,train,2.4324,0.9434,134.5441,57.0430,physics_generator,,57.0430,,,pencil,10.9426,13.0412,theta_cone_deg;theta_iterative_deg;rc_mm;Rc_mm,2.80,C >= 8,P in microperv; rw in mm; C dimensionless; angles in degrees,"SYNTHETIC - physics model output, not a measurement. Aperture-lens coefficient c=0.62."
SYN-00962,B_synthetic,project_physics_generator,"Generated by this project's implementation of the classical Pierce synthesis physics. Validated against Panahi et al. 2025 Table 2 over the C >= 8 envelope: MAE 0.85 deg, MRE 2.80% across 23 published cases. NOT experimental data.",,generated,,,,,train,1.2075,3.6411,9.4697,23.3848,physics_generator,,23.3848,,,pencil,11.2048,28.2305,theta_cone_deg;theta_iterative_deg;rc_mm;Rc_mm,2.80,C >= 8,P in microperv; rw in mm; C dimensionless; angles in degrees,"SYNTHETIC - physics model output, not a measurement. Aperture-lens coefficient c=0.62."
SYN-00963,B_synthetic,project_physics_generator,"Generated by this project's implementation of the classical Pierce synthesis physics. Validated against Panahi et al. 2025 Table 2 over the C >= 8 envelope: MAE 0.85 deg, MRE 2.80% across 23 published cases. NOT experimental data.",,generated,,,,,train,0.7478,1.8014,87.8106,27.9386,physics_generator,,27.9386,,,pencil,16.8808,36.0297,theta_cone_deg;theta_iterative_deg;rc_mm;Rc_mm,2.80,C >= 8,P in microperv; rw in mm; C dimensionless; angles in degrees,"SYNTHETIC - physics model output, not a measurement. Aperture-lens coefficient c=0.62."
SYN-00964,B_synthetic,project_physics_generator,"Generated by this project's implementation of the classical Pierce synthesis physics. Validated against Panahi et al. 2025 Table 2 over the C >= 8 envelope: MAE 0.85 deg, MRE 2.80% across 23 published cases. NOT experimental data.",,generated,,,,,train,2.9215,2.5959,39.1274,52.2480,physics_generator,,52.2480,,,pencil,16.2376,20.5365,theta_cone_deg;theta_iterative_deg;rc_mm;Rc_mm,2.80,C >= 8,P in microperv; rw in mm; C dimensionless; angles in degrees,"SYNTHETIC - physics model output, not a measurement. Aperture-lens coefficient c=0.62."
SYN-00965,B_synthetic,project_physics_generator,"Generated by this project's implementation of the classical Pierce synthesis physics. Validated against Panahi et al. 2025 Table 2 over the C >= 8 envelope: MAE 0.85 deg, MRE 2.80% across 23 published cases. NOT experimental data.",,generated,,,,,train,2.9010,0.8519,10.0977,37.5961,physics_generator,,37.5961,,,pencil,2.7072,4.4374,theta_cone_deg;theta_iterative_deg;rc_mm;Rc_mm,2.80,C >= 8,P in microperv; rw in mm; C dimensionless; angles in degrees,"SYNTHETIC - physics model output, not a measurement. Aperture-lens coefficient c=0.62."
SYN-00966,B_synthetic,project_physics_generator,"Generated by this project's implementation of the classical Pierce synthesis physics. Validated against Panahi et al. 2025 Table 2 over the C >= 8 envelope: MAE 0.85 deg, MRE 2.80% across 23 published cases. NOT experimental data.",,generated,,,,,train,0.8187,3.5614,180.4899,31.8128,physics_generator,,31.8128,,,pencil,47.8463,90.7648,theta_cone_deg;theta_iterative_deg;rc_mm;Rc_mm,2.80,C >= 8,P in microperv; rw in mm; C dimensionless; angles in degrees,"SYNTHETIC - physics model output, not a measurement. Aperture-lens coefficient c=0.62."
SYN-00967,B_synthetic,project_physics_generator,"Generated by this project's implementation of the classical Pierce synthesis physics. Validated against Panahi et al. 2025 Table 2 over the C >= 8 envelope: MAE 0.85 deg, MRE 2.80% across 23 published cases. NOT experimental data.",,generated,,,,,train,1.1883,1.9012,43.6208,32.3685,physics_generator,,32.3685,,,pencil,12.5566,23.4543,theta_cone_deg;theta_iterative_deg;rc_mm;Rc_mm,2.80,C >= 8,P in microperv; rw in mm; C dimensionless; angles in degrees,"SYNTHETIC - physics model output, not a measurement. Aperture-lens coefficient c=0.62."
SYN-00968,B_synthetic,project_physics_generator,"Generated by this project's implementation of the classical Pierce synthesis physics. Validated against Panahi et al. 2025 Table 2 over the C >= 8 envelope: MAE 0.85 deg, MRE 2.80% across 23 published cases. NOT experimental data.",,generated,,,,,train,2.5078,2.6995,123.3995,57.4397,physics_generator,,57.4397,,,pencil,29.9875,35.5798,theta_cone_deg;theta_iterative_deg;rc_mm;Rc_mm,2.80,C >= 8,P in microperv; rw in mm; C dimensionless; angles in degrees,"SYNTHETIC - physics model output, not a measurement. Aperture-lens coefficient c=0.62."
SYN-00969,B_synthetic,project_physics_generator,"Generated by this project's implementation of the classical Pierce synthesis physics. Validated against Panahi et al. 2025 Table 2 over the C >= 8 envelope: MAE 0.85 deg, MRE 2.80% across 23 published cases. NOT experimental data.",,generated,,,,,train,2.1924,2.0488,267.6797,58.4596,physics_generator,,58.4596,,,pencil,33.5201,39.3303,theta_cone_deg;theta_iterative_deg;rc_mm;Rc_mm,2.80,C >= 8,P in microperv; rw in mm; C dimensionless; angles in degrees,"SYNTHETIC - physics model output, not a measurement. Aperture-lens coefficient c=0.62."
SYN-00970,B_synthetic,project_physics_generator,"Generated by this project's implementation of the classical Pierce synthesis physics. Validated against Panahi et al. 2025 Table 2 over the C >= 8 envelope: MAE 0.85 deg, MRE 2.80% across 23 published cases. NOT experimental data.",,generated,,,,,train,1.7165,3.3510,18.9827,33.7345,physics_generator,,33.7345,,,pencil,14.6001,26.2902,theta_cone_deg;theta_iterative_deg;rc_mm;Rc_mm,2.80,C >= 8,P in microperv; rw in mm; C dimensionless; angles in degrees,"SYNTHETIC - physics model output, not a measurement. Aperture-lens coefficient c=0.62."
SYN-00971,B_synthetic,project_physics_generator,"Generated by this project's implementation of the classical Pierce synthesis physics. Validated against Panahi et al. 2025 Table 2 over the C >= 8 envelope: MAE 0.85 deg, MRE 2.80% across 23 published cases. NOT experimental data.",,generated,,,,,train,0.5031,1.1908,69.4748,22.0883,physics_generator,,22.0883,,,pencil,9.9254,26.3949,theta_cone_deg;theta_iterative_deg;rc_mm;Rc_mm,2.80,C >= 8,P in microperv; rw in mm; C dimensionless; angles in degrees,"SYNTHETIC - physics model output, not a measurement. Aperture-lens coefficient c=0.62."
SYN-00972,B_synthetic,project_physics_generator,"Generated by this project's implementation of the classical Pierce synthesis physics. Validated against Panahi et al. 2025 Table 2 over the C >= 8 envelope: MAE 0.85 deg, MRE 2.80% across 23 published cases. NOT experimental data.",,generated,,,,,train,3.4286,4.3963,31.1850,54.9153,physics_generator,,54.9153,,,pencil,24.5507,30.0019,theta_cone_deg;theta_iterative_deg;rc_mm;Rc_mm,2.80,C >= 8,P in microperv; rw in mm; C dimensionless; angles in degrees,"SYNTHETIC - physics model output, not a measurement. Aperture-lens coefficient c=0.62."
SYN-00973,B_synthetic,project_physics_generator,"Generated by this project's implementation of the classical Pierce synthesis physics. Validated against Panahi et al. 2025 Table 2 over the C >= 8 envelope: MAE 0.85 deg, MRE 2.80% across 23 published cases. NOT experimental data.",,generated,,,,,train,3.6191,1.6108,53.7668,63.3147,physics_generator,,63.3147,,,pencil,11.8115,13.2195,theta_cone_deg;theta_iterative_deg;rc_mm;Rc_mm,2.80,C >= 8,P in microperv; rw in mm; C dimensionless; angles in degrees,"SYNTHETIC - physics model output, not a measurement. Aperture-lens coefficient c=0.62."
SYN-00974,B_synthetic,project_physics_generator,"Generated by this project's implementation of the classical Pierce synthesis physics. Validated against Panahi et al. 2025 Table 2 over the C >= 8 envelope: MAE 0.85 deg, MRE 2.80% across 23 published cases. NOT experimental data.",,generated,,,,,train,0.6884,2.7891,24.0420,22.0285,physics_generator,,22.0285,,,pencil,13.6755,36.4614,theta_cone_deg;theta_iterative_deg;rc_mm;Rc_mm,2.80,C >= 8,P in microperv; rw in mm; C dimensionless; angles in degrees,"SYNTHETIC - physics model output, not a measurement. Aperture-lens coefficient c=0.62."
SYN-00975,B_synthetic,project_physics_generator,"Generated by this project's implementation of the classical Pierce synthesis physics. Validated against Panahi et al. 2025 Table 2 over the C >= 8 envelope: MAE 0.85 deg, MRE 2.80% across 23 published cases. NOT experimental data.",,generated,,,,,train,1.9046,0.6287,206.6926,51.8666,physics_generator,,51.8666,,,pencil,9.0391,11.4917,theta_cone_deg;theta_iterative_deg;rc_mm;Rc_mm,2.80,C >= 8,P in microperv; rw in mm; C dimensionless; angles in degrees,"SYNTHETIC - physics model output, not a measurement. Aperture-lens coefficient c=0.62."
SYN-00976,B_synthetic,project_physics_generator,"Generated by this project's implementation of the classical Pierce synthesis physics. Validated against Panahi et al. 2025 Table 2 over the C >= 8 envelope: MAE 0.85 deg, MRE 2.80% across 23 published cases. NOT experimental data.",,generated,,,,,train,2.3725,3.9583,14.6018,37.6230,physics_generator,,37.6230,,,pencil,15.1257,24.7773,theta_cone_deg;theta_iterative_deg;rc_mm;Rc_mm,2.80,C >= 8,P in microperv; rw in mm; C dimensionless; angles in degrees,"SYNTHETIC - physics model output, not a measurement. Aperture-lens coefficient c=0.62."
SYN-00977,B_synthetic,project_physics_generator,"Generated by this project's implementation of the classical Pierce synthesis physics. Validated against Panahi et al. 2025 Table 2 over the C >= 8 envelope: MAE 0.85 deg, MRE 2.80% across 23 published cases. NOT experimental data.",,generated,,,,,train,2.6946,1.2899,35.5525,48.9638,physics_generator,,48.9638,,,pencil,7.6914,10.1969,theta_cone_deg;theta_iterative_deg;rc_mm;Rc_mm,2.80,C >= 8,P in microperv; rw in mm; C dimensionless; angles in degrees,"SYNTHETIC - physics model output, not a measurement. Aperture-lens coefficient c=0.62."
SYN-00978,B_synthetic,project_physics_generator,"Generated by this project's implementation of the classical Pierce synthesis physics. Validated against Panahi et al. 2025 Table 2 over the C >= 8 envelope: MAE 0.85 deg, MRE 2.80% across 23 published cases. NOT experimental data.",,generated,,,,,train,1.3703,4.1235,100.9154,39.3130,physics_generator,,39.3130,,,pencil,41.4229,65.3816,theta_cone_deg;theta_iterative_deg;rc_mm;Rc_mm,2.80,C >= 8,P in microperv; rw in mm; C dimensionless; angles in degrees,"SYNTHETIC - physics model output, not a measurement. Aperture-lens coefficient c=0.62."
SYN-00979,B_synthetic,project_physics_generator,"Generated by this project's implementation of the classical Pierce synthesis physics. Validated against Panahi et al. 2025 Table 2 over the C >= 8 envelope: MAE 0.85 deg, MRE 2.80% across 23 published cases. NOT experimental data.",,generated,,,,,train,1.0103,2.4631,8.2485,20.3561,physics_generator,,20.3561,,,pencil,7.0742,20.3368,theta_cone_deg;theta_iterative_deg;rc_mm;Rc_mm,2.80,C >= 8,P in microperv; rw in mm; C dimensionless; angles in degrees,"SYNTHETIC - physics model output, not a measurement. Aperture-lens coefficient c=0.62."
SYN-00980,B_synthetic,project_physics_generator,"Generated by this project's implementation of the classical Pierce synthesis physics. Validated against Panahi et al. 2025 Table 2 over the C >= 8 envelope: MAE 0.85 deg, MRE 2.80% across 23 published cases. NOT experimental data.",,generated,,,,,train,3.0841,3.1375,147.9361,67.8187,physics_generator,,67.8187,,,pencil,38.1608,41.2106,theta_cone_deg;theta_iterative_deg;rc_mm;Rc_mm,2.80,C >= 8,P in microperv; rw in mm; C dimensionless; angles in degrees,"SYNTHETIC - physics model output, not a measurement. Aperture-lens coefficient c=0.62."
SYN-00981,B_synthetic,project_physics_generator,"Generated by this project's implementation of the classical Pierce synthesis physics. Validated against Panahi et al. 2025 Table 2 over the C >= 8 envelope: MAE 0.85 deg, MRE 2.80% across 23 published cases. NOT experimental data.",,generated,,,,,train,3.2246,2.3116,21.0979,48.6551,physics_generator,,48.6551,,,pencil,10.6178,14.1430,theta_cone_deg;theta_iterative_deg;rc_mm;Rc_mm,2.80,C >= 8,P in microperv; rw in mm; C dimensionless; angles in degrees,"SYNTHETIC - physics model output, not a measurement. Aperture-lens coefficient c=0.62."
SYN-00982,B_synthetic,project_physics_generator,"Generated by this project's implementation of the classical Pierce synthesis physics. Validated against Panahi et al. 2025 Table 2 over the C >= 8 envelope: MAE 0.85 deg, MRE 2.80% across 23 published cases. NOT experimental data.",,generated,,,,,train,1.0559,3.1031,59.4185,31.8271,physics_generator,,31.8271,,,pencil,23.9197,45.3578,theta_cone_deg;theta_iterative_deg;rc_mm;Rc_mm,2.80,C >= 8,P in microperv; rw in mm; C dimensionless; angles in degrees,"SYNTHETIC - physics model output, not a measurement. Aperture-lens coefficient c=0.62."
SYN-00983,B_synthetic,project_physics_generator,"Generated by this project's implementation of the classical Pierce synthesis physics. Validated against Panahi et al. 2025 Table 2 over the C >= 8 envelope: MAE 0.85 deg, MRE 2.80% across 23 published cases. NOT experimental data.",,generated,,,,,train,1.5355,1.4509,13.9964,29.6109,physics_generator,,29.6109,,,pencil,5.4281,10.9857,theta_cone_deg;theta_iterative_deg;rc_mm;Rc_mm,2.80,C >= 8,P in microperv; rw in mm; C dimensionless; angles in degrees,"SYNTHETIC - physics model output, not a measurement. Aperture-lens coefficient c=0.62."
SYN-00984,B_synthetic,project_physics_generator,"Generated by this project's implementation of the classical Pierce synthesis physics. Validated against Panahi et al. 2025 Table 2 over the C >= 8 envelope: MAE 0.85 deg, MRE 2.80% across 23 published cases. NOT experimental data.",,generated,,,,,train,2.7686,4.1516,249.4909,67.9698,physics_generator,,67.9698,,,pencil,65.5755,70.7405,theta_cone_deg;theta_iterative_deg;rc_mm;Rc_mm,2.80,C >= 8,P in microperv; rw in mm; C dimensionless; angles in degrees,"SYNTHETIC - physics model output, not a measurement. Aperture-lens coefficient c=0.62."
SYN-00985,B_synthetic,project_physics_generator,"Generated by this project's implementation of the classical Pierce synthesis physics. Validated against Panahi et al. 2025 Table 2 over the C >= 8 envelope: MAE 0.85 deg, MRE 2.80% across 23 published cases. NOT experimental data.",,generated,,,,,train,2.2337,0.6001,81.3715,50.3811,physics_generator,,50.3811,,,pencil,5.4134,7.0277,theta_cone_deg;theta_iterative_deg;rc_mm;Rc_mm,2.80,C >= 8,P in microperv; rw in mm; C dimensionless; angles in degrees,"SYNTHETIC - physics model output, not a measurement. Aperture-lens coefficient c=0.62."
SYN-00986,B_synthetic,project_physics_generator,"Generated by this project's implementation of the classical Pierce synthesis physics. Validated against Panahi et al. 2025 Table 2 over the C >= 8 envelope: MAE 0.85 deg, MRE 2.80% across 23 published cases. NOT experimental data.",,generated,,,,,train,1.8574,3.7969,36.0994,39.8862,physics_generator,,39.8862,,,pencil,22.8127,35.5745,theta_cone_deg;theta_iterative_deg;rc_mm;Rc_mm,2.80,C >= 8,P in microperv; rw in mm; C dimensionless; angles in degrees,"SYNTHETIC - physics model output, not a measurement. Aperture-lens coefficient c=0.62."
SYN-00987,B_synthetic,project_physics_generator,"Generated by this project's implementation of the classical Pierce synthesis physics. Validated against Panahi et al. 2025 Table 2 over the C >= 8 envelope: MAE 0.85 deg, MRE 2.80% across 23 published cases. NOT experimental data.",,generated,,,,,train,0.5216,1.6447,137.5227,24.3878,physics_generator,,24.3878,,,pencil,19.2875,46.7111,theta_cone_deg;theta_iterative_deg;rc_mm;Rc_mm,2.80,C >= 8,P in microperv; rw in mm; C dimensionless; angles in degrees,"SYNTHETIC - physics model output, not a measurement. Aperture-lens coefficient c=0.62."
SYN-00988,B_synthetic,project_physics_generator,"Generated by this project's implementation of the classical Pierce synthesis physics. Validated against Panahi et al. 2025 Table 2 over the C >= 8 envelope: MAE 0.85 deg, MRE 2.80% across 23 published cases. NOT experimental data.",,generated,,,,,train,3.5467,2.9401,9.6565,41.2011,physics_generator,,41.2011,,,pencil,9.1364,13.8702,theta_cone_deg;theta_iterative_deg;rc_mm;Rc_mm,2.80,C >= 8,P in microperv; rw in mm; C dimensionless; angles in degrees,"SYNTHETIC - physics model output, not a measurement. Aperture-lens coefficient c=0.62."
SYN-00989,B_synthetic,project_physics_generator,"Generated by this project's implementation of the classical Pierce synthesis physics. Validated against Panahi et al. 2025 Table 2 over the C >= 8 envelope: MAE 0.85 deg, MRE 2.80% across 23 published cases. NOT experimental data.",,generated,,,,,train,0.3379,4.3599,12.5460,13.3169,physics_generator,,13.3169,,,pencil,15.4429,67.0449,theta_cone_deg;theta_iterative_deg;rc_mm;Rc_mm,2.80,C >= 8,P in microperv; rw in mm; C dimensionless; angles in degrees,"SYNTHETIC - physics model output, not a measurement. Aperture-lens coefficient c=0.62."
SYN-00990,B_synthetic,project_physics_generator,"Generated by this project's implementation of the classical Pierce synthesis physics. Validated against Panahi et al. 2025 Table 2 over the C >= 8 envelope: MAE 0.85 deg, MRE 2.80% across 23 published cases. NOT experimental data.",,generated,,,,,train,1.6708,2.2077,105.2211,44.1516,physics_generator,,44.1516,,,pencil,22.6455,32.5105,theta_cone_deg;theta_iterative_deg;rc_mm;Rc_mm,2.80,C >= 8,P in microperv; rw in mm; C dimensionless; angles in degrees,"SYNTHETIC - physics model output, not a measurement. Aperture-lens coefficient c=0.62."
SYN-00991,B_synthetic,project_physics_generator,"Generated by this project's implementation of the classical Pierce synthesis physics. Validated against Panahi et al. 2025 Table 2 over the C >= 8 envelope: MAE 0.85 deg, MRE 2.80% across 23 published cases. NOT experimental data.",,generated,,,,,train,2.0523,3.3771,46.8378,44.0446,physics_generator,,44.0446,,,pencil,23.1123,33.2446,theta_cone_deg;theta_iterative_deg;rc_mm;Rc_mm,2.80,C >= 8,P in microperv; rw in mm; C dimensionless; angles in degrees,"SYNTHETIC - physics model output, not a measurement. Aperture-lens coefficient c=0.62."
SYN-00992,B_synthetic,project_physics_generator,"Generated by this project's implementation of the classical Pierce synthesis physics. Validated against Panahi et al. 2025 Table 2 over the C >= 8 envelope: MAE 0.85 deg, MRE 2.80% across 23 published cases. NOT experimental data.",,generated,,,,,train,2.5799,1.8746,17.1466,40.9657,physics_generator,,40.9657,,,pencil,7.7625,11.8402,theta_cone_deg;theta_iterative_deg;rc_mm;Rc_mm,2.80,C >= 8,P in microperv; rw in mm; C dimensionless; angles in degrees,"SYNTHETIC - physics model output, not a measurement. Aperture-lens coefficient c=0.62."
SYN-00993,B_synthetic,project_physics_generator,"Generated by this project's implementation of the classical Pierce synthesis physics. Validated against Panahi et al. 2025 Table 2 over the C >= 8 envelope: MAE 0.85 deg, MRE 2.80% across 23 published cases. NOT experimental data.",,generated,,,,,train,1.3552,2.5402,304.4774,44.3273,physics_generator,,44.3273,,,pencil,44.3239,63.4325,theta_cone_deg;theta_iterative_deg;rc_mm;Rc_mm,2.80,C >= 8,P in microperv; rw in mm; C dimensionless; angles in degrees,"SYNTHETIC - physics model output, not a measurement. Aperture-lens coefficient c=0.62."
SYN-00994,B_synthetic,project_physics_generator,"Generated by this project's implementation of the classical Pierce synthesis physics. Validated against Panahi et al. 2025 Table 2 over the C >= 8 envelope: MAE 0.85 deg, MRE 2.80% across 23 published cases. NOT experimental data.",,generated,,,,,train,0.8660,0.8879,25.8814,25.1291,physics_generator,,25.1291,,,pencil,4.5170,10.6367,theta_cone_deg;theta_iterative_deg;rc_mm;Rc_mm,2.80,C >= 8,P in microperv; rw in mm; C dimensionless; angles in degrees,"SYNTHETIC - physics model output, not a measurement. Aperture-lens coefficient c=0.62."
SYN-00995,B_synthetic,project_physics_generator,"Generated by this project's implementation of the classical Pierce synthesis physics. Validated against Panahi et al. 2025 Table 2 over the C >= 8 envelope: MAE 0.85 deg, MRE 2.80% across 23 published cases. NOT experimental data.",,generated,,,,,train,3.0395,3.7146,72.6120,59.7305,physics_generator,,59.7305,,,pencil,31.6528,36.6494,theta_cone_deg;theta_iterative_deg;rc_mm;Rc_mm,2.80,C >= 8,P in microperv; rw in mm; C dimensionless; angles in degrees,"SYNTHETIC - physics model output, not a measurement. Aperture-lens coefficient c=0.62."
SYN-00996,B_synthetic,project_physics_generator,"Generated by this project's implementation of the classical Pierce synthesis physics. Validated against Panahi et al. 2025 Table 2 over the C >= 8 envelope: MAE 0.85 deg, MRE 2.80% across 23 published cases. NOT experimental data.",,generated,,,,,train,3.0425,1.0435,10.8962,39.5160,physics_generator,,39.5160,,,pencil,3.4444,5.4132,theta_cone_deg;theta_iterative_deg;rc_mm;Rc_mm,2.80,C >= 8,P in microperv; rw in mm; C dimensionless; angles in degrees,"SYNTHETIC - physics model output, not a measurement. Aperture-lens coefficient c=0.62."
SYN-00997,B_synthetic,project_physics_generator,"Generated by this project's implementation of the classical Pierce synthesis physics. Validated against Panahi et al. 2025 Table 2 over the C >= 8 envelope: MAE 0.85 deg, MRE 2.80% across 23 published cases. NOT experimental data.",,generated,,,,,train,0.8663,4.3701,193.5355,33.0313,physics_generator,,33.0313,,,pencil,60.7955,111.5315,theta_cone_deg;theta_iterative_deg;rc_mm;Rc_mm,2.80,C >= 8,P in microperv; rw in mm; C dimensionless; angles in degrees,"SYNTHETIC - physics model output, not a measurement. Aperture-lens coefficient c=0.62."
SYN-00998,B_synthetic,project_physics_generator,"Generated by this project's implementation of the classical Pierce synthesis physics. Validated against Panahi et al. 2025 Table 2 over the C >= 8 envelope: MAE 0.85 deg, MRE 2.80% across 23 published cases. NOT experimental data.",,generated,,,,,train,1.3530,2.2176,40.7162,34.3043,physics_generator,,34.3043,,,pencil,14.1504,25.1077,theta_cone_deg;theta_iterative_deg;rc_mm;Rc_mm,2.80,C >= 8,P in microperv; rw in mm; C dimensionless; angles in degrees,"SYNTHETIC - physics model output, not a measurement. Aperture-lens coefficient c=0.62."
SYN-00999,B_synthetic,project_physics_generator,"Generated by this project's implementation of the classical Pierce synthesis physics. Validated against Panahi et al. 2025 Table 2 over the C >= 8 envelope: MAE 0.85 deg, MRE 2.80% across 23 published cases. NOT experimental data.",,generated,,,,,train,2.5787,3.3831,114.2554,57.8077,physics_generator,,57.8077,,,pencil,36.1623,42.7317,theta_cone_deg;theta_iterative_deg;rc_mm;Rc_mm,2.80,C >= 8,P in microperv; rw in mm; C dimensionless; angles in degrees,"SYNTHETIC - physics model output, not a measurement. Aperture-lens coefficient c=0.62."
SYN-01000,B_synthetic,project_physics_generator,"Generated by this project's implementation of the classical Pierce synthesis physics. Validated against Panahi et al. 2025 Table 2 over the C >= 8 envelope: MAE 0.85 deg, MRE 2.80% across 23 published cases. NOT experimental data.",,generated,,,,,train,2.0509,1.8652,280.1380,56.3210,physics_generator,,56.3210,,,pencil,31.2179,37.5144,theta_cone_deg;theta_iterative_deg;rc_mm;Rc_mm,2.80,C >= 8,P in microperv; rw in mm; C dimensionless; angles in degrees,"SYNTHETIC - physics model output, not a measurement. Aperture-lens coefficient c=0.62."
